Average_Dwell_Time,Average_Flight_Time,Flight_Time_Std_Dev,Words_Per_Minute,Human_Like_Typing_Score,Label
55.392390506738266,8.705487983905934,7.292177802041063,118.19935705756492,0.36441877246735055,0.0
66.36621653873873,12.691118300342062,3.8250875661647576,159.1142566091907,0.47527379708200646,0.0
124.48695267921674,57.13334927647556,18.097768261751998,62.14128263906528,0.7620713858906798,1.0
58.08551124494471,10.070682348208718,7.680555377662369,142.66025811294193,0.2679699062241455,0.0
89.13176890163709,47.82370048655651,0.9083593543239523,65.95573134246143,0.7635233304350835,1.0
101.98949210129106,44.840772509339715,21.791003273586334,61.93881081832792,0.6715374955456993,1.0
97.24528176343064,43.16978711181297,17.296934783546117,76.54776118884368,0.791840387219267,1.0
62.151242476896826,5.708665204178663,4.9438606620108585,156.53093245043138,0.31953373317121014,0.0
51.25618590788226,19.103134723225807,7.273168167841845,128.46596206970284,0.368685894605375,0.0
79.8352739593026,45.231897391646186,12.07644301626258,63.41892700693887,0.8362009298352314,1.0
121.93992655575741,32.272525577843034,17.148658625483936,63.99003034601533,0.7653942000934306,1.0
83.11382428548252,11.34587146724906,6.902885627080318,142.74245078929266,0.36476293807230836,0.0
98.90270071309281,24.136141375163767,9.313659130039369,57.88207419330854,0.7291612552355374,1.0
58.28344622356284,11.739642087842064,3.432732737763849,122.1958247444326,0.1685686701366219,0.0
106.65533039203302,57.37277745361476,18.733931053776317,56.5138027936974,0.6259338739291169,1.0
55.13003961092954,4.490668635325416,8.589822532975875,113.48255409979065,0.470501692743208,0.0
104.30148961658114,38.90928699206646,14.683843083838509,74.90782780989466,0.7290749577201361,1.0
119.19328507469041,32.02674413291269,14.608686026265453,63.7526750164136,0.7768676099878508,1.0
60.52586604775761,5.813668478188938,5.448741075450514,126.82192437204569,0.29139582240246586,0.0
86.35103375181657,10.394419065161614,6.214329989412625,162.71386495399523,0.14335798659663654,0.0
81.60746925854532,10.822618392136198,4.416766348518019,105.71373856874601,0.2655567554512115,0.0
45.02435302426916,11.576047866132178,6.03148712061904,211.91562470444617,0.3423592099858386,0.0
86.9529094185684,43.003610953036336,13.417130729104759,64.15716876442465,0.8429363980320012,1.0
87.04846275315249,30.39607714106156,22.113866861197835,74.85206279347908,0.9191077958109243,1.0
25.159786536321214,9.429542280934845,3.5994304305375335,157.7573953250723,0.44822038934656205,0.0
102.66930152270808,42.00706983312096,4.8431274491075165,66.22500964941796,0.6733343994597814,1.0
84.65774106869134,38.7566783543934,16.707661754108866,61.852614473945394,1.0004476208810538,1.0
32.776163523432444,8.283076896100605,1.1213752644819346,97.83301446497498,0.3461099142711377,0.0
47.20864504226963,8.824334798995231,4.109620482493268,143.8313231326482,0.28900594094017684,0.0
87.36983561798422,2.2863259002629555,8.136028191700916,169.1778441263042,0.18477851175450047,0.0
96.92908132538003,49.301143907022784,16.101936631122467,59.88924062644902,0.7940711411894279,1.0
55.469910887879976,8.232650522243665,5.606385141645788,151.55070151476423,0.4788993856816042,0.0
86.46101932268024,19.7022179000874,13.380128642677803,85.72355332822242,0.8464168390847944,1.0
90.60572914809615,50.287770806654734,16.236104566275102,65.75106407945947,0.7866430733771762,1.0
67.15316133530455,12.191818421106898,8.777321140008874,145.32400747466306,0.0703187374028045,0.0
100.14580015964358,30.219589180185736,20.43551075007236,78.0248532569543,0.6843948528922368,1.0
93.21324952640673,44.108694399860944,14.375293607751304,76.77138672974836,0.7471224081385173,1.0
145.0498172044173,44.81205730885209,17.316089108306347,74.26330220583331,0.8419326711991936,1.0
70.49867556123924,14.477965577184712,5.594971824470566,164.62253702138733,0.4050548145832312,0.0
104.4285726733752,39.07284149494049,22.642450371644564,73.32466913387948,0.858592561746973,1.0
62.55050841272412,6.606973933301918,7.383228741878806,152.99288267188595,0.1235242546441187,0.0
67.94103493131594,9.679267203630287,5.493479043883781,162.24921592808607,0.3470776629130615,0.0
96.8625562091768,60.04159873946638,22.83168137587049,69.12557644098841,0.9782602076839181,1.0
70.6544667357172,12.11809484524255,5.663582200721134,138.2612752997582,0.44506907250579164,0.0
54.03941459463444,10.069816471616205,7.036831913436297,157.30492853157975,0.25476394057885043,0.0
50.713741039402365,10.318754538898066,9.625603670022045,163.46527424340118,0.35523572694918426,0.0
62.93230847487047,13.457303404628124,8.202415781215905,137.23594554828986,0.2623026449129977,0.0
101.14542593082933,38.981519048474134,2.035168590279353,58.050859215038344,0.9233476914598184,1.0
83.56189600961828,43.395711652830926,15.71519785599903,79.08631103155852,0.8435740267692635,1.0
45.53532771815324,12.077677215409457,4.011625592267655,146.3819238320559,0.2499974249240052,0.0
109.58933617119601,13.203739357187324,10.513265860403912,75.8415749918716,0.6839971560979267,1.0
43.88490718867951,8.928571064572917,1.1770769061083293,125.23938917382011,0.1882154851223411,0.0
122.65296021238824,23.35497107919597,12.28393962866402,73.77560303220527,0.8202897507263421,1.0
57.8983079511748,17.60646906320415,3.1080453047647105,174.54064893689977,0.19751137273013045,0.0
57.26397430266749,10.254907367415756,5.677896082592673,140.61196127231543,0.2160702056233274,0.0
127.62946675127556,46.63219023136958,9.687253150428788,69.994505590198,0.9363090225902735,1.0
74.58435791384383,10.106623642428902,4.461211902419358,159.1550827261357,0.13612193738949102,0.0
113.57588938835003,40.10388468302132,14.65746894481103,73.08722476921093,0.8279354851337328,1.0
73.68641415190123,14.572484978141299,4.082483150172143,142.41866904072592,0.24468561846445194,0.0
52.65598898302512,12.71431149729884,3.9931287135989715,166.5331644022615,0.027181866974636038,0.0
73.32255871156786,31.54896660622375,10.594132925306766,75.59049896540334,1.0291066108981333,1.0
52.40016015335601,10.771879367948136,6.851284249879422,128.05808096374633,0.2981562081088538,0.0
141.44429160821045,35.71150929886151,9.082401550518824,66.62453936911592,0.90551202616518,1.0
74.2680460072512,12.233662461030612,5.039188604571044,140.3063117483437,0.2534847215084546,0.0
84.80234712709225,23.435400031070508,22.305137274899266,52.832142234750734,0.9027608070250314,1.0
120.20643544414713,43.17110941685017,10.849853030472751,77.59792206580913,0.7313449034242,1.0
129.67854820822913,29.896151309436483,16.232056901062112,50.90426153546142,0.7659302146981684,1.0
122.49575390541716,49.60732940526755,18.491611290474022,82.33509817846979,0.9144978323683173,1.0
130.5625899403174,38.13865503789876,20.425236709763485,64.58579482797096,0.8835535276770345,1.0
71.40238674443039,7.280069563574171,5.708445031806555,151.52610551660567,0.3663742652940034,0.0
106.98914266716264,23.168997470838853,13.004592601163147,70.82998717729151,0.7099251450398107,1.0
85.60909450014665,32.88105083544303,12.658645870879134,68.65092913386745,0.7711196966192743,1.0
47.885207330567,32.29444383881349,12.461858525404008,77.9438360769096,0.8096564135168349,1.0
62.97838897013695,16.57473240315549,3.1539364796283884,164.89260249201604,0.14464576311531366,0.0
75.49775266401922,15.01489233542678,5.01789211502479,149.0900481248985,0.32168745553790346,0.0
78.92864311119109,14.023313487881452,4.470468921280368,147.20968659011552,0.2860067309896439,0.0
33.43538564733773,10.355918698926795,7.1325859933172335,146.52995900553876,0.2652201990292672,0.0
36.01854859111043,8.276182553936877,6.789782689785733,147.12801696374464,0.2829453014991939,0.0
54.67002607249501,8.578233365877699,5.241208197608449,110.16424539721872,0.46341029673924244,0.0
73.56368326418787,9.730786229804785,6.6978200515587165,139.71000433465647,0.32201542072428596,0.0
33.877667138351725,15.507383595844479,3.0959207181408477,154.33041932592315,0.41829320423112665,0.0
62.3737652347051,7.438988040302251,1.156568034823306,140.9646014909836,0.3268561280250628,0.0
47.46612075823468,1.9003124328813197,3.6891305202647353,181.39335678264092,0.10192244184451846,0.0
108.19392084670307,36.99789553001473,16.92119975290446,80.26386326004354,0.5886231878434667,1.0
74.17894409231954,15.95456740310918,5.591733238561108,161.59369064341138,0.323641130566417,0.0
96.37159680498539,19.710021601878967,16.331236270320304,84.82189707298498,0.9141836801658303,1.0
153.6842689198098,51.65148867192909,20.291591299225416,67.3798292783332,0.7814679601262293,1.0
82.52729017202822,9.049943445657107,3.7393643330159394,140.517592752805,0.4596871861879719,0.0
87.27398930324227,32.687784008833816,13.401946833956298,63.80644418359885,0.7405477955147743,1.0
68.54535449415309,8.756628773549211,7.515057692197342,121.98075661932548,0.3448905469249334,0.0
92.83940680058434,25.73109541173396,11.705933261404686,63.48213962718448,0.9021115528815231,1.0
31.640297388490772,13.183939763287537,5.085875755025905,152.38148371536067,0.36372138302569773,0.0
56.50070772604003,16.15561561058372,5.220311078669333,155.85339882390667,0.40143285394573364,0.0
118.5740193029358,38.67999673333594,11.246861367216228,61.98612736476802,0.6059020013047011,1.0
47.34311118558795,1.9211274593506147,4.331794034430437,173.20874448428563,0.2974957402992927,0.0
126.53266136311228,33.75844063944196,28.367512196493536,61.803215591578756,0.5554399449899242,1.0
39.915625294230615,8.344027314973271,5.195318632064764,120.34800204770619,0.38076217951885233,0.0
58.65459238368957,5.468702781772573,3.277398131349287,148.89342539266585,0.4321861139726992,0.0
109.1771824779595,49.03969926456727,10.426084474865142,66.90129348526604,0.7691302716948415,1.0
91.7653445822253,37.11493892794832,15.532921023491324,53.17795589279017,0.7345225108891579,1.0
135.22929800501134,27.12557963490171,11.152536987673361,71.00546797883949,0.7745699574700228,1.0
61.414476521152956,1.1450458803696097,4.757572680828815,134.70557705115584,0.4383887323050714,0.0
112.2542792865022,47.62851143313237,3.532939690989604,61.04773961791385,0.5989667110069832,1.0
86.8744382928902,21.00126539460795,14.28837130647308,61.83757956287531,0.7767901205030864,1.0
59.29895255200556,4.948598122116698,3.675279398118188,196.22923399336577,0.3744595514034768,0.0
107.96212105804686,41.38603112914814,14.832131409371202,85.85240006449054,0.8002991907648905,1.0
103.44757589214927,51.07957420699511,16.151025376386713,68.23424751220523,0.5179272834349331,1.0
94.31855983105312,4.410757217814298,5.60804842217296,159.97701695707076,0.19277556461170442,0.0
66.7780029795876,11.191575445681044,7.428070749428209,109.95222344991618,0.3826901738385839,0.0
67.822797398114,8.328421363456155,3.2009591295452546,160.77879046991518,0.2875609505980878,0.0
120.88084255078485,44.773438107196796,16.144829451368434,73.07154214234554,0.8756713295135706,1.0
61.43293398870708,4.325031305669928,4.5235668788232175,114.04289804414407,0.40666937484412413,0.0
103.15415819709034,32.85468780479506,9.157656759705388,72.55023402798825,0.7481983396547308,1.0
32.399648895963985,8.54053867860475,2.3507255026844773,166.81761209076555,0.31340739424817915,0.0
78.96255228892063,9.303084161489068,7.6235312426247415,164.1889088930955,0.2761154038575248,0.0
54.047652750078946,14.047669545085913,5.179960409074652,129.58993637881815,0.2971904183619543,0.0
90.16842620637195,45.344729556540095,9.82931127479351,75.11445345040651,0.7177111948605162,1.0
121.985465384028,44.43325242387568,15.780198911542149,81.05533535317583,0.7166366587769131,1.0
55.505803462873104,11.656359317869011,7.8252707866112905,134.37441152426115,0.13724718189998023,0.0
83.09587252725744,34.09185587384951,12.408325514167206,82.01236340486487,0.8718840848249084,1.0
103.8177592529954,37.12893342279453,19.6348915738338,58.83233529258107,0.838841125837146,1.0
99.01406485213607,46.70700132572083,17.7879154823426,77.25658557637084,0.8530057998895549,1.0
98.1901406383421,23.18278017743419,6.140163955193099,84.49721164182074,0.8262129020923463,1.0
144.71401356261234,36.432394203756786,16.13778023560512,78.6345248920986,0.6642353591445764,1.0
78.64789944626338,34.71658215002207,18.291079137293504,66.88536385725325,0.6332547997164325,1.0
64.26018687268568,8.456651862181708,1.8240015614623588,136.67431490956596,0.30185382290624624,0.0
91.57536910870427,36.434043967856354,4.360398774008377,64.70204662147367,0.7944076185316556,1.0
49.38144229379706,12.381207894126508,2.660110439534508,152.63968218334549,0.2440183504092444,0.0
143.07253831944826,41.24722182410051,14.593979882268904,55.37019243934449,0.8685669710005538,1.0
98.7914233720814,48.92713233566104,14.919783827941844,73.47343274836001,0.7939259706150825,1.0
99.34886791273763,50.15826495381925,19.450018994166182,73.56964124970901,0.8600376420493074,1.0
53.015123937523065,13.371248749959022,3.0706449051404463,140.9783069962423,0.1517285270624388,0.0
65.8632120233849,8.948052161440984,3.7111345255554857,123.27316400607963,0.372860967812034,0.0
44.65465472844033,15.940010462096222,-0.31374475531688795,140.24147905740284,0.598143519115456,0.0
137.08830717791497,28.700571854703462,11.381931312890554,57.73942985826873,0.580176849462909,1.0
99.28804059566042,36.117408384905694,7.558200183929792,54.524373193263116,0.6773559995006402,1.0
115.53990753956941,60.64950954680089,13.633509254933593,59.949247851437306,0.8411099383153363,1.0
106.6391103237082,27.519624458391803,9.740373108786264,78.96980919017567,0.7944707965317787,1.0
115.8447962152446,50.37164894725708,14.202094008821476,75.3057942229929,0.8212926079680404,1.0
83.39869518277584,32.78415498364295,16.054813289583922,61.67312284771405,0.8641886430561125,1.0
87.39637655014585,36.29307910673846,18.745632980474046,95.15566762992674,0.6867161854893568,1.0
55.00954232418946,15.4491275346595,3.5728618016909666,140.13066142489558,0.41157445704345147,0.0
122.62445016433097,27.96807503335843,3.2360275442702893,75.42840355633265,0.8350936354223908,1.0
40.361868433128265,8.631053485673242,6.575130903258322,201.2142177525703,0.38488097492191065,0.0
68.5430654910453,3.998559952848405,5.277757587108409,151.82004990234404,0.19084890743262045,0.0
49.55782216191601,15.26155530541222,5.178559857839658,170.41297099773146,0.555214333951517,0.0
65.99297548918337,8.639176269287368,6.224301111483517,148.99884781029598,0.31805255709170305,0.0
139.68042165050196,31.912409061949603,14.392671767462364,76.55215718931058,0.6121236158339795,1.0
38.01611729605345,10.347726446702222,4.156322105134002,158.35298457004657,0.2690560084022909,0.0
83.0012108127693,42.25007282793745,16.858007468014474,70.86403623506428,0.8757982798187263,1.0
64.22828714422442,15.726678932484791,4.386790328838547,144.1084019676207,0.43502733936730187,0.0
108.79413980436976,47.71918687245524,16.664328410502172,68.5884182293446,0.8806178094303864,1.0
81.38446297339681,19.651999361923224,6.215274003581751,166.29454383832623,0.32647204143671843,0.0
61.99445195646561,19.301579545879836,3.7135342207884774,103.85778865161032,0.41409148517495964,0.0
129.37913137794084,46.28226325290787,11.653725679409636,78.10920930669846,0.6795989771440392,1.0
53.161085888578285,7.876024238983689,7.7179429906600845,182.63941972734634,0.16095912437097745,0.0
72.03393544936517,29.81099889538296,5.243226435414876,69.5939323809933,0.6313506696414173,1.0
55.25823307871029,8.772777375877435,2.606373762607787,150.9294066147055,0.3976586407720748,0.0
77.71251158081563,6.833727491761828,7.259649204560687,156.01075312455868,0.28837039754438376,0.0
106.88232002184749,37.95982348081692,11.428479738148944,70.88209903502752,0.6768152830793603,1.0
101.2769794399934,39.14578233345179,12.741575635755531,62.33296782669187,0.8614188831988465,1.0
78.61138424140808,9.891341222768698,3.398774935397508,125.90623082507054,0.3553148480475973,0.0
75.80851778292202,45.76697763182892,24.494149294022364,61.13051547175761,0.7251965680578527,1.0
54.997993529457794,11.26362100426513,1.5671250559226824,136.60835081681353,0.28841464556046337,0.0
88.9076020859309,38.50544109326275,6.31833778224456,50.76399558660216,0.7923591918955568,1.0
115.77134097841275,44.64544990263085,6.072465692493134,55.237449289581875,0.5442166527478514,1.0
114.05285561505272,13.288072336767538,13.749820406942373,76.8965476140363,0.8976772772057391,1.0
86.80085682101462,25.22850171131022,23.21145562092277,68.39015734840183,0.9782742724603475,1.0
39.68779357425985,8.939696790877662,8.171816869348966,126.75130600394824,0.26426235288864325,0.0
113.91157623905747,42.46628545730948,11.25702471447352,59.384916103348694,0.8406510391551445,1.0
41.76292554231476,2.8477957982924895,5.0479586730413075,134.97395601364192,0.26157722267358524,0.0
143.0887830890016,55.07526982246805,12.643990552962103,57.63781493582711,0.9489712697495374,1.0
62.616019204298986,8.872047793675401,7.971385761774638,188.67849381231574,0.0512665286199826,0.0
89.18060338609338,44.97302302134643,10.087949278929809,53.54954981870228,0.8162422772364226,1.0
63.12288673389401,15.239812902372922,4.90088540966778,124.75807285528349,0.27649458495971446,0.0
92.114172695034,54.035538674636555,15.735225957148415,65.00824759777086,0.7379237760239975,1.0
65.82964065898891,12.132183524478975,3.7806079696575123,154.29376098358512,0.16505437280042612,0.0
108.85808552957137,37.75000297899704,9.018114519797358,67.12996750668287,0.850595715885865,1.0
131.69865840435918,60.73097744174592,10.180633177603356,61.6164341348242,0.8471564853830572,1.0
67.60310393461997,1.002807773453151,8.406307323582674,164.56281676265837,0.13680005916167387,0.0
34.4510448874522,39.426560100624954,9.113759193406267,66.07797255705547,0.6914201176566379,1.0
63.06558257122379,11.465711563614851,4.7007490119152715,179.40387140808372,0.28509724470830783,0.0
64.80669132082956,9.968617127735754,4.2497674670749035,162.4439477613325,0.37830896632291205,0.0
117.9094356457102,52.99877868903635,17.990269214773065,74.45024121087042,0.8435393522994228,1.0
80.49579373371479,32.28951181311203,7.157263216273541,69.64218842402735,0.9450366265718686,1.0
88.7918651991671,0.5648337312770053,6.0828341747716514,153.24747152326435,0.3577712239952543,0.0
116.49007940083284,45.69613150558821,11.446723274306727,58.7471862316556,0.7457987416509846,1.0
49.031740978258654,1.3174452151341889,2.418907584922999,167.58687437062727,0.437589794913791,0.0
105.54121182427627,39.786076958221926,15.99438361848983,82.54947396137428,0.8731044682992537,1.0
65.29703326367775,48.24730186634195,19.903318324032305,71.90725739403527,0.7033298098774747,1.0
117.78108602747427,40.66954689766518,14.48089547184376,55.58525861812651,0.7668550751119794,1.0
117.05569098970793,38.11873774733431,17.591951136973968,80.29578824311508,0.8146547383247559,1.0
148.79750691243845,19.69694039630225,20.07933779856933,84.47751894425815,0.76307490429864,1.0
107.03571659246921,36.73412381852156,11.663725548626603,56.34580614312335,0.8636953071440613,1.0
64.50545254758488,12.131870610097241,1.8865556120365081,116.34808961522455,0.1326267705913357,0.0
101.65923915546949,38.0963713400858,14.875084673316866,61.12445910229235,0.6899207741441516,1.0
94.27672907598635,9.198608267941623,5.937462931664534,169.9555428552223,0.2169433371039554,0.0
111.62493394126018,51.51119176790334,18.61577513265639,70.7382721972722,0.8291794639516747,1.0
132.55685617806296,31.130529658079773,17.87425991081273,87.88794908125101,0.6685243305973713,1.0
78.03934378171041,9.11482109409969,3.7362132872592206,157.02246337905726,0.33520196496555543,0.0
58.393523127320925,4.456092317687861,5.618830929698204,169.07725451006755,0.15114646277787355,0.0
111.49760727652016,51.23863228637248,30.80245522989857,93.65803442254588,0.7679971932138184,1.0
82.15869713962337,39.00827644180277,22.60760145622498,77.33835289529067,0.6547112625607547,1.0
150.1144172502194,19.20471761822792,19.24333968537062,74.99355013103832,0.9026562666148483,1.0
65.99826873108826,12.241494808494892,5.860561245841565,143.47334360728397,0.4379391098318901,0.0
122.89281712636802,43.56386004649899,11.143856212483588,51.15721637277422,0.8717450768937611,1.0
110.3264008485419,34.524554634946966,14.256909103903903,67.80700828500095,0.9880317091820279,1.0
49.62523299835729,9.931252534013696,6.979527048780926,132.82190992881328,0.5184331135008698,0.0
163.622211099918,30.590978550306147,21.158675166261734,71.76090541611572,0.6699043893986061,1.0
84.95140201884016,29.086382166751907,7.5911991294587855,90.71323120931231,0.7152990456774233,1.0
130.34460040055572,40.886779056652976,17.65128590297236,57.16808034105384,0.7889778553604582,1.0
30.719062963854476,10.196271023693768,3.9949751180046427,106.6735033617722,0.3417170636955795,0.0
60.333926974598526,7.971676943997422,5.348993180158846,132.3671060918434,0.24324339979099824,0.0
72.82211399192208,11.416180833989257,3.033793589840305,150.17824894012145,0.2779233138897417,0.0
52.56264330883339,12.238341835100503,5.91081359641789,132.33181227432254,0.2819414769832582,0.0
105.27019603774237,32.35919029271844,15.45162438450642,73.90363709900332,1.0275596400702518,1.0
131.06312043621836,37.51976844495014,17.708868629454138,72.957213043679,0.7970210159088348,1.0
48.53244568076222,47.692099183346315,11.229559028613266,80.7467480837268,0.8736613660104745,1.0
81.61320158377484,28.474725784332595,20.08121266292213,64.55381044322485,0.8883611489769908,1.0
59.93923736741547,18.54646348366816,3.4209393390153124,146.34836830882315,0.28935246111666135,0.0
138.78950576763043,40.310326653828675,13.512795101880977,68.7923162695562,0.8028555291405215,1.0
100.24259987404875,39.093120004180186,27.969133573466273,68.59322193327978,0.7508008042224579,1.0
60.268291881932186,7.133370317005173,5.475521091931024,158.29890341286375,0.43328474428282426,0.0
120.31723265265562,33.71504708941133,19.99610330582759,50.38529265793724,0.7405703969073523,1.0
53.992131365440635,4.8787431329875,4.772616169451357,145.0068477179863,0.43827107954541417,0.0
99.3115627355173,39.75240116630341,15.38056831599409,78.82615717267055,0.8571269118754182,1.0
94.83947131233515,43.81947941036193,4.7778511407935635,81.13304729722714,0.9311343911148702,1.0
44.306539067288476,18.185122756236463,6.3026710567158,155.9931365274997,0.2684699358190677,0.0
59.083436289735786,3.227546370588785,4.672898277125161,155.20367484256874,0.3607216170786004,0.0
65.13987563731975,38.35669955473715,8.00067671298747,68.20468331643659,0.8052058623006189,1.0
62.25977216957699,15.425658042442707,4.253825246521586,144.4236641855141,0.37081615450956973,0.0
71.65470817352798,8.633163716581791,2.545905871496808,158.37048416502606,0.20889818219490774,0.0
131.49338415275307,49.82793150050465,15.69146384421419,72.43328778367442,0.9121372240586078,1.0
63.399781443913824,18.22659388480527,9.373172670932338,177.73809237638477,0.26112370927381595,0.0
45.368289962751824,10.198944375951424,9.096199488669217,142.42079737583848,0.3948571085847046,0.0
63.913297937061934,9.557240425568352,5.220121085792378,142.7630582499762,0.30182545084451134,0.0
85.46251350388084,54.9522860890258,16.51713620246396,77.00607439887773,0.7214583014377356,1.0
75.87414904007821,9.818593201327985,8.829888750742574,156.20218895858346,0.24540917611436858,0.0
88.36929923805502,24.918440891711715,16.334880642063453,71.80388426669205,0.7852911868140803,1.0
125.32660422493662,30.716684667887634,26.26770605346833,66.23290734486142,0.667713634775704,1.0
75.90495679218577,14.22471738249607,6.851325002878845,161.46378200733213,0.45147083612825106,0.0
123.40418823910264,52.68057635217008,8.55300443553627,72.39257545369004,0.7064975273024126,1.0
123.91174422760623,36.965225125623185,23.931675450838824,64.54422521426628,0.8641158203347222,1.0
52.066254233375965,12.702099921591572,4.717039872779174,151.63436444620663,0.18734498315788112,0.0
59.75648339454905,5.273778954999738,6.8296189552254365,164.57391555640962,0.42265307127585533,0.0
67.66748010189477,19.78054601971019,5.5237844375134575,117.19963034022152,0.14865895557627615,0.0
37.33538076124316,12.195440470553185,4.505742579978119,164.678598627156,0.23936837125095828,0.0
69.43870033581197,17.23372905126297,2.6892624891963175,175.6822377921044,0.43982185388413736,0.0
31.047142576027916,12.34256460386487,3.9008953042601346,169.00328893956717,0.4490562708542047,0.0
138.60715292371125,38.0755823159039,18.229166324593383,70.76489218200318,0.7693500530898848,1.0
74.67597699862554,8.364772721584622,5.871313341499925,154.56781840511448,0.2719226706637677,0.0
90.1134896671467,0.7770205393984835,4.233957244471702,160.76368215270236,0.2885747766941729,0.0
70.40835088272692,11.69000802563387,7.747567225377601,148.41407599482477,0.33805987234389595,0.0
49.99876720264179,6.450531009409481,4.938000515753559,142.81173704440383,0.2554694389907491,0.0
56.10573399197388,10.497774206980683,6.22576848322252,155.93042219974785,0.14429990436904158,0.0
57.864155057858746,7.565659690899572,3.9126517052783845,136.31079166836503,0.19840850794674364,0.0
106.54979226335469,54.3320498997743,17.50532849287994,71.40961309538719,0.947210741115641,1.0
119.7361020984088,32.39577009123735,12.30062860367196,62.34316499887487,0.6994400280101312,1.0
95.02580600002688,57.13220554564525,17.046107319401276,64.43999589280189,0.8754418914657928,1.0
108.74808228749,43.78967912663474,23.362724209777017,56.68861465695901,0.7354050528222322,1.0
50.260279641223036,12.406171387170124,5.46737252276472,143.29711431957156,0.4163599130718203,0.0
114.47495299534746,51.462549995285315,5.900170405294091,65.11508368618972,0.6504597772894514,1.0
105.27254139738648,51.05738765215767,17.243068599161113,73.92873705979726,0.8523988103811163,1.0
76.93293172099001,12.531797211370844,5.658184460966122,130.69837487184606,0.3072721150682733,0.0
52.1053952825507,12.003281099537148,2.545567589848156,173.5766405051628,0.2836133134748913,0.0
118.1768479646675,43.05016094537624,27.04810740538206,58.63069353136335,0.8848334542495901,1.0
140.5987636012421,39.767552063772136,8.918245301191336,62.354960709804274,0.7774519938434933,1.0
133.93843626150195,52.829667637492186,18.35745317174017,65.05661287357078,0.8952459370234087,1.0
65.51012918603865,11.022490361558887,2.478785418160894,148.08509911407154,0.2748355251819716,0.0
103.13029816445129,44.64604666172068,19.290760593048432,83.40494513088095,0.8579381657480362,1.0
82.56937891260536,15.3815144193272,7.2280745738023615,143.6617248200654,0.37041279989576,0.0
71.7126435749303,63.95987040350961,16.46008011983018,78.90105115067973,0.7485171291970301,1.0
123.22262817397905,30.735265075107833,19.497635838441692,66.0472688437568,0.8726893845960153,1.0
150.09171255817478,42.34770845821891,20.758895565754482,83.20423608976586,0.8442706533949118,1.0
98.14597687589918,34.61903127184433,11.50277253654635,78.33288807309849,0.7593534975567299,1.0
83.64149922091107,42.65410171134804,22.923739770676296,65.53904880773385,0.6870366535591709,1.0
57.74895369349157,13.903232083231966,4.820735140759273,149.36732953044492,0.19928574933298498,0.0
68.92924527212435,5.392811315958946,4.123266921176764,131.94307074065435,0.24405760579425784,0.0
134.60171765907523,23.337829125532583,15.25522651483199,68.15247013569547,0.7515402182858211,1.0
113.14178316864044,62.65443565534965,11.501498574705312,68.13420437868919,0.7668833756406599,1.0
91.47517252692047,33.589425117277834,11.827687027167649,59.76319191661574,0.585690378880513,1.0
131.35525727437593,51.49700438222493,11.727417005657454,63.69070392664872,0.8592393898120063,1.0
110.5143378385665,38.74153497277935,8.525934915642813,65.85902232680492,0.7471161947770415,1.0
56.54711435410568,3.7162036459669503,3.3349119127019353,134.87311838597253,0.2919752884101792,0.0
100.2477392629158,29.55072363825463,6.1889694442366086,66.81764580224238,0.7324702119469625,1.0
47.25612804348562,9.25315360811431,8.079427260774004,168.3678649887055,0.2503057551529498,0.0
125.6227716857629,48.95015572093454,11.320397394338826,87.6298214073136,0.7569939968165411,1.0
49.19643642980364,16.18963642722022,4.466808603465353,178.66511764508692,0.1942359733555089,0.0
61.76462495003855,11.748306559960076,3.3359668928260087,145.3791140743107,0.35785408493081194,0.0
53.506164479259304,-5.3117466448437956,5.9954137872857025,146.12642599016624,0.2607687055156912,0.0
40.212702280633806,4.944455727726154,1.7284249204568876,153.91078763487369,0.3568140793500984,0.0
114.57057147328116,24.157728730644248,8.972936385575638,84.22337309032207,0.7741278181408399,1.0
70.85145916452646,9.950485666450456,-0.9090654702897742,144.94233997181112,0.2683515490431169,0.0
60.55261937561133,18.306406829768445,7.66842823835475,142.7410168980016,0.41605545754546713,0.0
110.05228460726043,48.230806805494254,11.362464241562565,63.27850139452943,0.7826033115463202,1.0
112.04683384740619,53.431243902412035,18.438731727584546,67.69785492329561,0.7661323352122856,1.0
125.00155594850763,28.61535428542243,19.116016519453108,71.2850013575902,0.8899309736352293,1.0
31.27215371423084,10.087292944107473,3.4380188336471704,174.44997334456528,0.3405368808194289,0.0
72.0067262152592,45.710593538639685,11.654343249960966,64.90298684280718,0.7575606523875137,1.0
105.60231520173842,57.46151841193651,14.46798520343599,63.118900610617644,0.8271078790105695,1.0
58.72199810227781,7.523683009958539,2.901204568157162,145.99582446707907,0.16845298382425644,0.0
51.040671890463386,9.060473628358078,6.814149064946081,114.56506042405826,0.2757317274819735,0.0
76.43268238872226,5.81500816498019,9.064529817873444,142.5851133991531,0.41792678062567346,0.0
109.72124638671387,39.05561090512237,16.98633853975818,82.47865560596702,0.8569543311554942,1.0
50.08323678700259,3.823034926063837,3.1758767275470294,144.86257118293037,0.1831022955914038,0.0
163.52685912748836,41.52117432077702,14.11893945705686,75.21578002794327,0.8343958401157222,1.0
101.59718563807547,36.73010840672435,13.359267411215786,66.24210180432874,0.767936828365942,1.0
50.859492419072495,2.2906164802332496,2.6769654775049774,154.71874277572914,0.16642899464708807,0.0
43.96906006910454,11.307715130547454,7.465403568726971,140.45405972211805,0.36503479073792433,0.0
71.63369730113794,17.64740540439288,2.9905285108275987,154.0787752587234,0.3821114620520157,0.0
88.04955616402151,58.26445476981058,12.352712163149324,55.343830597821935,0.5752651501404766,1.0
101.65806514649495,44.334977824224794,20.03315540828693,52.25551188852793,0.7338384776848965,1.0
45.703132949789236,12.926174477567372,3.2858464773808223,167.62978899478736,0.2491731027026053,0.0
90.00659278745812,48.61240147477665,14.729201674088822,68.83580419097972,0.8461357017185052,1.0
96.35099948499882,19.10739404520399,3.6038912115196275,143.55478839091532,0.14173982776174218,0.0
67.62773538634158,18.492096180314256,6.023191445029153,156.50391434889562,0.26396186264986576,0.0
122.33174514918103,59.61321746192278,14.971266097069995,85.00459832327931,0.8659707428986805,1.0
108.76920087258915,30.13258056268277,10.389134700344671,73.67504091569974,0.6525089431594725,1.0
142.31088742392558,43.8208718602854,11.637814532679862,46.59224765146091,0.8567336853601998,1.0
136.817198254963,46.57082863171199,6.6941157801639335,66.90995396318858,0.7620635054607272,1.0
78.03297511518115,6.816226182777436,6.013793971683917,152.10352862024348,0.32712507396248774,0.0
55.53289889940466,8.550322659352531,2.8667942051895756,177.20713371007386,0.32776626558666977,0.0
57.20310039539242,13.136609262223175,4.249359932617423,154.37014407008076,0.30266441008151085,0.0
93.11674221682966,35.45275908074727,17.169321560105754,60.480807559620665,0.7428159985365815,1.0
72.12691438219525,8.160408547752759,6.5464756183886195,155.13694824618068,0.24977855463404378,0.0
118.74904736420811,38.656899360429584,11.269329711659154,84.22185250188303,0.7652346699941852,1.0
35.57698895309997,9.53662059831688,4.378587099672707,136.67123013490652,0.27805442319535845,0.0
111.62302787478319,48.21000168216749,17.73498490591186,66.39912236494297,0.8292890274751823,1.0
100.79884271399328,41.19666296527704,20.56144050685069,58.34286309822662,0.807673041181971,1.0
38.05463854555981,1.2097052587988273,3.794400684655723,162.27841614491402,0.38379083935825437,0.0
120.27285387096454,32.74679373936958,11.313976623100181,75.30458544322438,0.7843817981476654,1.0
54.80113579085718,21.41595026586032,4.343246157555976,139.16580248667324,0.3642190481545228,0.0
99.72214574119576,45.85780385103794,22.443056510415225,92.80241383296278,0.7570755839246839,1.0
88.47156355988496,56.14174815776035,8.165650425425515,56.840525987984016,0.7458240014450661,1.0
88.95203314532573,39.90391050808455,11.146555524227765,57.04461910615909,0.7261451545774353,1.0
93.96741299473796,36.319812192956384,10.448439323037066,69.34385383743853,0.8370617195309319,1.0
121.63186451216575,44.511901697517374,12.977302665751793,74.84539516707203,0.7599628814111745,1.0
106.31289835492353,29.005422678242297,13.22081270310774,78.77227422270347,0.9985396242010838,1.0
45.913408314373356,-2.868453196273242,6.5377049627733355,124.58881920619685,0.2812555659161,0.0
55.99756882625325,13.699487699478354,6.273261198873137,138.36971447557087,0.3046916109550047,0.0
118.72216846836173,46.446564388562365,18.857399537528696,82.96983967081627,0.7124388370765069,1.0
54.53792019725009,14.562443791575657,3.8760586043757037,167.89173012053197,0.41802091651956563,0.0
148.87590520542895,44.37147330124369,27.270141504434925,73.52924834426904,0.835599449614571,1.0
73.18689588700217,10.332656897357275,3.2214254214146485,164.22822004576471,0.4287303139580323,0.0
50.155074646434954,16.48335940756865,5.435205323155074,150.61493892540858,0.3428625215492217,0.0
34.27914809255642,16.6769483415379,7.010731188222911,136.92586417529336,0.40901616310781713,0.0
125.12990246899263,52.12381057827683,12.033316319907657,64.46084301531138,0.655963851505296,1.0
128.48632678905608,63.88665284082242,20.502525387247577,75.3492144614159,0.9856964079587858,1.0
133.98871020830612,42.4841777775476,13.001445453109516,76.40928486231746,0.8439086663050784,1.0
106.29986271922327,48.175748303896064,16.086172207793403,68.54479946415715,0.892615037806542,1.0
38.92864355566037,8.447862352447377,2.6158646296884913,117.97342115711851,0.2644392509475855,0.0
110.91352709222318,37.27784634102206,19.75772954424454,88.38899564223621,0.807453347702722,1.0
111.7027431282308,27.794146097397352,16.857150234444042,66.49343574930946,0.7996852371559647,1.0
48.55193268397742,16.86452033434709,4.962807542619203,173.91605143022156,0.27689827106663245,0.0
59.31856564851188,15.532031112776698,7.010199422673163,133.2295288303822,0.3399669196819842,0.0
82.77492364058837,51.435364454336224,14.012995243814322,69.98337824671535,0.9391457494648027,1.0
130.03664636756673,48.89358367432257,13.710859533865449,73.83746014068741,0.6294787900381192,1.0
73.58753663315281,4.68408938221855,4.243987628270287,163.92002362734607,0.2801326666460833,0.0
52.625790454863704,7.245947562172418,3.8619195857881676,178.66574617935828,0.36671034591762974,0.0
33.34713389987772,10.17872145792038,6.725797874799462,151.8910511577241,0.3767022054044093,0.0
44.01478821255473,12.889234969697036,2.282693140681413,170.15585025021952,0.1982988938875217,0.0
119.7002622379118,33.89493647682101,19.00084051757377,64.69065584970579,0.8232567319737278,1.0
33.93201373875873,14.234734123468812,-0.13566945753507742,147.74207151007144,0.22137978677050646,0.0
108.745878438463,48.21495651615476,9.541276619728862,81.04051935310846,0.5611047899416364,1.0
102.71956012159121,69.04995208159983,13.34834585278562,71.18025277266725,0.8051101270351763,1.0
53.46593316762216,8.96480281498166,2.5900682107809256,167.09842078615577,0.389535023264223,0.0
44.08026885698722,19.468644611856583,6.431323722201258,126.43213926110714,0.33359408196136214,0.0
72.248701208395,12.557934632293506,2.6544124732249466,134.85204930744595,0.10125239011168446,0.0
129.13364538562843,39.16741407286174,19.970153783189446,85.62516825507868,0.887174457212301,1.0
149.4787223040875,38.51508874937383,19.718009070342195,81.16095849359601,0.9133218264215146,1.0
120.2861549100029,38.46068886160642,18.627462268177908,71.53329159876019,0.46560563280805256,1.0
55.31598560824084,1.565819190950581,1.8726699341443358,117.1543680265568,0.44502979866061243,0.0
77.29352921343691,10.690486461771323,3.4626848549396274,186.29155022476914,0.24432560634724798,0.0
70.18213080111359,8.538734207110272,6.792015020227474,166.88021157703145,0.27807058734859014,0.0
66.51962482637163,13.919477386500347,8.071940650971456,145.49079949748187,0.3143124569295767,0.0
45.73694192944438,12.468740663887987,2.7627566809028568,144.1548225276253,0.2757261495621857,0.0
38.06171326043628,9.950685876661698,3.4766233237055735,157.11582843338869,0.36422496874515853,0.0
103.4417611235072,31.205465842318247,3.0477026859818146,65.21666313918797,0.8336025437284658,1.0
77.5088662381496,34.461500766502915,18.328355793130687,65.5721563573357,0.7599403240953804,1.0
64.39143673524225,11.7442080435438,6.855909891857738,149.31089404852762,0.4103073064784301,0.0
75.11931117756492,7.020297994321515,7.097701249899284,133.1363290613288,0.2681562148406532,0.0
103.51002194563428,43.40246951048613,19.643284848991716,59.99979941894434,0.9062507964464702,1.0
109.4002638156088,46.58332730375184,14.865353378525953,75.88332745511669,0.6230967177998554,1.0
96.67592424154148,50.74636358768916,13.185458575822816,66.27450398465777,0.7286137832626968,1.0
55.72740569597014,9.283531483299408,6.3483018479486635,162.37402461317748,0.25309335135834726,0.0
68.63155420046022,13.460873708753084,4.2634600568748775,112.56922586639908,0.24988479988360107,0.0
142.88361648581,34.97056070094409,2.576968713259971,71.75209823516734,0.604418745392681,1.0
89.93232897449211,50.23290885582897,16.091723745321943,77.30228095130353,0.7499017210039257,1.0
56.75157127800318,15.313223675547569,1.8380560106038408,132.82479158566787,0.4231615992813746,0.0
111.93181592210028,42.06740748184022,19.437971551857558,73.06240733595277,0.9574965950922986,1.0
45.79614096290413,15.087752109225873,1.321871262998342,153.84645020945695,0.5346152773241941,0.0
95.00876920389346,42.898440000994924,20.239248526136855,79.0815024355506,0.9008144312810726,1.0
89.76383014134521,21.20396370765078,9.41557512604442,71.80090952640838,0.7935350386689105,1.0
78.40179615330796,9.40669773173364,3.9391343406358903,158.38323151697426,0.2959489611001591,0.0
125.20586090441671,41.39529319753943,13.197370205964525,54.08235964749456,0.5705596990417214,1.0
130.16526165857496,48.450436689513296,21.70196494376699,59.035306533078916,0.8521138671702921,1.0
124.19695208691115,54.05382649166773,14.67755168250288,71.3389758701604,0.8027733602986881,1.0
126.05731753424374,61.60556250888909,14.364091667900183,79.9397576638496,0.8142511815154522,1.0
52.04653900514452,26.496957420642826,9.766530628584,65.10034492152593,0.6323761488557706,1.0
63.78248217999509,23.291965424150415,5.2611667905323625,175.3119845250631,0.3152057058264659,0.0
63.87184727098489,14.772235464068181,2.130416821860498,132.0514262379767,0.37162057945467486,0.0
97.45352589385578,52.63730266237888,19.934301183171844,49.58703657758693,0.8282155422275529,1.0
46.7247317800368,13.009420953866586,1.1176660472052533,150.77794082514126,0.3621079410515824,0.0
60.78331755221197,4.770638894678632,3.6821379772018616,177.56295731185457,0.42359442906119793,0.0
70.92687550981317,5.430525345794238,3.8940620183185564,123.77824580375344,0.22434357306916908,0.0
55.09899194863525,-1.6826648405168498,5.704295206548254,152.71913937445106,0.2234242684323135,0.0
73.44709159866044,4.78983200901066,4.219233083466223,133.69698419610188,0.2541813867357353,0.0
109.52607778621261,16.137414005794774,3.1361042507901136,134.97652524291686,0.23200823310191898,0.0
118.19814014628287,44.967653635360044,18.214055080590896,81.4645382804811,0.6963356485138424,1.0
79.3798596934374,43.04614156300789,15.643448700392318,75.2356096809248,0.8194651589398168,1.0
123.11528722663121,40.821514615752754,9.509241776867418,67.52300089360931,0.7172413570178898,1.0
65.2892858738063,6.44070586426294,2.4308778645875178,151.73956141921028,0.25122685279028123,0.0
68.9001321730778,5.883649554629359,5.284865992895849,131.6127756666872,0.3052392867498188,0.0
45.50888588026444,8.231403989314154,7.22750758113874,121.34294905305893,0.21153091326992313,0.0
140.05016392281414,45.3129931813606,4.485303151074415,63.57637107930418,0.751767086379737,1.0
126.96380483629075,35.86821316380128,25.257070976218365,54.53589122029108,0.7491697126773746,1.0
77.46601210317968,17.17559069238606,2.442875679525093,135.66804894894835,0.23723578633175374,0.0
45.51422076090115,10.11883975749117,5.559799598594457,144.95289001787955,0.25954549637697605,0.0
71.66353259916342,16.72178352703917,2.7976618637287483,155.15418718486015,0.38127780697382996,0.0
108.89234319118427,30.475476869881348,12.124437571507057,78.12519813026685,0.6012170894345217,1.0
61.773278849150266,8.044123651864826,7.149096531822987,127.87503428857124,0.3298163405772706,0.0
48.60122537477711,-2.574076279920984,3.6681113132691174,111.42009035126853,0.24698422209037152,0.0
105.1603285581459,46.38226084254539,20.811297198695105,74.63923492496376,0.8731453028678068,1.0
69.7259523491685,12.56152365865607,6.4787897787149245,144.17601217799083,0.11969422949104294,0.0
43.34038343689444,6.2251486093543065,4.365770002061492,162.9798696241588,0.3912612013458284,0.0
89.65078486518777,36.39065699758086,23.03422418922699,62.83360957233092,0.7393292439720597,1.0
40.82759428258416,8.541731472820228,5.5551848386969995,164.64215990859927,0.2469884401169467,0.0
41.61670379324882,6.820385560577215,4.44542748681701,130.26752155828822,0.5601769728371809,0.0
68.86201320894646,19.808341062406278,1.5957245991288271,152.99987898880548,0.5366119238860082,0.0
98.15172208142903,42.947693828308516,11.690686286742388,59.56048417002978,0.8274745834635824,1.0
62.02799635374595,16.99590509574008,5.813542930385805,176.17236899455992,0.2536226779638612,0.0
141.62169849311314,41.377575027795466,17.727015653565513,83.98999801201153,0.7503085337283202,1.0
85.82552126173405,4.990989164930061,5.598925654934993,158.7256062783238,0.15584485050034558,0.0
126.38405265306439,31.31775221720908,16.213043855166447,54.196681915152666,0.743733322158157,1.0
110.13821015574904,41.177751510151566,22.983445762211055,57.619264668868574,0.6021653791911438,1.0
50.67435481397517,16.081646458234854,5.888891254572975,124.64065788081801,0.3081448644984217,0.0
72.7805092487617,7.0185783279583065,4.59795597342977,160.1867708518866,0.18030642144183723,0.0
162.8689096767716,40.23356979477249,15.419542469675678,70.3359129802546,0.9050178164413922,1.0
100.76399780937764,30.592415347601197,7.456542819716249,74.48976435677497,0.6889886061257466,1.0
103.86994916126535,46.7661754216436,19.74805159028313,81.9975143790366,0.9496642038531553,1.0
55.411975863797664,8.500228390565471,5.904870936176318,152.18285016517117,0.3017160546335702,0.0
49.06646173622416,5.580334372889943,7.787149748700243,150.24641806135185,0.40693840252980795,0.0
53.8353451574923,2.5223500628384974,2.7104896209892515,163.23683891327588,0.2773478946393192,0.0
112.13212081377482,45.05466558843371,8.86563055061066,62.58480606229187,0.7820787726040954,1.0
64.16402875682451,9.833587972942098,5.8373509731646065,144.54582692975868,0.20581703493633768,0.0
72.87916410021352,10.785756815844618,8.898983608542146,174.26231797085504,0.25435978741663057,0.0
136.02449288422198,37.55764720431913,13.41320894760729,67.67636723855276,0.7781892841616517,1.0
61.9981399613381,14.088199370257584,11.468941416326647,76.07896860617716,0.7293483975257687,1.0
87.45224344178776,38.68570908474704,18.312554752101452,55.446145437213495,0.7331920859276413,1.0
137.69877824965857,38.673104795539,23.16963745537552,80.71798321327509,0.777960680195617,1.0
98.98656432138748,48.11416651217542,9.717204105244718,73.51486053237998,0.9185401406106499,1.0
88.08374008696889,5.547273891231114,3.996507011180101,164.7457377017064,0.4640512903172988,0.0
120.28027519813573,25.203701443996117,23.639635381806208,58.414165025659734,0.9937987315954729,1.0
103.86668404099689,43.41330597846653,8.974158969875075,73.77959020277257,0.8316456345530756,1.0
90.38611712738776,32.7368236144027,13.191080520083219,83.90407013974155,0.7410237011872788,1.0
112.32346446954544,32.43660531887889,6.31112237972917,62.59324925106891,0.8560623327077638,1.0
42.3346363364925,1.4041914038130319,1.5569089275747112,145.90549324104717,0.25418556381913954,0.0
111.00279683735785,46.19146092402527,20.18650589815915,75.6200174723302,0.8403640040531914,1.0
109.47645859934721,44.860610913884535,15.057743354747577,63.379201449015014,0.9234244947556305,1.0
78.95387109431714,57.565077057956415,24.012251469972703,75.08706140326194,0.6042676676567396,1.0
55.38868630799398,9.830657825136093,4.373355374211226,164.4805634192374,0.176001293893642,0.0
80.94972306820881,19.82597067147937,2.8375544427648896,133.4794737871588,0.3401136806503137,0.0
50.930410763574386,12.433372971605014,3.771168014859078,163.59289348744127,0.3910433917993678,0.0
52.46071899149885,13.486201634906688,3.5885685018919817,163.20020567493862,0.2520803567875516,0.0
113.79745407990696,25.080603228158527,22.505146910348827,74.5620905300814,0.7640942628380059,1.0
126.89520614760309,38.17999528354878,11.229658732186714,78.08145712055597,0.5723427369735131,1.0
47.41857817502314,19.66557758498879,5.129113899314227,159.4546230200884,0.2395851064589877,0.0
73.66662009756544,40.32949736206047,8.843305754610945,71.56030466949937,0.7169218988901481,1.0
136.05579944615795,37.085760348109886,21.780144709717526,72.64976881465815,0.8990274609327467,1.0
63.57589714464205,9.29932459047827,5.4385175679091695,158.2772572237737,0.21684322378477294,0.0
117.8393696706927,61.15061233465246,14.101395630016217,80.51874244432618,0.6724868136988258,1.0
92.7698333806903,29.76204089041643,12.950261681629861,68.96504334981324,0.9527644313523991,1.0
60.24875188322909,3.0342828799736523,6.3901105764204615,190.77533422231014,0.2362317142138346,0.0
75.27502325358006,6.6958442544462535,5.762659073328319,114.51148762822817,0.3531328612870836,0.0
103.32600482761359,50.60074363541996,24.566743896051026,74.07984894157542,0.8154135396849447,1.0
54.61520421851416,16.622753843092163,1.8221161245246944,129.0958898980147,0.2273648841830982,0.0
49.058632359225626,9.835950732012776,6.540374751328148,149.04089686718038,0.05963548209380176,0.0
69.00878173617431,11.816077883867496,1.42178283939147,135.58659368637572,0.3583417151337861,0.0
44.64191598828765,10.569690345974214,3.1912361312826962,186.42112098399758,0.14986058171148026,0.0
59.92252232643041,8.64045482059062,6.3860331327406525,171.18532988006126,0.2035168044464103,0.0
148.15772026720663,31.242582796355858,18.271307309850766,64.4423252428196,0.6561819725256604,1.0
74.29679398129059,12.374523385165297,6.680305038410291,169.39544571638004,0.4982006699574954,0.0
99.95397604564027,35.5507098178812,20.65603416881122,89.20275148249101,0.8864246859328826,1.0
109.25490777276332,41.28743845360658,20.062176024076816,76.73170011599498,0.7483856012637919,1.0
133.8931061062311,42.7077456086241,20.173046669630804,68.5125180848171,0.7384619050324962,1.0
151.06157857492687,26.643237718167235,18.063692787948774,64.88000405121596,0.7960353531429135,1.0
44.822096880749,3.7043057598662523,3.3522998743067323,160.004785957281,0.09564503579242473,0.0
116.81452107635275,40.504793677145955,15.27606517363857,60.985279225647716,0.6228869548823416,1.0
112.3828663497518,39.46553383927523,5.165138133470332,68.75997727803713,0.7908424895553259,1.0
70.77333160180322,11.485286122505304,4.705392124267602,164.7427488615003,0.22970077139981043,0.0
123.1595052612906,34.25086221590007,12.355551753515561,63.52445708676421,0.7135561613527382,1.0
115.64655508219738,36.17891598274735,18.06431624807606,64.37672797762198,0.9069745643102618,1.0
71.24374549153791,5.167459577773924,7.927957125253867,126.73932934848229,0.3433933813399447,0.0
61.30997671406636,32.41563152211739,13.930833656104642,86.69362280232448,0.8481810340288025,1.0
57.418803339653024,12.604162439819847,6.276085968480634,95.23694483243524,0.2152489567910269,0.0
107.46417257571653,38.67640723228399,16.549511210312573,65.7004513319791,0.9136250555292016,1.0
59.377627529432054,9.03059826607712,10.236067266903458,175.92652685993122,0.297098301732392,0.0
77.37151978780275,8.238823063816149,5.424509804968548,138.41288160254854,0.5399194570867184,0.0
92.82976162433042,52.00958324508811,17.514272363441425,69.8099178497675,0.6693423473130964,1.0
80.23427421190713,41.9125734372266,18.21614160509444,79.14766307194503,0.5426888007569066,1.0
92.51146035240748,14.837277119856134,5.87911408155916,165.84874053129758,0.4109083628342998,0.0
141.29128011352464,32.6502513791862,13.749654072959883,61.673384449639855,0.9292277893862134,1.0
136.63832221615903,56.34994649178954,11.836408005183719,67.42136980526968,0.6245207367155627,1.0
58.66261679053843,6.90694091621232,8.614832270541879,152.72485959833216,0.3067473085110254,0.0
78.81246485513492,13.96518034477009,8.466770114994794,126.36926251260442,0.29743225738211476,0.0
122.97812748219167,49.91379735507137,12.389999426924046,69.41228187464242,0.9028097795274466,1.0
110.3714498625676,27.88466938207696,13.40386270377867,90.94717866291653,0.7591170452264111,1.0
72.49368426489573,0.5562739189783201,5.667233776999182,149.03227638074148,0.12967432131645068,0.0
36.38780432128682,8.842368073425881,6.222673760929204,157.48176972152967,0.31427179714168235,0.0
112.60375642927919,35.02180587603179,10.925654847815082,89.4908413574005,0.6950849955412651,1.0
119.28041220243573,37.722340507784956,7.318333502920585,73.59768255859332,0.8676243076096236,1.0
131.97881182649712,28.836005822874085,9.255888003527541,66.62775486488773,0.7753217459247668,1.0
62.03492934677376,9.184062958576902,2.432006040475432,121.71786573886736,0.20175887231195405,0.0
41.254581476715344,-3.2354648165174655,4.9352462561209745,150.20386538060333,0.17613074885136082,0.0
50.9711824548628,6.022766034156231,7.407710952385899,135.9905513975785,0.271773984626537,0.0
77.31053509753292,7.332087575932697,9.21329232753104,135.2216256532142,0.10755021543795215,0.0
139.65528213059582,21.687656255272344,11.795469919361368,64.34807222260866,0.7175378418071718,1.0
87.96813278872965,20.46139296272258,2.806122695574855,151.3456732398503,0.4085673768555318,0.0
67.71832664750244,41.937973569474,17.108537311511697,79.03578695543116,0.6862649443464008,1.0
54.4911979433752,13.962671606986175,6.980941735893318,170.49664702225007,0.25191773905743275,0.0
138.45321741155448,23.29430025027245,13.553989527123168,76.63140709969416,0.7803394499024108,1.0
39.88512207678251,16.384656104670455,6.192265960303306,141.35991511674,0.14438819772485573,0.0
100.6123398153552,13.839805428837014,1.5065493347441938,170.66896260235802,0.20685706511617125,0.0
41.40151784713895,9.570735408406414,4.342429934477461,172.11337810696307,0.13760174302890632,0.0
64.25152198979778,9.061650384826743,8.574819552128025,162.406293567327,0.2522355080054304,0.0
70.40073741068929,11.29168728084424,5.472673302672465,120.37492831405251,0.14164262702392094,0.0
118.9357228570148,24.65612324123145,6.4829221226471105,60.57654444300162,0.6635339503386223,1.0
74.67844602733635,4.752094242198504,6.847460974447627,141.91145058207957,0.19630503395768262,0.0
53.9683344731658,12.53385162463035,0.7099097709722209,168.09272445842373,0.14478051255852886,0.0
117.34783176139484,36.79880586880534,11.785059097628526,86.87956192592344,0.7327786440393317,1.0
59.81607338615129,14.411214004350164,4.379655273932585,174.62505522627922,0.3993869068471277,0.0
142.75785069207635,41.24512279175653,18.51776840006623,80.61901249539207,0.788552848525076,1.0
53.58808668906125,8.598253581196486,2.9054291803017374,175.52816070334512,0.34205541252314153,0.0
78.86729893937516,16.492827800711417,1.4324961694816025,153.44357890057174,0.29925861092123573,0.0
65.45454887084497,11.835796803255064,9.013865334557272,120.00317628549737,0.20952169668587,0.0
57.26314757666452,11.030588941431837,3.1546921746831695,136.78461323288502,0.47674310395233715,0.0
70.96642817089862,10.517756710660173,6.49862146463353,153.632795922182,0.24979121249651817,0.0
103.60401328086049,27.748957219458596,17.383767853246,64.82238628999202,0.8526307955751964,1.0
59.562731762308765,8.738250266977921,6.620545533668508,168.50312712170785,0.2786390933427917,0.0
59.18087005081685,15.794141113529069,0.9998885176316339,179.07823843275418,0.2825891834464837,0.0
76.89878082442033,26.277842869930012,18.54779598450337,79.74259118518977,0.7183512829123044,1.0
125.97962093288416,31.774923073643365,18.879415957210828,71.87750072259632,0.8156440607027651,1.0
55.19949013768536,14.818458095636679,5.6731188423037375,171.58229891732725,0.24197867676438506,0.0
107.47199560780874,23.709322831587258,3.3400173276848992,70.47483336323016,0.8330887219858071,1.0
57.659384907257106,2.7152277556124202,5.521639718843469,168.99200074949536,0.30796394130501664,0.0
60.9268780083036,53.83726031674261,16.45225998622643,85.55982094380263,0.6855511237126473,1.0
71.3922359082188,18.075229454327996,5.189453099262839,153.32241900348774,0.26153697316346136,0.0
84.54647202708307,50.59004927635483,17.00603244457113,52.042923362353996,0.7526264896444558,1.0
129.70637635010567,35.86960435642628,15.033410434313415,69.16611236191899,0.7065917565679108,1.0
59.57706197981357,9.853055674428797,5.929776476526774,154.35056906659523,0.30600596302575284,0.0
141.18978201789503,53.04747207340694,21.769479039319624,66.13746840524354,0.802542797382221,1.0
60.33027921953644,5.032397774952264,5.83922920306148,159.36224654947367,0.2407493749574298,0.0
95.61212339505516,47.30095492551333,13.776273529262134,69.31599030843446,0.7598170230514966,1.0
63.174993935608214,14.760232671672398,5.134992524773685,153.82831983754696,0.23482347920570212,0.0
111.8611662860723,15.515047013338602,11.925107837620391,66.06679984246256,0.5966178447667652,1.0
72.65366348137097,8.47122990670812,6.1013035599271035,162.39782547723735,0.33636117922963893,0.0
102.62689098159176,35.48439575646841,12.180573957993207,67.8246828323696,0.7639973046562876,1.0
114.46564628234992,31.95384105476159,15.113104982147782,75.02916310211185,0.8039412416207492,1.0
50.51854979004296,5.012069351535756,2.570469383773722,157.96778975712252,0.2410659782349667,0.0
56.28739583201569,5.299844542063697,6.0411616617715485,155.9792363868007,0.30790319432179486,0.0
82.09754480829383,24.86656152226205,14.927347067404535,75.64402463618183,0.8540664606130519,1.0
44.92646815107486,13.911340732240085,2.6398968410234986,163.24150347868812,0.30961936716566607,0.0
143.92894157230154,37.30267943195001,12.882292988661774,73.23256627423456,0.7903679612396285,1.0
120.16018090824683,35.18513612912049,18.34775965265914,43.82524239489712,0.7359348772917309,1.0
88.67143748198139,15.46714756503893,6.89462001379523,135.01732308923044,0.19795201063910994,0.0
56.02945080619163,14.661086733311636,4.372226704694622,145.2450518815013,0.22345421835424967,0.0
61.930620366019596,1.1335536422090584,5.335427451924267,171.84342615108912,0.4586708598325265,0.0
130.7132032897,26.942678941943168,16.201255819112376,74.94022772371484,0.7448303844924322,1.0
121.42216274867302,42.26517142485413,11.575942055555664,79.91739291977964,0.9420984916907897,1.0
36.635573760960526,13.589368997595576,5.032911595172659,178.30080968799297,0.11280359619596697,0.0
107.61653238985838,36.210305807711855,18.867118751930512,78.93306472152169,0.8345462181511506,1.0
59.014150522687146,7.123361144041173,4.659957908333672,125.68138764951469,0.21814226181433932,0.0
108.88029966057715,57.0486912164411,11.768044838995953,64.0498398043544,0.6796495902481581,1.0
50.80047357971798,1.6912320488311963,5.10165142659241,139.99526701506935,0.3170527838741629,0.0
154.82708147311465,27.777122989783614,10.340565647525683,68.85951823800984,0.9071969840029337,1.0
68.81694790054117,9.678566037711741,7.353415071762844,163.7768783343189,0.22882683806842505,0.0
56.08085209631853,-0.23924714738796027,7.074555205649098,175.43488092736294,0.46935960563697426,0.0
47.24782679214388,11.666593643990975,5.121112801023917,180.2326709709062,0.34729311811712316,0.0
45.38711628979428,7.4050522536707035,6.2173898690457605,168.70168153604942,0.558160862075525,0.0
121.11482993263314,46.34601904588565,11.716800583377625,64.12811941362583,0.8188173488162499,1.0
58.825067592564736,11.395213439107591,3.1986002984566175,138.79856744084785,0.4247218099569175,0.0
115.19373241957923,32.98073995076441,15.444358443640708,71.70549427694398,0.9392788992568905,1.0
83.2010743681258,8.78957056363937,7.728758961338376,162.2505254218465,0.3259037949356826,0.0
71.36334575474261,12.385863671637185,4.246032122001306,145.56866095696427,0.3013399365963925,0.0
122.16491684278176,47.252243024200055,11.370290724908216,59.00751006139662,0.739233972375998,1.0
64.26598400538468,2.9843073494867998,4.807161862194218,136.42888641395513,0.20822027124591702,0.0
56.447082121251235,8.535663607391124,5.230327556249845,173.6324322247595,0.3507257870370413,0.0
121.36074877573455,46.327622257529725,22.297979453423746,86.02727625811306,0.7139951239906996,1.0
137.87014393609763,50.15343992459167,18.61731671089825,69.26934321198453,0.8168970580392572,1.0
90.53911311850753,48.4296124264889,8.785751505759286,71.4117588562791,0.572540086335094,1.0
98.76963124875235,38.34232062804975,11.448606031958795,91.08786355982332,1.001780291848673,1.0
97.8964547986651,43.358755771079956,17.07088339460621,71.75632560565266,0.7833151298733706,1.0
51.95665671418382,15.868722516386413,1.4671054193215034,164.70319403833312,0.39388773488786577,0.0
51.23008714159604,9.894825312331832,5.067625944974668,134.0037595272945,0.23269840302079284,0.0
109.93860029855595,25.405078713040748,21.174394660346014,59.064126819508274,0.7863727799339807,1.0
45.400185918275554,14.826355682488579,6.626588806956841,176.6776186369342,0.24432483731801544,0.0
106.50071581667068,58.34936278418705,14.809202903126062,70.02991658498591,0.8202193873076326,1.0
86.81158293279212,27.185171777491085,10.886614341175981,82.4199051875225,0.7790532299813002,1.0
100.71540560180944,26.006646104393084,11.080653585712433,71.92984503617024,0.6909866630925687,1.0
126.54936174615398,27.981071018534188,19.88416506005427,56.83874203196012,0.8581092773991736,1.0
158.46086945325058,32.64965503202514,17.945782039608865,70.4378187622342,0.7409763028199148,1.0
126.62061035566839,40.78369968162654,9.453509197805555,84.27584970399617,0.6272348873363426,1.0
127.36657882636521,28.90165743606366,9.687177750123134,67.7888331930497,0.7095800341262336,1.0
128.68283801934783,58.19592434700904,8.879136905928032,80.446941232926,0.9687472011521263,1.0
156.70492384602176,64.84485865019056,17.358401408944125,74.5753663958858,0.7268124632833594,1.0
57.84788572216638,13.052871727216507,3.6863454259194164,130.39144758219686,0.33349502590984814,0.0
116.81920176580253,51.22459878194891,12.160136407054305,73.41011404543076,0.8052817569165139,1.0
105.57511331299644,46.78514884164992,13.873570045348123,66.10316171271336,0.7531414697015228,1.0
117.04000650971379,34.71666215899581,20.85765239336764,79.93560270222522,0.9414517141110967,1.0
54.132925419247435,16.07304461151622,6.294578611951377,164.5961025914913,0.44047346302597257,0.0
66.73727921354276,13.322440772724903,5.120799961686785,151.1630751548677,0.34324667550907784,0.0
108.26071216796873,32.613688225887174,17.2954464630399,67.09533703231018,0.8693361676956022,1.0
89.83963903469326,47.33321930840012,20.40195788131407,68.20673583051217,0.7643129641849451,1.0
68.58774816378411,15.918108067511474,5.494160130326886,132.2071393568107,0.3283696614944584,0.0
114.32189017371097,45.943698855756054,10.976567928314406,56.45064768656036,0.7807401531700432,1.0
76.62843883377809,48.92346792865403,15.04738984136074,83.37459565756076,0.8074738642071213,1.0
63.139895302658616,8.45830273399421,2.0111014307069546,141.42141371398765,0.49234209336245827,0.0
52.9453253711166,12.529718740653042,6.380908614590406,166.346422974731,0.3021522058261622,0.0
59.9217506115278,35.01734340131223,8.452462013763242,67.67719476010977,0.7208917502536961,1.0
98.7215219535666,51.05208303935078,21.67092824930518,77.84527272498768,0.8397357076694316,1.0
164.33888127966787,24.844274356587544,15.84164474886446,80.1736221009884,0.9481027413293864,1.0
50.51607405931057,8.9413279909949,6.0917248451617745,170.39596090921276,0.30339946455136574,0.0
32.614461666580716,2.577679502799505,4.092408596393328,150.40032915823693,0.28987283785841234,0.0
127.84430320514484,44.25072504412221,16.77192653419415,65.65524919352355,0.836200843970294,1.0
139.44606782807705,38.483757983225566,9.9688877002059,68.07156036594108,0.6777543699302846,1.0
73.68488714382804,15.663703072888005,5.029180680979625,149.04511335211902,0.2511531901600349,0.0
36.78210452925845,13.417075127126532,1.3759400765839769,136.63937692876652,0.23440549085940346,0.0
137.40308610788134,45.78544761407834,15.216289451460996,76.12471997510313,0.7803747529117714,1.0
103.02389667653082,24.993292754487086,20.09685599142207,64.35048854497197,0.9235577834222748,1.0
39.24171482277832,5.425201927146515,6.889225516810832,147.4086561233577,0.3174400343080703,0.0
109.71985182857881,35.66426016402285,15.876655582179355,73.27555868300901,0.878589574894109,1.0
68.04762463308904,35.20473045538554,21.971712765255674,72.06697650078311,0.8408181956084594,1.0
121.60435767960733,37.63570266685737,21.46788802611506,80.13883464999105,0.8208187358957367,1.0
86.35486361730746,35.350178597831245,10.16444322011224,72.53299127280565,0.7931740243829596,1.0
87.73243318016134,57.04313393186938,7.027173237150936,66.43028382610996,0.8167167187531407,1.0
99.26419791714557,25.103818969897425,18.23692785555027,65.51075871352114,0.7413581169415647,1.0
23.43948790340943,11.353305148698746,2.74718507028498,172.27775850075534,0.0524304248275112,0.0
75.9868637503659,37.05676821309573,10.39871061583201,64.61990676117875,0.7471589638944163,1.0
51.7921161754128,10.880577498872212,6.077589268782217,144.65903573365844,0.31267368179937827,0.0
128.12644576068757,39.834122981486736,16.434294358451965,52.34474748813663,0.7507361345492778,1.0
78.15257251333044,5.906778511490176,2.504996966740862,144.3199425745791,0.20220049188160655,0.0
75.67317862804134,26.643628348516103,18.834860297434243,72.48699288397809,0.5859738906462676,1.0
62.02431096035791,12.927452164239206,3.4143192046057997,130.14397950730677,0.30693029539123295,0.0
91.41263748270117,48.13155222836221,17.426619256486614,69.70560448300826,0.8130669602936214,1.0
111.51329777430361,55.040481536820266,19.285988980728327,69.16647693903649,0.765237221624238,1.0
135.57449042534498,49.55315222277094,25.692710350279537,75.51681714502605,0.6539762739340046,1.0
109.16642358541199,43.572727074571524,15.746307698019978,76.3297131192695,0.9421660112413979,1.0
140.4259434314476,39.81745275487002,18.78607472623199,65.72316635600683,0.7678019337790464,1.0
71.73556772708913,7.577512342882428,5.283222668928542,147.6611441765913,0.12479689352628245,0.0
33.14549275334497,13.833925443557895,4.686314292688297,168.65533763445504,0.41341553066978876,0.0
96.45387804333883,41.123399213636155,19.982789428240594,58.72568166632615,0.830914620231379,1.0
68.20397780537994,14.742352698457571,7.576503991655292,122.52106216657458,0.12453706085607325,0.0
39.59838029062451,12.685931819473902,4.194616959019309,156.12333281991525,0.5146627865995514,0.0
98.75942136874212,27.56159240217504,11.902898131739814,58.728247855909274,0.7805359550882733,1.0
123.22358380860678,30.645910463885187,7.531749902906322,71.03557452567436,0.7537005396145567,1.0
80.87780894981734,2.128695465015104,8.044655625124395,120.92543684986963,0.36032051849613284,0.0
165.24878571708047,35.43618949221773,20.338287797081584,78.22110622517229,0.7640327910264252,1.0
53.13356046976075,9.68771992888298,1.287397295289603,154.4615615974535,0.4878204701062774,0.0
132.4921964808404,37.594344588053524,12.844824397773833,75.44337488700562,0.9586078706938512,1.0
113.57523487907562,49.5659845677378,21.56195900243249,83.55464367591539,0.7895530981041496,1.0
136.9350868588205,48.72831297090277,1.0466051708466182,81.90844710873488,0.8524977353829651,1.0
80.26231037177936,40.37547079082264,11.642856200686856,61.92149192326092,0.9026426099116717,1.0
79.05299938258952,13.696793140162944,3.6995495267082266,170.89494064982122,0.18024256986454584,0.0
96.06088903996479,31.877412975570465,23.029273896524124,56.86038770653816,0.747875819777158,1.0
128.79945616211393,41.23845284317301,17.56648939905472,93.39564987631233,0.757209301184357,1.0
122.77825461192904,32.49425331838134,19.31598535109326,71.67052754698459,0.851350153242437,1.0
77.26644260561483,13.022317892329264,2.4749998100078914,137.38549088270562,0.37226335055121174,0.0
147.40426030698427,35.306623094186754,22.240109024551685,71.09209634637912,0.9286479865495427,1.0
6.847484376936848,9.129226076130493,0.994469669584257,122.16645587440708,0.2849051015125963,0.0
70.46071202494139,16.001149390880908,4.825234908110508,160.00865216926988,0.19058688436050247,0.0
62.4843594382217,2.9335680055523667,5.495219607165041,154.05071846186587,0.16262152375236902,0.0
75.23387411340684,7.469319679663506,3.5969953750111867,130.94464262339775,0.20516890229749035,0.0
62.573660451458004,6.379758718135582,4.773904825936019,193.35021334080372,0.1790764818750607,0.0
54.87890056411853,11.790860084773627,1.2747192449163545,142.10359201290953,0.4662120601323402,0.0
67.21961696479235,14.678631218275832,4.06686417222715,165.19837104112455,0.29068521927576757,0.0
69.23577131354216,16.432268156499834,3.178047473375165,141.56819207250112,0.25848890223700993,0.0
94.0114763407541,51.619749323884534,21.324576678665164,61.477751880126945,0.686471351446302,1.0
118.20972411413221,58.657653429296246,22.931712075118945,70.11807709076358,0.7487830588721183,1.0
65.31073752400826,8.712032300197663,2.6944787465458147,148.00561571334788,0.30478913873151864,0.0
73.40169309900764,0.42779466712510406,3.8161279638528405,180.60227780740368,0.3064159185729636,0.0
132.0174236723453,52.471114182155695,17.708193480088198,64.71387284847286,0.8378342780863962,1.0
108.3840719635101,36.170548735152664,19.323124938893727,70.12104402818375,0.8195419025490928,1.0
129.45111176437902,46.20997689281917,8.7284427996619,69.52098787951928,0.6434893759345164,1.0
76.67351103513167,13.04743394956397,3.3301183352824273,174.90573895853785,0.2654235959503576,0.0
58.68780840892812,6.382903654571992,5.212576318457864,168.91613786505124,0.23867133368927584,0.0
120.0047871205461,50.73929980529313,16.455637721799388,88.19578360763025,1.053598202667927,1.0
98.56126781544442,22.432476634153403,7.314825131438769,53.071331585898974,0.7420118885937168,1.0
57.62456293177735,14.765376091451483,5.466680896762431,127.73861218252996,0.26832630281244885,0.0
61.39711166620845,8.79223032016878,5.957767886333718,174.2556292599109,0.3825418047449029,0.0
59.535790665663306,19.114184781685424,3.221590706514804,149.33638085943886,0.3510355273329157,0.0
94.13527963691638,21.6673018220057,16.57883478404692,79.18355369149153,0.8139970623708753,1.0
115.5721338313992,44.642592279049026,23.48703614531423,85.2534432935085,0.9037280524173813,1.0
51.54368721787297,2.8638669341007734,6.799561095829262,137.8746165329134,0.3768565524143775,0.0
101.98595842257862,27.784767154178468,21.58683164904108,65.97743824169311,0.8422539230478049,1.0
106.69047008601729,39.88898593860789,14.316490916657205,80.86264570269742,0.7975227112554472,1.0
65.71261420644504,7.930034582428586,2.803435981545101,124.73568736898955,0.2486418846459688,0.0
52.584452617254996,36.08803223571792,15.393328015496303,71.34358401165086,0.7678908696713452,1.0
45.75665884602661,11.043326107499386,5.402670110091744,140.23396715595752,0.2628164523960905,0.0
63.965533805976534,10.459827046626335,4.721473246173537,154.3367827589122,0.35455173649602284,0.0
45.115398173971045,8.49725215571711,4.598804364126237,165.03348316350633,0.3090262627725374,0.0
54.88382245619099,15.585331298641862,2.803520037800111,150.21171653418602,0.08469858034886132,0.0
69.77404113317428,49.609025931744085,15.273991198019866,69.0301968400961,0.8498871412619122,1.0
72.16912185792691,14.453635721234187,7.133931200651036,166.67766496448132,0.20165459436356992,0.0
64.43649063464943,15.378429085395702,7.603415532048373,146.4813940514381,0.47050683595725645,0.0
94.07110631369201,24.287568910595837,14.173750553249755,66.88681974923631,0.7898868530851402,1.0
82.03601278388439,13.36090158914505,4.751922113190043,126.93398501337805,0.42346941889997597,0.0
52.86359613462435,11.035271223642898,3.712170632601242,152.87277990934982,0.12139248226740734,0.0
57.54661982473176,16.557617273279902,5.800046009619905,183.50691516772235,0.3701408311185592,0.0
73.00305181461206,5.4909636501275685,5.66204753525056,155.11148397988094,0.14273933576979164,0.0
82.29081421753567,39.647361733953915,16.67152121707621,53.21889323479763,0.9737117572008502,1.0
30.63472286618082,8.304955559886626,4.562454172211884,119.48677193167715,0.2313565172018699,0.0
93.88601650798927,31.512463622002798,22.53439470774394,62.9176813879669,0.7985738316243852,1.0
75.24761359715843,16.875931012164216,4.931748498082674,147.13980987787005,0.32973383383432975,0.0
106.88843711086061,28.237390294435816,6.416143151141258,69.98594375734285,0.6571269168177959,1.0
47.892992494089064,9.284429651007141,3.0283506885343225,164.03690302803008,0.44541395489660807,0.0
50.089293413544674,13.422448279117605,1.194884177865498,166.01337752317338,0.30322938120349624,0.0
94.02553577442819,49.77216182276471,12.741428347409997,64.8080497468867,0.7495624383313948,1.0
32.03245415740503,11.447761548935079,5.615025290318811,156.98311035360967,0.18126142534853362,0.0
111.11497354738806,44.45785409513149,11.758239047050631,79.73999884917204,0.6882225427382942,1.0
121.38942450650015,36.067458154375956,16.25176168446507,58.40932236731197,0.7510339424244751,1.0
86.97603875895713,10.364477357750278,17.36525408467232,83.52025522842787,0.7883620557365819,1.0
125.50311734379841,33.02387403256563,19.69958230022907,52.94832854818119,0.6797258398580371,1.0
47.91135879214689,7.071161272042093,6.540252357636683,169.05452257541702,0.20408718388182956,0.0
49.72471145908422,13.504137668505273,3.8725476732655553,140.2992089184666,0.31542225440625826,0.0
111.21130612656492,36.071959850907106,20.902856770522142,68.67010692620292,0.7871023979528007,1.0
95.81684860813407,63.27705329229423,16.738790356516798,78.28874412469384,0.9625882809277385,1.0
94.99903072409109,46.737432357328544,16.200696347283735,70.03931832828407,0.7723509419639836,1.0
81.19020293166818,43.87006294871415,9.513982063383072,72.33554412724848,0.7328416241887231,1.0
42.98958435502143,11.388488382170808,6.307896740517345,157.42079734645023,0.2292211317873055,0.0
49.356958115879365,6.642460829487871,8.178415224202809,136.56606577248363,0.22132568019553234,0.0
68.53061908453728,18.577713505607118,3.469275927038138,142.4187551429576,0.3955765119226282,0.0
103.2983880558342,49.03661658773202,4.627064792787987,79.44004500946878,0.6136680867404113,1.0
153.30005837527688,59.572913637677644,19.734292122620467,60.89003890481954,0.8920248403560278,1.0
110.0478151245754,35.678113261753694,15.984489404309045,56.68170891124512,0.9471749036222965,1.0
61.04439100810846,6.87797828187492,6.4775572418084,116.75833529374745,0.2104419917880468,0.0
68.25946221259295,6.657217821167927,3.9953903803509543,170.3759400690004,0.40541349759917744,0.0
73.17690989240153,12.251725010959227,5.3344476395674905,161.2768279746346,0.1779439943379052,0.0
105.10462150363355,52.399090438241544,8.619134024086351,56.48916518466028,0.7175391365193454,1.0
140.20912010504713,32.20154341018974,15.993602043383428,89.71851218670058,0.719783816775381,1.0
129.19858892609278,58.86641241401951,5.197962782795793,81.97270663454145,0.9188483822104895,1.0
110.09494727605961,57.59069563420425,18.057198626528,63.43158816199594,0.698993161012331,1.0
62.11686945439487,12.472332091541551,3.426994087436783,135.194302371233,0.3612713185962954,0.0
76.23154070017979,5.707475722521426,2.8973721097635923,164.48652788770295,0.2815807675359264,0.0
77.08542941648606,6.746668385815727,4.613077742042678,137.942311901969,0.37568213571454895,0.0
67.24432204980562,3.523605517361636,5.961419401390544,153.33627880016536,0.4678684413952538,0.0
41.819364206195715,17.303429493452096,2.0081433306208814,129.99768895558032,0.12681301631900646,0.0
93.98614997050946,26.844125387959334,2.3648301137112355,57.93058560993629,0.7935721929221969,1.0
74.26917528046366,12.783077732134391,3.504853703223697,153.88531551819983,0.22545836392880808,0.0
111.22613394134642,56.9743527710251,4.714624451243941,74.87821053239159,0.7946754563840046,1.0
30.75070345773044,2.4501034055069004,6.843317050794326,165.91896980261117,0.2839570406621852,0.0
117.5306990228145,51.61886613735966,19.472517516509953,79.03681087646504,0.7348666296876255,1.0
48.893142671625796,4.75827743633106,3.1113122663445227,144.19250360904735,0.0708313246834473,0.0
119.67218710087464,42.01044635378979,17.43230080133983,58.23788604636394,0.8092306676978818,1.0
48.920713731878166,2.0798429678371075,1.2067059538357552,155.2649094631291,0.3112534906159315,0.0
124.93616928561428,41.63638636443748,20.046337444896178,72.39711743773093,0.7803907432736032,1.0
125.68765833034777,44.44750410108712,22.221441209492138,77.56275307752482,0.6900266519001151,1.0
53.14663580177502,15.793794817807614,6.328034392770741,153.12001324938083,0.461840104198768,0.0
48.357685523356295,6.611359812707961,7.759927323737973,154.9990970138928,0.25849118510398267,0.0
107.98001174139124,67.65964751758438,12.779525410346984,83.27501106428157,0.7193705617338294,1.0
118.08223151170654,45.40045453508872,20.22298155355991,70.69394510081665,0.7911828649408225,1.0
127.55241453585725,60.52363830656501,11.586145105671504,66.3443008166072,0.8003597218443816,1.0
89.13736192568925,28.126311025219035,19.087902868625775,56.60641640366536,0.7647072422680108,1.0
132.8344197336342,43.038590833905324,7.502233931215678,70.73326100591866,0.7166070756737459,1.0
58.32369274088051,11.132707155480599,6.933026799858505,132.1525542744589,0.2413756944701925,0.0
45.52030360579713,16.865155659362806,3.925571461891428,154.0969870049775,0.326469582324897,0.0
121.19089656418575,45.17099639856704,16.682523718129133,60.97576403071191,0.7199950772372883,1.0
58.08741299262038,10.4253927934723,3.173189409499985,146.6315514030692,0.26416660752297716,0.0
97.85486474464682,24.824341152719676,18.858231355882044,80.90930475217718,0.7963781483860859,1.0
71.2121547838162,57.41283561463497,17.85914916809061,86.11792095429925,0.6778053699872056,1.0
138.2089358629437,33.8834553645366,15.391863631234592,59.591023448474445,0.811639202468483,1.0
130.868664852042,30.018110846612856,13.697737406018302,69.3019069090642,0.9013822261330604,1.0
52.15650664785708,10.085389535435104,6.602290980036025,148.4787881225751,0.34729127451581565,0.0
103.2163025033621,55.72578067136594,15.684943815878086,67.62796646683837,0.8348308832473192,1.0
83.89868825207492,1.414299686371498,3.833511292046929,179.88591665676577,0.331693515380134,0.0
112.34568977557257,26.28852764188032,13.930832042186106,79.25500797741796,0.7770804998782211,1.0
73.25547723416312,7.127437708642946,2.5724004323590246,173.21818819155305,0.4215273485650813,0.0
117.57739401278847,36.87948356527914,12.049837253740954,66.18392489064553,0.7909378870213817,1.0
115.42638815492965,43.05266401257343,17.75133006105617,66.85505485124223,0.8189215271243437,1.0
49.052814865230864,17.363432097432177,2.7032580511928357,181.32721817991427,0.23862398120382272,0.0
54.11970913743998,13.669224467974379,3.3622744943895375,161.1079760873654,0.3384801816731118,0.0
59.04420665341847,6.183391827012043,8.16299653205205,180.49081654065304,0.240418190961958,0.0
139.02817053642875,44.107489993689924,19.146763392050456,53.01894464081035,0.6629120148487417,1.0
122.3421421779887,47.72352855176825,8.524486013164424,72.72219310162004,0.7231217737969973,1.0
91.45796271582272,7.883173304421396,6.407993517271073,171.69469681813297,0.34232547158993354,0.0
55.21872398354184,8.583304592914121,2.9811774858660476,176.14779822168683,0.39388706752842145,0.0
134.74797373256214,42.925926165159716,17.649808491048635,69.64191867435403,0.8172472985662035,1.0
90.67893262266955,52.52599773949651,20.866793574096672,51.31436619654531,0.8399894534488378,1.0
116.59878645545652,36.73185007285747,14.17982156886181,78.70780122894816,0.8206791223363733,1.0
120.52292710370891,28.996776531144253,13.388920806682203,66.80111362925632,0.7811901962137195,1.0
116.79735752092353,52.980670453668,18.697214507368052,62.43020500987855,0.9608771323928837,1.0
98.8059022856543,13.38377212590531,6.119741623963913,174.93765737069464,0.3051183382390348,0.0
113.27537461404353,30.798744976715312,6.364020185921838,72.17353459226428,0.6844767830699674,1.0
53.39604370769261,5.2375846036449065,9.18459022443924,147.36625350746266,0.2933341379411272,0.0
75.04627592943258,11.77938826572453,7.708574026273885,148.44818072456837,0.2787548072822548,0.0
111.74065720680265,34.78319533579953,10.298683175136949,66.0994907865462,0.5979500908210611,1.0
89.81888747507291,-0.3986912128292701,18.23957837660577,79.6808606223678,0.7784209799658773,1.0
49.70895397410409,14.120002849874252,4.56532598436254,177.30012712554628,0.16877960342827622,0.0
73.57604134380935,6.3418750745377945,6.666359235036107,165.93606519365784,0.13775862977805114,0.0
97.48707711247343,48.438539971069154,23.062578669331455,62.90455005859517,0.7776589770344583,1.0
129.69061413114457,24.45898539359037,5.5412353306558835,64.12803383305683,0.5959844727463279,1.0
68.86538486485588,15.936532538536763,8.279422568285472,100.56196795256803,0.22616734685555764,0.0
74.1843340593745,64.31912944095511,18.912132211346858,73.74173903418937,0.7846989770079519,1.0
102.83748250927542,23.207245685128914,12.265009767753874,77.8722024425277,0.7072348879852699,1.0
43.273274120735074,5.001368912160749,4.13454792708346,160.71519411220999,0.5365248071038241,0.0
72.05491042139296,15.264724252511334,3.706889988455864,143.61031060218377,0.18961460753852877,0.0
113.90397469502581,11.182680566689669,24.57325722289582,62.17076680175299,0.8235185244187624,1.0
49.36530031359592,19.827058245493866,6.131635372187436,144.69963234291615,0.3326353314362303,0.0
44.79961247680015,26.538126892058887,4.856400043458873,154.0097614267194,0.35354987843889923,0.0
80.02945234343186,62.52396181778474,16.834617498410914,70.30325154582219,0.8654522732919818,1.0
121.08852939093829,52.91878560791565,14.4902057115069,61.778704807808545,0.6166134442306416,1.0
99.57808918923071,58.013626936045064,26.0620098412125,70.40625282121002,0.6851948414036628,1.0
147.98017353356457,40.39314398537329,13.722629076369437,72.78148324356307,0.7772727191164067,1.0
69.53040693112061,14.529082208716304,2.7566152788407914,145.91959272224304,0.22979551696498332,0.0
53.670366625304375,9.194979635922603,8.26182351057125,164.0735947076247,0.3761201790114147,0.0
51.318679787480406,10.933073958800406,3.775399576570587,180.0025704815735,0.29346588993500106,0.0
62.60321281309906,11.54166908019818,9.15984560348959,189.28949720198017,0.27464010919204396,0.0
57.06585666250973,11.405162671510224,3.0817983337770123,114.86762181322422,0.4628644321315801,0.0
112.18965176351169,29.36118814174071,25.58452718176744,64.32576562683248,0.7923768557294851,1.0
122.13455878419802,17.238874980036577,8.959866705627183,63.3417378667233,0.6460234198875294,1.0
106.43907549497224,16.55726590434589,17.091738931975648,61.036011195467346,0.8308896123741552,1.0
35.08118573706006,11.59610747225819,2.57439949088442,169.6974876967738,0.36338011986222724,0.0
47.72700039353202,8.449706823640584,1.8010902504550188,161.23047809658254,0.22690121644035532,0.0
82.99649539653045,14.922192941281057,5.688088530620067,152.1354297481023,0.07295737394831095,0.0
65.21037111355709,10.268697691599977,1.8459173114679928,114.78126568106987,0.3441916615211906,0.0
122.38812876510806,22.47989946452583,7.848035168805717,53.54961941604113,0.8775157310072367,1.0
105.18961515221562,36.2068865310361,16.146255400349983,65.49689442660092,0.7852415333500776,1.0
117.19118988196018,45.24170114385431,22.65715832963602,74.27949844263253,0.6120313000418325,1.0
56.24369472508113,9.91753701330589,5.454595050859407,178.51401883061075,0.21983728163779256,0.0
56.88766516341527,18.415935584471463,4.167361743931018,144.7559412152343,0.3184323126492216,0.0
116.61156064984664,41.517708970753844,12.791973277819768,78.78248691823346,0.7969304781773657,1.0
59.224889394263705,14.20704541180092,9.71295157991511,168.53848769360573,0.3138362715944027,0.0
63.2029136131862,12.586683569236392,4.509562809292567,137.28094883587545,0.22446231156150878,0.0
55.03458330726103,11.560484875565354,8.06580458098302,123.94686225190931,0.32260624380773467,0.0
144.1932752509473,28.345084805574494,13.18066763464002,78.41434361424801,0.6654030567609521,1.0
64.08362764034646,10.528450172360053,1.8538635300464876,145.4780496639913,0.4475193911340133,0.0
74.74442376397212,4.9927196242479255,7.153253595047,158.20602338350395,0.055217575847158,0.0
80.31258830166362,2.1767415281163256,7.67217770384163,137.6467473999243,0.30192278993975535,0.0
84.77362314112446,27.95142560036863,16.870278044210707,71.87757656940826,0.8443340826751382,1.0
63.443635385155126,14.49708574709511,4.555914588961064,147.88938679035581,0.2146863185568157,0.0
89.33963860908185,16.77755355415977,6.31933133583146,111.97071459105638,0.3050267500795238,0.0
66.56491135689573,-1.9950345361329624,3.9002849206683656,136.69386409883683,0.23328206051370004,0.0
122.27897765713502,55.39810149145597,17.390484774713144,69.04090057572054,0.7922574865144608,1.0
80.55984360632779,10.346687722636036,1.6178889276568849,181.94475725087767,0.5314838773148707,0.0
121.54939301537188,42.37022519469028,12.636902656690673,78.38330724699583,0.8862142697994435,1.0
140.28880770442623,48.25899184494731,14.769328102011032,84.76739099372259,0.6848189615431456,1.0
56.4585276807273,0.6230881816219078,3.845607157624252,133.8685825684335,0.43955797532842056,0.0
86.28927607144017,20.014191212940318,15.75672498923708,66.68380332794408,0.7612098137470457,1.0
65.17067546682583,10.797683536883056,5.91077988223602,173.11293326664747,0.04389760362392242,0.0
54.4847447734734,15.573281635108003,6.73980542703836,179.81583708670115,0.16916674541583332,0.0
116.28435205615804,47.870340396057884,6.82246641631723,73.69300777955458,0.9180110491106244,1.0
74.67672073001046,6.5787213895854,0.5813629319047733,146.36848614743394,0.15088799801333527,0.0
49.56763000439095,11.322850509783825,4.228884439930574,115.300047675604,0.39177972802920724,0.0
64.1655670240943,44.784428556084805,19.96510753700701,80.25153246183437,0.8463496912900966,1.0
87.84151488095505,54.94344310635106,3.262919964058762,63.10403560569058,0.6041574511473715,1.0
79.80019155796614,7.628200471740119,5.765021266145528,148.08770863114506,0.4640088659183303,0.0
104.65235827548324,6.5945894930668825,5.030010263220115,148.3745680503126,0.339548750107535,0.0
62.6858571358621,6.95727198042406,3.5577236172456526,132.12243066414658,0.19114774395185763,0.0
94.67894591639929,33.9192100830854,17.897235672021438,77.71926654976563,0.7660746396636458,1.0
102.9517428861759,35.24186328706664,10.117554263709625,70.77295956456094,0.7187498686687667,1.0
74.72388244508146,41.74049085470153,18.79006448960535,89.79941353016865,0.830555558392682,1.0
29.50353661919688,0.5406796913767487,6.2954947717771885,132.145250733888,0.30320095983313705,0.0
129.60660988915438,49.07696838364304,21.848791175213883,76.46855723002342,0.8063340094106257,1.0
102.52871381150284,44.452820163617666,11.189401969290948,61.10690446962653,0.6359015056177826,1.0
133.39611286052582,40.12753121512419,18.999798776496107,78.02271639188172,0.6315523759222291,1.0
65.47247758930321,12.363217229244812,6.902452627810823,147.88681839698734,0.16494656721745438,0.0
99.09146596868513,29.98176809794296,8.503519524017253,74.76120631335269,0.8234173783432955,1.0
83.70555291973531,2.353338374297258,7.395689575548651,114.23627513401264,0.3675174445695702,0.0
61.59620783398959,16.21440017940655,3.3409688426618196,166.15158844437744,0.39291994580873024,0.0
127.40602169603245,31.294735581837493,21.76872534766207,85.19085075495221,0.7115305516539185,1.0
114.54403717730166,39.69287508587091,22.6645331575093,74.70238795339051,0.7750819482392475,1.0
92.07019925307338,34.39804925066875,16.59372704798829,73.11536379948066,0.81909314284075,1.0
54.24736088725732,6.654608324173904,5.072983771413025,155.9249192448981,0.35478764653237116,0.0
107.30259974398943,46.46541777913036,12.298861298497073,86.21513521113557,0.7719406777820347,1.0
116.63930978268087,20.5978879367905,15.32424277951887,63.00465103377728,0.6612914399251634,1.0
93.46716657312504,-4.761316564516839,8.475748192067824,140.63095248652945,0.2606370698952375,0.0
68.93109008754303,4.83065312209545,5.228392558341891,158.8017970736243,0.1812202330425189,0.0
133.85432628958026,34.6137874871924,16.365575522441546,69.0502664950012,0.8212730094438698,1.0
123.90683633775225,35.45770712928355,11.276625794691636,78.60584889127783,0.8796183866885373,1.0
115.92172191566529,53.422994110297324,10.676206415220616,70.81889518865705,0.8105217640240553,1.0
17.37242408450117,7.220013690084009,3.2929886100267245,127.5024642584795,0.3820816760720189,0.0
52.418548170027314,-1.0802014825500734,4.68379270839893,178.37828010709887,0.4478879300553187,0.0
110.26681793401107,33.5935689358999,11.641100500008648,69.57164437847113,0.7940299921606777,1.0
92.36327692264773,16.68844705828064,10.037237797939767,87.44133570322826,0.8821342895676616,1.0
132.66029593065772,30.00040950760343,17.54222901088811,71.82957485561057,0.8318722088191599,1.0
86.30105470132204,62.52380248426538,20.679275068616025,79.12608468385736,0.7602678755089218,1.0
81.75023952761345,12.798468379285339,13.21914754725115,42.879904376802116,0.7133940612420866,1.0
51.091045662333556,10.478517490174838,4.987322200393028,169.194242128697,0.4078479680363858,0.0
88.35895888573657,23.859715599947876,13.853581457597585,68.3799158276519,0.6920380932333946,1.0
107.00943941120549,38.69326673676212,11.194745063309579,77.02928944735838,0.8754688554848397,1.0
44.787494163009995,13.413479005623081,8.876843944272732,115.71689876751779,0.13728735736914072,0.0
77.4551929624293,8.690261209298637,6.51870675528264,107.23765079062755,0.37273021746550944,0.0
100.0163217150529,57.51023417263103,12.579501110750687,58.69936696590351,0.7045871010666415,1.0
54.660884347210704,11.405678371986504,2.6600109678338404,116.26754887373741,0.3489914042589324,0.0
138.5884653308325,36.207951126117905,12.595451248417975,72.33747446674413,0.9679336710598355,1.0
121.84086723154306,43.96075522053029,9.908914702562857,70.49914641355515,0.9296793490374542,1.0
64.24672358768144,5.488276233751035,6.075216557072501,171.28590659784504,0.286916893553334,0.0
78.90763064815876,29.081182675879894,20.629455479814663,83.2161412779923,1.0335041717876052,1.0
55.600335712492324,7.093679859168169,6.598750094844277,157.96616792535175,0.1466981301732278,0.0
62.68470871216356,5.603322697324208,2.3523352253764163,137.24540271172233,0.2835486017038658,0.0
89.69681891760533,20.64229907216242,21.66582550243765,89.98906917218588,0.6583751204892349,1.0
76.4165336140986,11.25362627415073,3.4004273789651442,168.5891716896801,0.293467430859562,0.0
79.14344119847505,26.583693729459096,14.2867716529524,68.13752967850094,0.7824638428049764,1.0
99.69162448364627,55.18004563793582,14.743741724584103,80.71989248050357,0.8924390902262418,1.0
76.1690253857216,16.661839020767736,15.20847516138292,59.95511938061185,0.8940560674939688,1.0
81.66937117933803,42.291914065602114,10.058901021551673,79.94661181498986,0.8754718620267163,1.0
148.67642074102443,24.102993585694026,9.001377816356143,49.145766067822144,0.7336402297745171,1.0
103.4909724145705,43.21929600304833,19.520980746472205,66.20648613102334,0.8756483283833938,1.0
73.14174311998985,2.6245897248215586,1.0348235576264257,140.0375228531472,0.3722416305125874,0.0
67.2740747167945,8.73008831810986,6.401296891051258,132.97595637264305,0.0891178176341629,0.0
97.76798037026899,32.26378952723171,8.660097510246352,73.25561640115275,0.7670021976195542,1.0
106.21266001935584,47.35837960911668,10.345001721838456,77.35982861985171,0.7758735974510937,1.0
59.71390357425164,16.68723736936631,5.331248156370906,161.76880001870174,0.32114351713895606,0.0
70.28290205944148,44.40068287223404,21.699113232696376,71.5750774892245,1.0025129625604268,1.0
94.57749178156962,20.25496947200869,12.70852246572846,74.20604196343878,0.7133993315610281,1.0
83.87254814047263,26.96425314960033,11.679787624002946,71.82394435404562,0.8414981853819512,1.0
59.899740094669234,4.876536421996854,5.312206371845672,135.51457210558578,0.2489917241258534,0.0
48.77895199654674,5.547868814439411,6.8980354123471885,158.12227285387553,0.356448960533401,0.0
42.80016030265541,16.84656068819019,6.92282461505647,139.99756290695544,0.3313215923471164,0.0
56.61903608134042,17.12458921665008,5.918512040264527,148.20048156772688,0.24364008636562565,0.0
130.56753414963558,30.45275548395214,6.606075915900112,75.42937300055351,0.8609152494218467,1.0
138.81924740242127,35.00051947810468,12.254176266417765,47.66299560171548,0.8171333978588124,1.0
115.09615936714998,41.540054097606586,14.019246770848184,84.57100855232892,0.7844480061651463,1.0
70.38507961204837,21.07127672032718,10.395661725821098,76.61747617137229,0.8971539952927101,1.0
118.47460575017794,36.98489186133551,25.0802267803942,68.65466596433468,0.6830998825722316,1.0
34.57605318763679,9.59301026796722,4.513882383551274,140.112571470406,0.1075435886356613,0.0
41.36812610060473,6.765360363162352,4.325110620992021,136.43975809204338,0.3559887241529383,0.0
114.75945208972708,30.150035659706575,19.83872450632354,85.75358389165133,0.7379564115657342,1.0
79.30748883641468,8.916359435169303,5.1601979094654755,161.74554782240233,0.3061185703448837,0.0
94.29269647871794,43.61873770342708,18.727436993722332,61.15205012856693,0.8226679322244514,1.0
98.03812155252152,41.1034429823642,18.19199823413362,59.219353834273676,0.8153855047101688,1.0
164.47869717096944,38.29598546441647,6.7695665072058695,78.82458255171031,0.9216832822806719,1.0
147.67335888640335,21.968100737684686,26.711462625237925,69.18097605502112,0.6426231368643756,1.0
78.83626254875725,7.474014740824943,4.636217802845733,173.0506986231834,0.3331375264785537,0.0
118.27516514318982,41.448713013075384,15.11452995770045,40.3671354283595,0.9493805981314768,1.0
80.97704434930651,13.464670652550575,1.7654585989175806,113.72549234117568,0.39328575475639665,0.0
28.445648598868353,15.497022183846703,1.2217925037367205,150.4392575396117,0.5143884186060863,0.0
65.34555112293016,19.24504232437436,6.693020662841562,130.73350803691469,0.12922389426225442,0.0
123.67352411862784,33.16182933812258,11.041989862779598,85.86975595340776,0.580237317990667,1.0
67.59595746248573,20.061802002814744,6.339725263715757,145.25569223287715,0.3895454460847052,0.0
76.1175259916232,15.586326743980038,6.1512588430165565,173.4674259404198,0.2767454584219331,0.0
117.69740649299052,50.713002743890115,20.4663657813522,75.21460428093421,0.6980247007188166,1.0
93.6818734929818,43.828355965052225,22.363207071996435,58.44606018975888,0.8311803537588024,1.0
62.27950795655546,16.035218595844714,5.732282283752799,157.3625292475451,0.41322100409678886,0.0
108.49385495303147,33.01340853603097,15.787065092400983,74.85643940890597,0.7153028534981622,1.0
86.88958338218403,3.912058677302981,3.8549304989111732,159.82479698473153,0.3412255971183877,0.0
90.84706310021262,33.49944809147689,16.36725972401189,77.93856729612361,0.9578138044980111,1.0
110.54459771631184,40.11246299338328,16.757933487197356,73.42852741463773,0.712999927657602,1.0
37.768433473017865,3.5976913603285654,5.091258559626515,176.8622351389573,0.1747298135302558,0.0
108.69206991668743,44.70264956656523,13.8721123801773,76.9337567697032,0.9200442237425355,1.0
68.96775161144637,36.832478912941966,11.693203265886126,76.97129899974142,0.7984970374583681,1.0
100.828670691307,48.80011926569878,14.877720375514016,74.86767162511296,0.7252895508322895,1.0
89.78424666414915,5.301706667129492,3.924972633502972,170.04286464992364,0.4468749695647233,0.0
51.994985252662126,12.33052165547086,2.683181082404679,120.20325223976391,0.4111344638671359,0.0
43.464312072182864,13.756417984277316,4.084633349037956,129.56329508399833,0.2940456692893017,0.0
43.623015560981194,10.377309660024606,4.427035444839751,179.59716248716487,0.2541663375441462,0.0
41.965524609853205,6.965186350260983,6.439348378436831,169.51527601845294,0.17070826840186715,0.0
68.8723747455644,9.639987887757039,3.4294245653288433,140.98005167252242,0.37357950092002556,0.0
92.75073264450563,34.44384281865795,21.187212297774316,82.78975437816467,0.7081287287015592,1.0
80.48439707825531,18.409386214066508,10.919224827826909,63.34723958364128,0.7090587794101957,1.0
141.30738567876196,35.4389181196916,18.390470115993793,63.9619089099196,0.7860257431943588,1.0
122.44663611944901,41.57482369937229,9.96771579371296,76.36384861088534,0.8759635570656564,1.0
79.12311261821532,9.861877832865934,5.778475609585934,126.96922274557116,0.2460737380119442,0.0
118.11109507142528,65.98073112863037,17.902897742459633,51.638547547274584,0.9440475056447841,1.0
53.499382259116295,9.95947279756603,2.984688205083776,127.0684156699269,0.2790339798701567,0.0
102.76216947706924,18.488304229344656,16.877806828988355,67.94722727562066,0.8147254323317108,1.0
142.63164626661597,50.940467437287154,16.84391830058023,70.76631093126616,0.8958843794660454,1.0
54.1738591712381,1.5283683716656444,5.1657364020991,141.71687573700686,0.3196029381676883,0.0
83.23318407004801,2.1244798066018964,4.599333355476858,141.78456437814086,0.3568196731824642,0.0
61.84937304494165,9.865928988522882,2.1130335156304776,155.84777867066956,0.23387191478977104,0.0
114.95499563355754,45.98218184780191,5.804183694689263,66.16443697205139,0.8301136949184117,1.0
120.99190323496177,39.98443062148365,10.611191093906035,71.12152252515318,0.7507808193082481,1.0
62.678410289406465,17.2641323415496,4.797029910635682,143.60360639819453,0.3682599259743212,0.0
99.10236466534496,43.95153156445723,17.086595097727347,66.49125678006291,0.7913800908323025,1.0
125.30864285107074,29.940843729077073,17.405669735808452,79.92797034518915,0.809182236707837,1.0
61.135331176068966,7.925592664947057,6.67655430124375,165.91201449466942,0.17594057959718107,0.0
24.054766722805056,22.44434124523373,10.287054292986976,115.35025226751242,0.09070424393713747,0.0
87.54140183640763,17.093701458457147,5.919554348992473,182.1409655506862,0.26725713172853366,0.0
124.73337942803612,47.20150247039116,23.537506038218254,73.13585615410653,0.7008976785377643,1.0
114.9870823391534,38.14086041940492,12.808219943469835,83.98615039737534,0.7850294780687594,1.0
54.02816056379539,11.748681636051144,5.582306723557421,157.54079661156834,0.09059159340895453,0.0
86.89648541902312,12.651288279178004,7.524617687915054,157.87848635784096,0.41332909480082836,0.0
83.17631121100217,55.622949226277655,33.837272045497556,53.93707537751902,0.7684331400001628,1.0
42.291490506867234,4.1107889696160305,10.123078219933102,149.503270481746,0.24552633639105234,0.0
61.40889145475846,9.077373477984368,3.343106418853327,134.8313084966601,0.16790114802614484,0.0
91.80450938396112,4.068780773193588,3.2943813451393775,151.2518344069509,0.07309198114270041,0.0
59.5464695889189,14.201271658736424,7.894459397955935,166.38667050021104,0.13297371379223355,0.0
62.160421079321715,17.172025948425443,7.836078310395832,179.36198655079795,0.1772985622849661,0.0
79.15823610576277,26.989487405308605,15.700345283090025,69.45475140913518,0.5306835006717159,1.0
134.41830398399185,48.389104512289215,19.7360368362818,76.30679903810599,0.8423168857464552,1.0
81.0258460556838,24.440337544494575,11.986169973567112,61.47349900259912,0.8653856950632663,1.0
123.11337872888933,33.2913870566488,23.428721282499332,78.95848900127115,0.7664572530687954,1.0
89.3174148019722,39.7838128651083,6.511068448967034,67.15061415888357,0.7969932381312681,1.0
41.75270907895007,7.2203348551122915,7.331802185117972,138.1675975576415,0.44721880641521117,0.0
91.30918342926394,40.101480011317456,12.581320858251368,60.289168185138045,0.6808227772867121,1.0
56.412420984234664,7.984343027860212,2.2897283427422663,162.91816231411195,0.03439506995338043,0.0
51.975350377052024,8.246237327301895,11.137374239009201,127.15534025304564,0.24661390132642358,0.0
67.83645435182538,8.676564418046205,7.685131132038603,159.24048734915243,0.23929979688963834,0.0
31.92733402046096,16.43852548936166,2.1537106147542695,131.2882243118574,0.20936170495523626,0.0
104.04898004991622,36.934229898787635,13.304623377218718,64.57140348863454,0.7480587366031471,1.0
69.65770077992427,4.829578542400371,2.8775286373730986,160.84099577298358,0.3358458007560853,0.0
127.50979485356473,38.61841570899476,17.670150832923596,65.48936746831794,0.7201302860703854,1.0
72.86782418688014,50.26804293847068,9.966782368994641,55.151736856696004,0.7351623612426982,1.0
69.80836205220963,16.919770791876637,7.924033912734114,131.11283981092555,0.25253373247537725,0.0
45.243547813016804,11.50914592384001,7.184495237189154,160.07845145366787,0.3216515587431621,0.0
118.65408016106103,26.84225295804113,8.395465821027472,71.09690862566356,0.8113895702969163,1.0
125.13742232690592,39.01176224224758,18.86086089630377,78.7426429862187,0.786720648249646,1.0
91.61690877045143,8.669511907645813,6.702653221954856,151.77673986789975,0.09825271915229589,0.0
51.30179644376409,4.873105657369043,8.728096660992772,132.73658510607353,0.28557746588524124,0.0
45.824497876007506,5.453830074087734,4.863118060658894,113.41771599303519,0.30661719826032635,0.0
135.40665743631388,64.65101887384135,20.0585595441468,48.43219022463664,0.7865395052808277,1.0
100.5153048863437,34.39238195168357,13.041500838267003,81.74956655038643,0.744245507780554,1.0
159.01810580893726,28.412445161846456,15.633473279061617,72.73443443045824,0.9694456755645744,1.0
86.34115878185187,41.23677948139131,15.5042339267445,65.4867638926658,0.8501748415906102,1.0
57.111014063178374,1.263289651060692,3.5478495593985864,152.95363541346475,0.27797603591171394,0.0
55.341555869932215,17.875250616727293,0.79465567683686,138.158331586756,0.3130585746686788,0.0
61.11366169998255,11.189370614982854,4.702912784171833,143.3427772765905,0.2833604167306337,0.0
113.7548401182537,40.07685223525162,5.160007910339212,60.95282310113202,0.9305753394042886,1.0
93.66367113268247,32.95173900321957,13.628683223461417,74.9903258616872,0.7162067515223166,1.0
108.98757915461495,51.971204719956575,14.487435036260479,57.96928257589167,0.930577447275592,1.0
99.62588361062572,45.21909793249017,13.225143627183733,58.90850069359341,0.9602173363136677,1.0
62.30393585458877,10.463511636570308,4.3628508918092015,137.48659333411345,0.4252502747119249,0.0
94.6414118044082,42.575869960422764,12.055475087405394,70.13824375623237,0.6972458968783714,1.0
76.05337322759209,8.56664619177753,3.209142557095203,152.13594001792893,0.23416066731627677,0.0
107.55949415684314,30.006654309224352,12.986313305169194,80.43568366134446,0.886980351585964,1.0
25.913406214867173,7.063876295807371,8.043002341486643,187.55181692057977,0.38466117273769546,0.0
43.97984817482418,5.213473494877644,8.35572991818534,154.84286866520324,0.45521499473505117,0.0
76.3983144920555,11.284665796549469,3.272697867704329,160.38935475472044,0.24402852123621727,0.0
73.33168978948972,6.194808382114749,3.5200817297201255,178.82239576655738,0.17110912476518925,0.0
97.43423808831119,18.3410183709723,3.554071996240424,160.40543366464672,0.18514616481321317,0.0
170.62483875534153,45.49803918189441,18.81102007319792,60.15929581647887,0.7834442273252982,1.0
65.41588510011724,11.892964050939023,2.9393066498465372,143.69715888441397,0.3020313332393152,0.0
147.75378855440408,35.496145207256696,13.903755414482518,65.25959181355748,1.0655494033245205,1.0
46.83856473260749,3.1178773609707964,1.9129432575395695,149.1764062264733,0.20378415212246914,0.0
52.38538924491084,4.091624047223585,3.645530530968843,154.5578678550009,0.32045801401196233,0.0
95.64247072036203,37.574070911164725,12.72183028551494,85.71770391810398,0.8138781080715287,1.0
85.18167545283256,7.555931651280589,7.702358866556304,132.60402945290213,0.47080808189590073,0.0
78.54822542408064,8.132968287028351,5.085706883213117,156.7132071829558,0.2606568575587121,0.0
122.78927569825983,33.86559740224225,22.60418081071672,78.26483380221266,0.7952702844942597,1.0
111.6956651752466,48.995760835592904,17.310453976993237,75.15960583330083,0.8471280666708833,1.0
92.95006623700874,58.489416510052315,9.599258879078288,74.86035486587863,0.7142749412583085,1.0
51.195406330604825,11.834062748639486,7.174381305096359,163.8205099024007,0.4108864933585516,0.0
129.8341447700689,38.6087618884902,21.771546985146703,73.11958420441002,0.7791747374131713,1.0
78.5258483939127,9.133553925962502,6.918014969359543,114.76624055411926,0.226545587491375,0.0
103.1185439876166,54.881680890265855,11.784635668334383,57.86842393139622,0.966198356902989,1.0
111.20217309116059,48.770260101455406,13.022719641030005,75.42800941541265,0.5514175067164595,1.0
38.32697515880227,6.279859805416073,3.9897965741212076,157.7272159209338,0.21351452266736476,0.0
109.54883274760085,49.871677872238884,16.776636630110435,78.69953390978962,0.7263611924606814,1.0
60.77443934168223,12.199709693834796,9.295505612064249,119.92867781785188,0.3075605686210092,0.0
58.999249796216546,12.525534085367813,4.635790989121203,137.49240043197483,0.30503776788959347,0.0
43.49894861955029,5.189325058969748,7.634906311060719,165.64128141120614,0.30564903109504343,0.0
135.6063083979269,54.559239458089394,33.80613691795787,59.69501820710285,0.9051632414206886,1.0
109.19363372281147,28.0960522563386,12.192384749152062,62.89510413653268,0.927338032507263,1.0
68.44546849684602,6.049134197476176,6.253432983010862,151.96072180705403,0.3307409656777788,0.0
103.4581125472404,33.313403254957095,18.5977684720233,69.39747015885403,0.8301328524066169,1.0
76.29158419798662,49.94002049441791,12.28254898631587,77.87580948450102,0.7898307800815603,1.0
99.82281918498424,32.38722176027652,15.279265936941623,73.63882108706093,0.8025593519731201,1.0
143.30337585051194,36.1766716935103,10.642142171296738,86.44402885631969,0.892198436681027,1.0
104.30767088289915,33.88257687592664,20.868828818784138,80.78302570612928,0.7090546522634152,1.0
53.95608758032697,10.07895646794692,2.646888650186342,137.0269612988006,0.23371053314762252,0.0
63.97392042358904,2.03155796201452,4.413129057255839,183.40322468326917,0.27832964816074623,0.0
134.93269215890064,40.754855350908116,9.807469408541962,65.43012729440373,0.9232696633940538,1.0
55.92930680074541,2.5777028078956317,8.504757312943564,174.18734194504592,0.3865571336467724,0.0
67.23946865671107,7.646461918994624,4.292223592360602,161.8703913620912,0.31010300178866174,0.0
81.83524722285236,14.583039062151094,7.005394040010574,121.63642978954323,0.3960640237435374,0.0
79.76504412674589,52.01901474277279,23.827505721582856,83.16098206607036,0.865063039089726,1.0
60.064978457404266,8.69892424980893,5.588444986135314,150.42695889501238,0.0799053060043404,0.0
50.83875956877533,4.094242052708859,5.698357515049251,168.55848892479113,0.3154840430375455,0.0
103.05052995042782,44.99851241635749,13.70257773107629,82.3244305126368,0.7262235633773182,1.0
89.36754796012845,53.49602019965909,15.242824118673537,54.03136886899257,0.7569313491338919,1.0
82.30641328145272,9.989315772476802,6.022494990296694,193.35718800750863,0.26371387938083407,0.0
37.245879469764766,16.9624752280589,6.454881529280895,165.05498031712682,0.2137460475014476,0.0
52.91509244172042,13.095323910266679,0.40660304903152866,117.78162380217316,0.3614364925372375,0.0
111.21907390889488,46.65006376031382,12.873441473763654,64.44646758027675,0.9407977457707069,1.0
97.66614641897158,33.629524919965135,18.015660605147733,85.3909507777132,0.8902989470948948,1.0
72.12493693598041,6.438380553983152,7.2218051769964315,112.95323105182406,0.2530564834026133,0.0
79.37599111018893,48.88539026243898,21.75267254832076,71.9389494235399,0.9940736078112006,1.0
109.34686857965632,55.760159473361355,9.944552931656805,72.64147419560673,0.8017440425067148,1.0
85.11020019068621,31.20417602702434,12.735248871400481,66.10446261798444,0.9327676028734188,1.0
89.68156458502943,38.69061954310429,2.3050113936379812,88.62035366133426,0.7700928644734375,1.0
57.01540993395371,14.565167291518957,1.9462279969468002,188.48326778394627,0.1589790718944837,0.0
72.7261570048064,5.964326050293097,4.277126677688331,108.52736839609582,0.2482599180956272,0.0
105.88603950828804,42.317975982646345,14.086170939628767,72.71454230707644,0.6438709958285967,1.0
65.90290906779204,5.003261626760565,4.367300914010571,162.8496058377907,0.33272594735061006,0.0
31.62336303264873,13.190181966181019,6.390064293650722,152.6473382147909,0.19537740036902299,0.0
91.81635395680664,28.17097027714608,21.892845770200005,74.09749390256567,0.847751458358357,1.0
52.859324074347875,9.716979074523453,6.414023678274188,125.85829787646114,0.24377400802332236,0.0
91.16341535525261,47.68485112810001,8.629024992998001,70.38109342695022,0.8359237024112454,1.0
132.99363246273379,32.671960700652775,20.020030107499537,75.34048847695402,0.7692280631043306,1.0
149.14014450235032,33.63785270333797,11.93631364912088,67.4628439419322,0.8598740082749857,1.0
55.45743432283151,7.336001459868292,2.8643514341259824,157.36360051519915,0.3087624735822457,0.0
47.114947189388076,6.905099206943669,3.7381292116511124,133.85279258378097,0.3881460678914052,0.0
96.48862840563807,39.68582039191342,13.788648838470678,74.9074030720397,0.772219875029192,1.0
44.84569575380833,4.999289485670866,6.530462216694724,151.62153603700318,0.2505404832354652,0.0
75.94711391895609,7.252618405507228,8.888216863394197,145.3142856565712,0.2109078848880352,0.0
44.05735858034061,15.78468522776298,7.2586678859600635,193.43449420798902,0.19040429271657525,0.0
56.24080054781217,2.6473556723422877,6.032523450260738,171.08947862551042,0.4588932813718861,0.0
123.64695721367399,38.742262363248386,16.904366436876206,59.54006789000985,0.49632590592292725,1.0
57.16685508468369,14.326810247886979,5.287511085305057,165.8447428017957,0.27897680663781727,0.0
52.15794274935519,3.845941517835467,4.988058113595295,112.8413519709637,0.30536048059857895,0.0
106.23528747162744,27.577176383195873,22.073271714081827,71.22026419343219,0.7071670075609792,1.0
67.2933197220303,10.217600954494529,7.160344517079695,140.61265758899847,0.17777918997565073,0.0
51.28347914929156,7.788423449436328,4.513427283332184,171.69293074045254,0.3228578042389868,0.0
118.65040828937148,32.985248887772,14.105378739690305,65.74464810001386,0.7761933798327817,1.0
71.70010546261639,6.260112146103408,8.737880351191652,143.71666189230234,0.24840936280688394,0.0
105.12265968045806,56.250434545348455,24.185549802726612,67.34348852799293,0.8095013879671021,1.0
57.114025919453894,11.686553376481616,4.1347490012683,139.46658741273183,0.27508412219290435,0.0
67.20936582592861,14.598727579233925,4.7261689126771715,160.6598331788544,0.15951525298881816,0.0
74.99268001918242,44.70455183400004,14.521669933782077,68.26995263571554,0.8715801510995667,1.0
101.95972187092808,31.9213105281276,13.308299515313452,59.21996136810964,0.65821697769963,1.0
103.82759581091358,35.002856306178316,15.358689947408012,90.76594920111894,0.912771569959846,1.0
122.6324455536643,35.86579587200119,5.801892111904179,68.57713292243398,0.5326413094288767,1.0
85.69336588479302,3.874690841646819,7.030624695534916,165.29526163851529,0.4646947371965585,0.0
57.576793129493794,10.182116890164602,3.077684734205257,157.2199748169069,0.374204560417002,0.0
78.76492795405109,23.77322856537589,15.592826212061865,83.83971106010029,0.7602184793109314,1.0
89.34499802330116,39.64737860616396,13.826021562136727,61.35931650228017,0.7785383137683385,1.0
67.34176110981001,7.78182762469805,6.38713966521196,105.67598563607785,0.26415243839291536,0.0
85.10665697088754,45.81352495871366,10.230995620956875,59.753129052083544,0.7614694967867245,1.0
75.71922324217672,3.639161822357649,5.537215038526523,157.31255434819562,0.5351811325480752,0.0
72.50572997049657,12.406981315697461,6.413531562725142,133.9091465419056,0.20439401278645164,0.0
110.04798672038476,35.153877164107165,22.046474474476934,74.19436835860705,0.8589524920507389,1.0
72.62255010766938,13.535877389786988,6.07877654872455,126.36237607349545,0.10522045453026418,0.0
84.01977121707165,49.76419383509574,15.981543115689842,82.76455521535367,0.8247450418546171,1.0
116.30061910615714,59.015521659102646,17.999711491036685,56.57489304710533,0.84018801785485,1.0
102.61281860620856,33.74724270599777,17.96225326489347,87.9979443070605,0.7111140441752947,1.0
68.43407939523443,20.80941214224621,7.169324470715289,189.47053131465776,0.2723612491103425,0.0
107.10552707810592,48.18772939939035,17.42800210999419,62.09115165934848,0.827377708780119,1.0
86.68965247074155,14.075167592253436,2.2444096598065166,120.64616510819533,0.25154012395517095,0.0
137.34670856217525,35.52037023528757,13.829542034565264,77.74634642678842,0.7924729322833539,1.0
81.67547772087161,0.3495902073734083,4.184345163740606,175.79605975110357,0.19518481824447576,0.0
149.63407288236553,37.24909806043221,17.67366540688487,83.90745539371875,0.7565835946985814,1.0
87.97999103948406,50.40473582434652,12.38813511791281,67.0087702057468,0.9720196870147061,1.0
94.13210510266966,47.89128549226086,14.116727363893837,63.94180922160971,0.5291215902997455,1.0
64.31103840541446,19.289535941467754,5.2874377842493185,139.87473087029295,0.2748585913079899,0.0
61.53678395920006,5.962245151548399,6.358756364238415,112.3879177375554,0.4262595297336828,0.0
59.214768981841786,16.697561411206404,3.3700012920472724,115.14353757775395,0.3122318997754579,0.0
54.75806015618848,14.046318428514688,1.3115178223835082,145.54515207582716,0.29997016512278735,0.0
77.41218961428686,31.374584897872314,14.6687908306863,45.11224822639545,0.7142960300889794,1.0
66.13654068314167,3.529402265665712,2.864822396185132,130.62618252847662,0.3951565782438722,0.0
55.854030634774325,9.978899134025472,7.183211942294889,166.5549525648931,0.41456466422424154,0.0
88.34818327486072,20.138370445723247,4.200510708390549,152.96730160974326,0.2839175578385568,0.0
104.7096727831345,49.28990033008501,19.607996820035183,72.98568709099074,0.8843470265543749,1.0
42.035303875241155,12.91151037493629,4.985800531432184,159.1686168148535,0.28641852041041377,0.0
100.13110886687446,26.077105377019883,11.64255575739809,73.90805884194495,0.8091223323732906,1.0
66.72412738741654,5.2398359562451216,6.391670784359043,137.73600959323625,0.3083764090995658,0.0
140.14429283062526,50.495887062000655,22.126822129835034,60.648946308385696,0.7464440260860141,1.0
103.50655495086154,58.00702711693491,13.079908110706882,67.60760098706707,0.814365978184113,1.0
124.0078675520219,40.396853936497216,15.816568924601023,88.43609943585756,0.8639094023923443,1.0
109.51797760416038,41.564868441824764,11.534146614992853,68.65908515229958,0.7718230729603137,1.0
109.7421703804559,36.13506478580034,12.702534915519031,76.0451359225946,0.5974589441222614,1.0
62.31712688851489,7.130809752368898,6.577018638065201,175.82172540566685,0.23985385772191808,0.0
38.64995915840413,16.93375549460263,3.5688032267302456,154.14971531091263,0.15263559722851341,0.0
68.14706149376148,10.858906653536973,5.680892280742795,107.539543686722,0.35658153013268423,0.0
89.34750254072152,53.82892694996272,24.32122189592159,78.39123372504172,0.7150397682072052,1.0
75.74704295310882,11.859843367053331,5.154216261166136,146.2213979960965,0.49596638459810877,0.0
81.46981262437684,17.94675042311622,3.2887498965187465,143.251510250178,0.21771811294471471,0.0
51.899913540389726,8.277618822056345,7.121002988500253,151.34379487268382,0.3122088296832738,0.0
116.78262393988835,38.96847298688865,7.189178053789665,84.02199504715257,0.8665649156710082,1.0
121.40233200188443,27.72744827669697,16.218595576027923,66.34376239679206,0.7391565645052639,1.0
93.43610336180924,39.315628117300314,15.579769847275227,71.85107184049701,0.7266718118094124,1.0
89.60032497021295,19.872301760066932,20.769374844985524,63.563177104081845,0.5584153360398548,1.0
78.89001773862954,32.814555943796485,14.307904916953774,86.66873028869504,0.7599554251227616,1.0
68.68281222842847,10.160675633864685,2.6409818023613982,131.7320102197658,0.3051220644336085,0.0
94.52077858917532,68.81783337247919,19.400850464664952,70.94427790627027,0.6364301422563726,1.0
48.39760879047124,10.527157300318136,6.00358871959622,157.32325176024315,0.48250597230929976,0.0
83.02088075912955,63.162516279736565,13.742321535943645,61.74057418993778,0.7341282827271327,1.0
137.25990680523836,55.8386259597311,12.93298199919371,72.84095905121313,0.8962597029692914,1.0
100.06275256269622,44.19648621527566,18.87579400791619,75.75723138484386,0.6718484114826049,1.0
99.92856594520622,43.857000324968034,8.631299936641472,69.54354571338237,0.7218382569341026,1.0
139.3409771569204,30.709489369880423,12.37922583557776,62.562943475291185,0.6441422818634175,1.0
86.49847820610051,29.779177813020922,30.923894799106613,72.72221104803624,0.853602818450559,1.0
51.21072520963062,18.383172560110435,6.614211574811599,136.71736011359545,0.3257712286057363,0.0
123.10237627709934,42.035630157243865,13.259547880352068,80.3698154230772,0.7354409808867312,1.0
122.41931009507728,21.296483983517117,7.876283467663323,78.15829179646707,0.809364300879973,1.0
97.53302111958477,32.39728788891385,16.448470191429156,77.25596704260748,0.7930803273386091,1.0
53.158158729136176,7.780250918801895,3.3944070017862535,139.98578160494944,0.21513477240080064,0.0
74.9491722084874,3.201049849220869,5.453748382653398,177.8176628997262,0.3264422508352089,0.0
103.15503868898291,30.873373246567645,16.885029983754933,67.78166118881991,0.8473505256563472,1.0
18.265416661291766,2.252850266049931,5.090816066454336,132.8225955350675,0.2816410285857182,0.0
51.15765230859414,8.47202479331939,2.6959413831126673,155.2075949283749,0.24363992142441776,0.0
113.17131653155786,41.92410948129708,13.863048072232452,89.06140408706972,0.9655119845172708,1.0
53.33790367430889,13.33893078171105,6.2641111946666435,152.33994492993043,0.2216314897388343,0.0
108.28814184078722,56.74320612754943,12.322373787658407,78.05585663713046,0.8991280411181917,1.0
114.8785124989496,30.424306088569935,17.54079066650407,74.45919450333926,0.7519494886655774,1.0
108.23672384004958,49.35630114586825,23.186874178327784,70.51900380067643,0.7462527819643548,1.0
94.33785739920626,38.43546882270224,0.9109697425615337,64.86602805427043,0.8712631472197522,1.0
65.13212605991978,12.316582497654203,5.22999081616589,175.2265408350699,0.18816840360844128,0.0
65.74855881633,6.081664631934158,6.6045471660681905,170.89262961780761,0.3279836713960431,0.0
104.07316996281742,46.64420766554705,19.064505901528207,49.01135229116507,0.8310189840369936,1.0
131.39019699901044,61.61808677194479,18.667836050085906,70.43086707629378,0.9718242929225204,1.0
134.8367935406455,42.046056367357004,21.804088203032517,45.552901820746214,0.8111555359025546,1.0
86.53795593575958,11.749983844923912,3.768070577061212,115.63589664080017,0.28539601508771567,0.0
73.61300470094604,5.34969942334473,4.735193163264758,122.68043152373394,0.19851632078955872,0.0
35.40443605509941,13.305319581805612,3.032936715033216,175.4063486826017,0.1813839286977164,0.0
58.04991833918653,2.9430325379187616,11.073920119751758,188.99648005575708,0.21763174501852664,0.0
95.2876220638598,29.111321219559713,19.38681895584544,54.65598396907734,0.7580641706878095,1.0
150.8309000095337,34.67098517236098,19.32451037704304,71.88800010869646,0.8485056226170173,1.0
33.97738797513729,12.214867512915216,4.829446453396449,179.60183050776456,0.20492670979827604,0.0
81.66960223504647,9.93660321132644,4.315579415668048,196.26376624382164,0.3489967584625452,0.0
126.0342714494151,35.81762678729706,5.27155331416159,77.33594170372965,0.8114673088027012,1.0
87.79719741914768,29.522520106504224,16.80833868853027,66.30443272130488,0.7297146164192844,1.0
69.1975166659964,7.083480938547275,2.414257092126559,200.45174995665957,0.24638666180994745,0.0
92.01554900495788,4.21425950878147,4.414082842532018,158.4446761890477,0.15247743370103084,0.0
58.609215581654446,11.98816655768924,4.880871355035901,129.84708044645262,0.18776253770507378,0.0
39.296384006951996,7.708977193471716,4.106103264485601,180.39421580192482,0.4716435288974569,0.0
118.16629034874572,31.29405190557275,15.617575228926151,62.83403050307062,0.9483675157054936,1.0
59.04736110064449,12.17266574672751,7.742363033129337,159.18286082829056,0.33310082486134096,0.0
91.10459379563032,26.54658892945139,17.5239636369758,76.84182420800673,0.6958493505827514,1.0
58.67107471959961,7.416722141565203,8.2925120756605,89.81482861283509,0.20341745895051977,0.0
54.760309758110736,8.662834939553983,4.994798828846626,122.78039330499931,0.3951093536772308,0.0
66.87817561779113,11.02826326517569,5.787220974446916,163.36779642881012,0.16942275124502185,0.0
102.16871958013694,31.95299236150455,17.00907980186625,77.98810929914531,0.8495265634050695,1.0
117.11413457597138,47.08573799644586,16.499954812941734,62.426030840730405,0.7069496677346676,1.0
46.70741137171992,5.8982812435936385,5.035771522351637,162.18135324144887,0.14912129466896673,0.0
98.57659745931215,39.2091767966524,20.644786230322225,64.7031984032317,0.8180671912803525,1.0
93.69468078279321,29.41826426544738,16.787313646743215,55.70318463650621,0.8192013420780643,1.0
105.34313034463274,37.72711005096084,18.78051387130303,59.20563896202691,0.9676204281746581,1.0
88.60278128231009,36.43359368718843,6.601571518670067,85.0644062828444,0.9326308783125575,1.0
133.08262671359762,36.95694474258615,17.511008311348647,65.63698667552521,0.8253148062783242,1.0
112.52451632881262,44.78893004891028,17.151829579440044,59.83373067687809,0.7856334301735179,1.0
48.40579858400026,10.355706008433446,3.0718507488624147,183.23639902219855,0.3258065470138963,0.0
57.668096420442744,14.960660660099425,5.552083624628688,183.08637905236685,0.33590372424290726,0.0
42.95854621477273,16.860260672189973,4.034372080149142,151.19124381260644,0.5982542852533748,0.0
61.9407202709888,9.528455755647446,4.132256983362744,148.06752593923417,0.38117595857555425,0.0
60.49156902639698,20.548969473695088,4.4297695193410265,157.31514001497297,0.3059816052075851,0.0
71.9623577886783,10.614623762258521,6.302511003943553,117.33387778402815,0.4276732124968896,0.0
105.99096317567587,26.102086155094042,21.98381141125421,69.11736566549725,0.711780730030942,1.0
79.92262669819607,32.588089656359955,19.316224771142107,89.46945874303165,0.7862540687161375,1.0
56.8320723601931,2.42558215946974,6.038931349215403,111.70316075344195,0.27647049438390103,0.0
54.57517836698421,11.85952287426643,5.862231581309121,148.752016854602,0.2187526392305783,0.0
69.08184281839388,9.437659836729946,4.91722340266503,187.9960896732737,0.4356410374708015,0.0
91.27951422261232,53.133072373467236,16.442135827499456,62.68386921797913,0.8854484216329696,1.0
54.89298662374888,5.075514232664565,4.757503450399472,139.00517149846436,0.35376114709964035,0.0
47.00832167375388,12.877944573691584,3.342287672163437,127.52905903859778,0.329315854223535,0.0
96.74484139087056,33.66200564150954,14.010196226014532,63.09958262654564,0.749260857358466,1.0
60.14329322946207,22.077562021537645,8.892950623656422,147.22492366724936,0.22298436513626727,0.0
152.91580294033025,45.78175424467165,17.750444406744197,74.1464190158719,0.8258587049321431,1.0
92.61553289656712,43.700080187445835,20.310883948650194,74.83053624158104,0.8382130778237487,1.0
72.70738936127142,8.015792912931294,5.318002286933135,157.29901466405508,0.5120061833708534,0.0
63.76870781055473,19.681435375705295,3.9672068378144925,135.32660837299423,0.11485004612453625,0.0
64.6569109873333,13.752371326449046,4.036625108977198,146.50977544928182,0.4422568251689326,0.0
38.917641837801185,15.705047398596157,4.098712376174363,166.327014782511,0.1516247758211263,0.0
77.82904548414993,11.677168493931617,5.27937495730358,193.02827536747444,0.24866766475030833,0.0
77.21031398711891,12.036549603888231,4.197692088499148,150.20749905829308,0.3107131641467138,0.0
118.68106094615848,49.93337025253447,7.515595921897318,70.43615443074826,0.7835341927998892,1.0
87.75472414356949,35.794077722202516,10.864847590842992,68.90356208826452,0.7168920529406391,1.0
99.65535586180899,36.01832596915798,15.545354367961423,65.63452435853878,0.975617391276847,1.0
59.960359749372465,4.860751777229434,3.004210456235941,124.11486723891404,0.2681155358985629,0.0
86.98688339900713,15.91285865994844,9.23608406363255,122.3368266406963,0.20172958205338293,0.0
118.81013678500024,41.92057394612732,11.93844723523728,73.06097542295643,0.7628136209977043,1.0
52.58365590380215,3.9566475446005853,5.6259721261023365,143.79111050422387,0.22662968964212654,0.0
72.63686742595966,2.365215703702404,4.451078867004649,129.32795166923907,0.3276430969260101,0.0
57.51894953763834,3.642991215518353,3.7324745224575615,172.02265240184494,0.18768634063406175,0.0
135.1633202208177,37.82237845272421,16.291292226357438,62.88858424822966,0.7806607677866182,1.0
91.25914766826675,46.79194625478087,15.652471324046402,66.27740255673064,0.7126922438942596,1.0
65.04732014306771,11.81621397885118,3.6274133323109075,143.1952524369262,0.38030541108911303,0.0
72.63085407235644,26.990417840859628,27.33925025790615,61.33493954612618,0.8727673681705126,1.0
99.47294712720405,46.79325739268026,17.415628311163438,83.34568446009601,0.8119827434964858,1.0
52.0023098225567,4.667197179647506,1.3276215423441378,165.33188294822733,0.4264182220973156,0.0
120.30449651293513,34.974841528319004,16.91959172144757,59.19736982229493,0.7342053154884474,1.0
90.01738733590315,51.4807548897556,13.958456742146934,85.33813378815378,0.8745027312482492,1.0
90.06793703913513,61.38418815111555,9.917746593821843,66.02359972650791,0.5937937660132862,1.0
90.47280538561063,29.72903119422096,9.932285589631704,61.15239423483732,0.7592436777165534,1.0
138.0288901237591,23.770032336075193,11.106515378636388,66.53351598959732,0.8686740770861421,1.0
123.72343737054233,32.901111984944514,17.864406374024593,45.6398034916747,0.8374942819355269,1.0
119.98593762569705,34.447270374486344,10.195160549577185,66.6216951323207,0.7645157931806227,1.0
84.2840653270359,9.974122528335581,5.353984297472991,172.3713603150741,0.2955555522817669,0.0
53.34101711850333,7.994686616628804,4.101288396174721,153.71057980801876,0.3034466741833265,0.0
89.21337798613487,56.02389720533268,24.024672866844263,69.15365999322728,0.7748694739331056,1.0
130.43358645523116,58.06027042842226,7.351036244752267,91.19852331312319,0.7401806533111422,1.0
95.19018557043314,40.837612151991145,13.286774476823947,66.45740394367292,0.6907696206147563,1.0
72.42515864459287,12.451220410996818,4.773111101295339,166.71510187606245,0.15272909446315927,0.0
74.78587977630417,4.8883060170795325,5.113098076729649,149.66056657515855,0.498036173471487,0.0
60.642437397782864,6.610071224858758,5.272692104291546,151.71980969530512,0.411679335848525,0.0
67.01866766536517,5.663939541245286,5.14823060892881,133.70222700274545,0.44092379976347273,0.0
62.86599834033737,6.928695990832965,4.253332547697251,167.26606085255395,0.3678651402230582,0.0
80.86052858450128,9.607610779085439,5.060038132631011,128.13252820764424,0.18596469692314813,0.0
83.22109116459487,45.48442623480321,16.59790602027788,59.55716248492434,0.6465428585157659,1.0
122.4615993625204,38.519315152846296,5.616814978532641,58.763733156451735,0.9068793070702181,1.0
88.16138450121947,11.14271005004733,5.042238059334845,125.66684157526969,0.4337637688129985,0.0
69.25617238689911,11.370247973626114,2.5535173571691283,159.05243318031452,0.3095909878775457,0.0
96.65255509879427,13.088324016782451,5.285497426075987,151.45853046660758,0.41365864070358005,0.0
19.76596599491249,13.824310442947167,3.31708379118265,151.350250495376,0.3266016994830854,0.0
82.76522082857218,46.27443772851046,18.575215834093925,64.44728940607973,0.7780298841599033,1.0
111.86837789263583,40.690598074828834,11.950472214136513,86.36994583335502,0.8109612061873451,1.0
60.666666835877486,11.817145599309661,0.9891127394861519,181.71614421385655,0.05932532786815409,0.0
49.78200333382862,8.240060189935972,3.02919061283248,163.73488216103652,0.15423054361492383,0.0
77.76835683076659,2.782387470276091,4.849121686987708,151.6306590695344,0.30460868915613276,0.0
116.90609712726632,37.3855750479904,4.7500437445961445,81.58383049386026,0.7188178506976967,1.0
61.387279587603686,4.266474749551625,3.7252066349804256,160.84321299646706,0.1282297032882371,0.0
151.34663916807838,27.068216201352595,14.745648428392686,52.63357538543782,0.7931027345266368,1.0
123.3114371059325,24.418297401451827,19.64582250719823,72.52171171827462,0.7882277070357404,1.0
116.49981515836092,34.04128586669292,8.796439432297433,56.12064024378409,0.7023437042205238,1.0
72.5500310329783,2.720057374926289,7.108130320200677,143.55250628568265,0.42920749019000526,0.0
81.60180769049437,48.656326868243575,11.939590930148622,73.48371855420419,0.8107923020582113,1.0
104.99087108770996,43.23657328672373,13.328615618252114,75.16571056137488,0.8708483587923374,1.0
122.70696321470012,28.330248550247028,18.631055532362375,53.42400200345183,0.7624786640469655,1.0
123.47909322393392,48.847786444395425,3.1688886457015446,61.53154776273043,0.9843457607759595,1.0
94.2292543449447,54.28257262869343,7.797939458105692,68.48120082001955,0.6675561198309091,1.0
87.34000301746721,49.764128998963734,13.345743639448111,52.58365799907439,0.8091307526285872,1.0
51.372405450215986,9.075327590024708,0.8397033311220286,125.79893165500262,0.3901267953424895,0.0
139.31298662857918,40.96289454960957,5.889167980215298,70.76609795016434,0.6612695012310629,1.0
55.55636806497463,12.294320296542347,4.345552783597355,158.29907261251614,0.24108427578022404,0.0
121.7723548712019,36.37534761833808,22.764135020311734,71.90791176176573,0.8511460226009826,1.0
56.68272069107456,8.640162828550729,1.9996268589046329,168.64003898850828,0.3879612763978127,0.0
51.5623204231298,12.810506388204393,3.9643062016914272,155.61431012866947,0.2667036762850838,0.0
107.35925495118543,49.48880598327567,20.84083584948916,75.60410027045081,0.747570576180735,1.0
89.95282165705737,51.98178462945174,12.366899775258874,76.47066189704988,0.7685557333024716,1.0
99.01318411694893,49.34251372888632,8.575370202358148,76.71433770449208,0.7697766915124008,1.0
111.28867944941837,38.29055491524142,23.330871892764407,56.47648463856489,0.8735725551482703,1.0
78.64510780672755,36.124061536964675,9.973563645827593,64.12281230050208,0.8485834717106813,1.0
78.97751303299793,30.702196347001742,6.647830704835062,58.7764996103694,0.9096419042728973,1.0
48.417299393569124,9.429804754241628,3.6244490752438416,205.18708617631106,0.49530319502529974,0.0
92.18886881557412,44.22403280898422,12.664517540745846,81.48864923356065,0.7150559440660156,1.0
31.223633123032787,4.595178199920951,0.032126531315393336,179.92723879766652,0.4143725316876304,0.0
48.220670638794566,8.850463253871363,5.402372708531511,128.21994353752834,0.1643192256757102,0.0
69.57804626651232,13.195060345440162,2.8303723567369627,161.72667794566155,0.1583241797040474,0.0
53.19992139192897,5.943737329196565,6.284626393280675,140.42545829992022,0.33218531724042977,0.0
64.42601829272809,11.44014155625628,2.9834103402376364,164.88191338838033,0.33824921323213114,0.0
122.6997431954224,33.941390873423835,8.962846973743341,62.62142875441587,0.9550751925070923,1.0
84.55399245877264,47.167983914306866,10.98760671053426,68.41558103628654,0.7441824621206165,1.0
53.63405493383089,13.361864733895429,6.014839473208635,165.16103549247794,0.21372504257764374,0.0
104.15217063118419,36.987845951350934,18.68048995856151,65.01250459073226,0.9018582385270011,1.0
90.1571971605703,48.24037636677841,15.388142391885998,93.08927655751077,0.8193747360847188,1.0
108.43202876727223,33.795543905705586,15.362254968462185,54.44496169555804,0.9425922150275543,1.0
105.3760638820248,47.33813764372739,8.890251468731446,71.92748912032484,0.8705873462131125,1.0
69.00952160208925,10.347294031775373,5.84730510582372,152.968324549713,0.17156027625407536,0.0
107.27994228461695,54.57880233327923,13.671205317492593,89.61363038226501,0.6436076215806056,1.0
118.15406561462567,46.38478015708845,26.038976094495585,65.225115884488,0.65223329252741,1.0
115.42339802619688,58.75701535863911,17.48973656559203,68.89892498487268,0.856180387999552,1.0
115.82873881838954,48.427332282259925,16.22445698324641,63.13327884460699,0.7598727785829337,1.0
101.59919819076596,27.664788139604575,8.035003819010587,87.76210288123573,0.7855445300870727,1.0
84.06930476621278,10.028999562016585,0.9826319173807265,137.2297873558512,0.2725776335513356,0.0
121.00281051255841,28.69459568723542,9.811758106068462,73.24072444210135,0.7629139068455701,1.0
97.99391072759445,51.75422483300498,17.165755194798912,53.095413187529346,0.7344764815775141,1.0
164.83759782375577,31.23525649419983,10.753495228989111,76.82609033122934,0.9222522253494521,1.0
133.40055912126132,29.484719035642925,16.121825593189318,57.52927003788818,0.7679859538326336,1.0
121.72075483372002,39.09424585202454,9.671769671429864,77.51000322990181,0.7702342736251038,1.0
141.60694581409285,46.2514967725513,19.393830175311756,69.44382192775508,0.8170609534761188,1.0
52.10325536075128,13.616813110458759,6.562781976729094,181.2297032997304,0.23163881801382552,0.0
108.03438568158052,45.365866344645845,14.072119487950184,56.91839707507813,0.7589349032427869,1.0
117.86612599743738,36.91429964635778,16.81991913428195,68.22780280052233,0.8635975729553794,1.0
101.52760894338873,23.27171300960685,16.623283115224964,74.09529788122437,0.7437543368515143,1.0
100.55103885571091,56.07712285246183,20.459064189443417,70.1449268124643,0.7657889484342388,1.0
111.92492622501894,45.62203138016319,22.589659144925857,85.83929033222427,0.9054484215906583,1.0
80.94788186881081,13.09581627554373,4.053776898697687,164.35857899206468,0.19694171082930706,0.0
76.44432298062932,11.789076619610206,5.811562948545458,142.32314178111073,0.24148065679952313,0.0
104.33637532121729,23.040288745451488,19.749955721014885,67.00072150661933,0.8858911884174169,1.0
73.67359101869961,12.479381414437295,3.378178820267261,201.8725644698621,0.3165853348876777,0.0
109.309061968497,45.92493713980368,13.86809600315803,72.64423633356344,1.0703382876032261,1.0
120.76886214431026,36.64211039288146,20.61245089736004,70.48328808855474,0.8576451339237556,1.0
53.19117847636012,11.432300619892521,6.06547959912565,140.96155518554616,0.3214072440482257,0.0
55.2368443879692,-1.3694048821154219,3.0140572241006733,148.853181286863,0.3137564230854286,0.0
142.16511647534935,51.535447457671,10.864330385515043,87.68491358460886,0.8338686909865496,1.0
49.26508775784105,8.311657828820799,4.58122067706735,170.52931984183203,0.12892965549222357,0.0
60.47311647550173,7.18875158442245,3.5859860622151194,152.03919764878304,0.33949720128558564,0.0
114.25670310960852,53.884040784460964,14.713590582194506,73.14696365374213,0.6210289793585572,1.0
73.0005706821595,16.243503362475217,6.9045071013587185,173.53117873011303,0.3229802803858632,0.0
64.03153476553838,5.660127620688566,8.100807186776073,170.9047959999005,0.21754341093263435,0.0
113.38555050900126,20.352686516839853,18.99301932041351,66.91299348348949,0.6919831952299393,1.0
55.92780990161161,19.097745169380516,7.272128723233544,150.59255914109707,0.2513324254682608,0.0
61.070073950324826,6.672141202730012,1.550071070757217,150.7337133161555,0.2333417774762448,0.0
87.64298965875457,39.181006498223965,17.515881217886577,70.07277483323806,0.7365018973840817,1.0
52.00716846200596,8.37378361319474,4.499811111450284,169.8286297232447,0.27109231920140775,0.0
137.94611325751552,13.750767929878588,17.11071513933764,57.55634551200147,1.0558539980308406,1.0
128.42682934079005,43.20001849085014,18.915585026481125,79.06493984818147,0.8460673011928821,1.0
67.72830132757579,4.963456041158379,8.331104556414356,158.03266353012322,0.26875775969580634,0.0
101.89172554933681,46.26497579420231,19.954182344442586,80.36244995694268,0.6599808864923022,1.0
76.10024383095991,9.51591040689503,3.661183961718163,144.1629194789037,0.26874981793636565,0.0
51.66617566261526,5.2257832971981735,5.685146977878075,173.57878834240782,0.21091516713787106,0.0
101.14391577509102,51.92834115146129,18.32868351543813,66.5884730842204,0.8033693988400151,1.0
73.66973137083599,-3.4862578376828246,5.262470129905758,130.4086480379206,0.2971331240946711,0.0
89.17174197556315,49.6022176633544,19.34901259018862,79.81452074210455,0.7503163375986475,1.0
63.05068433393137,12.943611304106044,6.512444491673628,169.60929944827723,0.23295513480235341,0.0
34.747550108731524,13.060081230899467,5.017589252715016,142.4605051828283,0.27265687121252064,0.0
86.93389895503978,22.06632651040431,20.473672722527077,66.34393231460231,0.8962094774322562,1.0
78.54698439751935,8.152277871679061,3.4627226170715706,126.27167468069078,0.0017956668769925077,0.0
53.55051178106557,15.702300495722579,5.837602790411422,161.7621113052312,0.27467687803146607,0.0
55.18821753395197,19.47281875296583,4.664973618140839,170.11010587245195,0.26278155912582357,0.0
48.21689038154202,19.8866126952009,8.704239337460205,173.72935477608675,0.44770756786862737,0.0
112.85362659122026,52.17738744254116,9.32216028898953,74.85505866938537,0.9220350930617497,1.0
87.86539655212911,36.80204036959457,4.06623737607325,67.49455394557319,0.7847781639456463,1.0
56.890101590714885,17.27974856336109,6.063289715810144,154.0844257836366,0.42472825564692823,0.0
73.04872833596637,12.174451228793648,4.542896496157976,150.975738073855,0.33346767252773163,0.0
49.78565497612622,1.9880428193774833,2.6430611474664802,181.08438845739354,0.28638285103400596,0.0
89.31624870443548,39.848396753266535,15.71077244292628,85.53656764373366,0.5905791801699436,1.0
99.72962178106143,29.598876524045668,13.745407484270833,79.65494427953685,0.7998922536725703,1.0
115.77269727817274,50.86571360914341,8.22666895539654,60.60827943489279,0.8370376383509769,1.0
100.90420194373195,32.43113255150577,5.464595405626373,76.56484926303989,0.9556204107715123,1.0
91.25174964730795,35.659455411171805,17.740359411730232,56.72130107718692,0.6559410079784255,1.0
136.60400933117404,30.97003580879874,17.94579060883457,57.50086313116087,0.8100225346155748,1.0
97.11110608824971,31.277784341361645,17.932268775648282,78.51007788452912,0.6262796962550712,1.0
68.17629135762061,42.36765782073266,16.78916457821801,70.327844994654,0.6009099528134899,1.0
53.9572184552149,9.16846049330365,2.898282668967562,115.52476683749018,0.17222384218665332,0.0
57.70653598215944,14.499306642385687,4.763095969311673,174.94446687827758,0.2824600498014581,0.0
74.39005347645008,8.94589652598136,5.032341457960164,171.39896137724253,0.33313588360717317,0.0
36.62364295296764,6.5514416559030515,2.9298541310985784,175.26214417822655,0.18446888953912405,0.0
41.99597651515961,20.1367158370955,3.5925189662285444,155.4681318515824,0.3275129803845731,0.0
54.85969872952093,8.374741000641574,1.3992745295357034,122.8841929206643,0.24238856008331194,0.0
102.69533013586137,41.363453151571804,17.8416237260964,75.45943896222825,0.9062704366301052,1.0
60.11695814842223,9.681210439385353,3.376238969026108,154.36292386076167,0.21270393456342154,0.0
135.27206923122517,37.66546927266778,7.440157739627429,73.1879162509699,0.899654691036779,1.0
89.70682333264165,34.09959389510034,4.636833044223781,67.46945017418254,0.6493663998918542,1.0
66.46071768031989,7.993798793174731,3.580505900332894,173.1940574301322,0.1929132381057224,0.0
118.80663802132382,27.443208608026637,18.76631130994677,68.77503956496523,0.86183276650102,1.0
108.16254874732776,25.46002823904672,20.579243800728094,62.46679959385874,0.8136015454246021,1.0
120.14779977890058,38.65736238631303,11.251545600354321,50.43550661718044,0.918778328327646,1.0
86.30539536490562,31.603992009649854,19.956044179564778,76.8559652638898,0.7940524164273866,1.0
67.53610630328575,9.878233620795816,5.641431664221361,149.21970442875832,0.1228561267607976,0.0
111.47789936004236,27.60767608739918,18.480548528864105,68.79805148158816,0.8469201722071279,1.0
37.053420278059434,6.705182130141539,2.2652070291001367,151.00018805006738,0.12275982603713803,0.0
98.48620474230874,33.2766124859443,20.352556756213467,83.12256012270402,0.9358045861248995,1.0
78.087050890954,19.602266102941467,5.599195888776796,118.28687484477652,0.253489048086485,0.0
119.2295581007097,15.797176657951788,23.30621163692428,65.1411649591721,0.8379671287439666,1.0
95.95374223431106,60.56640430630593,12.938272067017447,64.7909488722209,0.7637750685802143,1.0
56.65974915927254,4.3170068410403655,6.84662043168308,164.10234826110445,0.3819627158841124,0.0
108.7996409151439,33.157324895937506,2.1675184188477576,87.1870952536191,0.9345020304949586,1.0
137.21056075244346,24.69109401132597,13.44692798078508,80.49773903101138,0.8235455708309058,1.0
45.392067000712416,9.72549902343112,5.002678894889285,151.89999299093637,0.26769290618240343,0.0
113.78773942084331,37.36590473397508,12.818335961687277,91.5931764966154,0.7775836239456948,1.0
97.8743340688087,48.7516770732282,19.781437148949138,62.42849984398627,0.8085229495177919,1.0
61.01569100580628,14.08412392211739,6.327160755239372,132.49846935526136,0.1642730178516151,0.0
37.706204803989756,7.233580487921562,2.0883116149858676,164.50434562422652,0.45834092457232967,0.0
87.52836249295838,8.831798723684905,5.360865116107886,162.35708878848206,0.39101437694537616,0.0
57.24115063661497,9.743753124078921,5.7761352059733415,136.6411284537519,0.31560592887554995,0.0
86.14905034362187,6.491135760982509,2.45597017118954,143.6456158196097,0.22547904876522834,0.0
117.17376832159728,37.06737739663337,17.428591445799345,71.77205483513502,0.7678318935013598,1.0
104.19264055851183,41.20028921055939,26.54533198649117,63.91140925303475,0.5993055518462919,1.0
110.50728237684113,39.53494184083962,18.603896373219946,71.7368009997599,0.905933772363341,1.0
84.23140443146835,9.425620152955783,1.9584716869015848,161.82161175827514,0.08107229484903791,0.0
55.83094147118673,18.277911569501075,4.207100202102861,161.9803385615432,0.13926929554526882,0.0
106.00569208208022,35.73233765911003,11.9353876602664,65.40067561771328,0.8266780942487648,1.0
67.09944647328689,12.022168685850716,5.0690864510650115,126.03500591929051,0.4847165381979395,0.0
120.50867947137733,55.5122657638089,26.996927178811163,88.25467634048798,1.0300409566879163,1.0
51.78154313744452,10.067824117779315,6.937654963391091,150.6877288169039,0.24260755404988868,0.0
69.07675072961742,3.748263151574351,8.205546999357175,132.4236794244704,0.35803167120602175,0.0
128.70258761347574,39.34694849207436,12.895051559020983,62.322152439684,0.8386507779478828,1.0
52.71766758363444,8.212258291882494,7.529147167454205,150.85671801926688,0.3140341491150734,0.0
81.72973771413155,7.776716132927271,4.462444151524257,128.80561446188094,0.23187888927876993,0.0
66.23366287671023,2.317604782820945,5.325619494640144,149.59628643635205,0.3516516948208389,0.0
67.91945846473497,7.276813177989089,3.738641617451204,170.27316861131072,0.30695794682824085,0.0
57.99414191995374,28.718476632256433,11.211637122920562,58.996128377304316,0.5944803755274126,1.0
55.61289236908049,15.467096548587543,3.578881612426702,149.2765070648042,0.3966836893810206,0.0
72.95837412608181,18.152913097135013,6.988834897718903,161.24534269869045,0.2887774208091993,0.0
66.96926420319005,-1.6297535108876993,2.0612795029558426,138.51404124561844,0.2282665436648144,0.0
101.15839937168903,29.08166374445862,19.11413553622395,73.37870484201545,0.8467196479530203,1.0
53.791731275957076,14.749842507209513,8.06908254285889,159.85573058604618,0.4572548087126331,0.0
42.329246366359556,4.386004164861017,4.12212149288726,156.67297899854702,0.3587214115906833,0.0
56.31709293526347,9.50048188154047,5.473137029631389,177.78914546278477,0.30237491999035115,0.0
121.54924659589757,25.142063202345852,21.124117889107232,59.391598622336346,1.0263096171596735,1.0
110.10999472887875,47.11096900069987,16.9928348830576,71.40609506675835,0.7255272517030339,1.0
50.578065032382334,16.732325150027954,0.3722996379005634,160.0499395964666,0.2710565132887088,0.0
58.22716849755323,12.335577527245794,6.439093646612458,145.46521185265505,0.13349974801841957,0.0
58.40838079752968,13.938571559709166,5.290099954461164,116.33917271009706,0.4594033801221633,0.0
101.52825812049807,48.13873915994537,6.544232754384986,60.8758439619744,0.8057029853568318,1.0
109.96127910170205,47.89636150894017,7.786922748589483,61.733464434835845,0.7874638641691522,1.0
94.59711793562036,25.413616711935788,21.332569967424412,47.985831804406196,0.8149268345895789,1.0
112.12330859400384,44.77371626402092,17.282194089826255,61.271606821091424,0.9519393660513835,1.0
63.13991118074576,10.510757579531939,5.743114169520077,162.4386313376804,0.30616146700880653,0.0
122.97455076663938,23.642194498336778,12.816131483713802,75.51565657565347,0.7490177773532691,1.0
68.84208932200013,14.184554766815278,5.330222526729732,155.71673251813104,0.17642878219906138,0.0
111.09640241724355,31.05960558159018,14.103325059162438,67.20962678050023,0.7966447738944428,1.0
141.56272003683372,35.748153904611584,20.323919096903555,73.43802328842165,0.7843777014973812,1.0
84.49044995147179,47.540205728473445,14.511844341711726,38.69974082929566,0.7133147566953023,1.0
57.029808292789824,10.979774165467887,4.9623584509455965,150.73643459972712,0.2551949038612258,0.0
72.14131493777529,10.286970445211585,3.6400701225019425,127.26979549432787,0.49058221239724126,0.0
110.63818956895167,31.58876256070132,21.171192276720642,65.91915204096455,0.5814537159385237,1.0
105.93721793519033,39.316447658706906,17.76412129402282,86.97990145025294,0.8769703028205446,1.0
137.4546306839929,48.331966047831244,24.357700359316766,49.93771275988311,0.7649583038459267,1.0
121.36293785261677,37.41320959244067,10.698630511986327,60.03682181833125,0.8344250661755228,1.0
116.78510665049902,25.6553460245196,23.742969802238648,51.563114483953065,0.942430841009395,1.0
124.32856829481139,38.505150803364245,19.71414796681084,65.50001029413289,0.7784351991912729,1.0
102.86550470956875,27.731083756522303,10.674775851844894,73.80180798655212,0.6453326054969373,1.0
54.40325825390844,6.928020152277924,7.788370660769619,142.3975585097309,0.296657650648556,0.0
63.10401604645216,6.664358844378286,5.185269221079863,113.91863061882432,0.41339177227840834,0.0
59.9506072000715,2.356179722507842,4.565561584979421,160.58525206063268,0.12922211738566916,0.0
113.03784025433633,36.95650890430673,13.849170155368572,91.63176288320487,0.7208143510035613,1.0
65.90604813556799,8.082889129242147,7.565289798592277,145.1905118861402,0.2746028543943506,0.0
49.09478921622385,11.203361901608012,5.759214815259201,127.7267910219401,0.4611644644218522,0.0
72.52720822422003,11.43132856905285,7.228334045957539,149.29383814111083,0.36934494600818557,0.0
66.4786705105703,13.874024552904288,1.7456156108006269,128.21519133636022,0.3042961999963152,0.0
60.94717573388409,3.6042054695649197,3.4344081780507776,175.17818987487294,0.23608888963739744,0.0
39.49576125047237,5.374539202756009,3.3597030422074066,147.21390639679436,0.4528935942104297,0.0
51.27458237833011,6.61654360959116,5.517573645884326,139.19799071197264,0.4568374189852314,0.0
96.93729832165984,45.015247239054766,17.492421284512446,61.510238123203806,0.5609021534431572,1.0
71.22541870302902,50.55520609852674,13.390213212269513,72.4790840651843,0.6788869521240339,1.0
53.12883191652791,9.391044525655612,7.5034306223524725,112.64777796256814,0.5890018402846162,0.0
26.469284248142607,11.411963775397433,5.437481282141778,168.52482249486403,0.42734070579598377,0.0
99.49537742398003,42.9615988899907,12.772045789146976,72.03405496254432,0.7879280748224243,1.0
108.34038755152076,16.849157476623112,13.22750073149214,76.35793312677444,0.819093926625889,1.0
91.96352963297545,45.54811408666668,5.891252141977949,73.52839686567168,0.511527488848629,1.0
76.62710864143571,11.057103796454275,7.2875777799440264,140.80622093106365,0.17884657416413868,0.0
103.25426931289503,28.299851603663207,26.134776010160685,73.8346655313742,0.8668144243935849,1.0
111.78415902843292,48.00750953535942,13.341918558659009,59.9666397966345,1.017171005644246,1.0
61.99478425290378,-0.3826120839234921,6.3785480291447,153.77107365377282,0.29369768941733027,0.0
20.103432908603324,8.45201893128086,4.543333552043072,126.34907070048001,0.19133864487557584,0.0
52.06145257593958,12.367186905747626,2.9365229368103978,154.79164064821882,0.27341553554355397,0.0
55.83026678807644,8.036962503702032,4.362177122408248,150.2461244830437,0.2650922772475347,0.0
124.36675511141814,27.61709005100198,12.930153349481339,74.67654593906474,0.6600842194942282,1.0
107.01653462329016,41.4500949228438,12.479023498019032,71.1174013318892,0.8775915068594137,1.0
125.90162316899054,53.30970767176021,17.091856961530432,54.9578042573504,0.6567841184351767,1.0
63.2214361679836,12.91260651431755,5.6484172063932805,116.70891324615303,0.1759744368356303,0.0
60.645336823718786,12.290231006621118,2.547609054359046,175.24065822838358,0.4299427738115076,0.0
67.21939998492293,9.934614846646209,1.9158239585277665,141.79983232279912,0.28189539703562555,0.0
51.91037271419375,12.422793859694728,8.558552065007122,134.05930619031497,0.29972035405363623,0.0
45.15974536114208,6.660323346367374,8.643967657804893,114.75550549989325,0.2861580811271832,0.0
79.01702454775962,7.130371388387626,4.761230103741533,142.51995767455054,0.30419278518240805,0.0
96.46235788052775,41.40629030414067,12.624592745281744,71.06907413447111,0.7693339250794458,1.0
149.16197363203582,53.75784604124521,15.444873661607325,62.46835776961981,0.800255625380269,1.0
107.52676936332735,27.210547914564323,12.654141721533492,53.478683823605145,0.8393081618212086,1.0
132.68105491847638,38.259147471367235,23.496019672720998,82.18835180217528,0.7692258925116509,1.0
134.19735267103167,34.7614119674175,15.958248568409894,82.10346203498472,0.9412906961267534,1.0
113.42911633106543,30.522865203530323,15.204142519073777,79.80604749398259,0.8262190847497006,1.0
118.72779136069586,44.63127936304248,17.451082117300828,64.84626274130818,0.8106880019782112,1.0
78.7052372980742,35.06970124479312,15.484643495434902,74.6258224291164,0.7737039186170511,1.0
76.69994889802638,43.59193227168054,18.63487468976269,85.36014918524825,0.7563973957081626,1.0
118.5758026414662,44.948716880018964,21.690076648582714,82.14060140459756,0.7778268592360379,1.0
73.92631751169324,5.247439757468803,8.614770553905352,129.05848334705254,0.4181399918754687,0.0
136.331563103942,34.27354428461209,22.95678877797758,65.05256093161302,0.7254251977873818,1.0
45.60253827741953,7.713317622139927,4.045126419957203,164.59542084670602,0.4257810539009057,0.0
53.047183463186975,11.497450295768022,3.2480803751730116,141.71825234677945,0.13806520966388536,0.0
63.19840216776693,16.534650510036183,3.382217819019121,171.5150671966212,0.34758069546110626,0.0
42.297369101140674,19.538934156148528,4.389680595395345,110.56175756087788,0.3310062425192009,0.0
137.3104867194581,40.6059554263006,14.46201265129438,74.58653818330323,0.7929936480110006,1.0
98.0479645940929,44.68257716746766,8.203601767354128,68.74207613388523,0.6864685051292865,1.0
69.86498756800958,8.398961005214002,7.7916960614698905,134.56838071007166,0.14782665852702856,0.0
126.49641533433065,41.56556728280309,10.757942476243624,78.29501292701711,0.6693551212872186,1.0
114.33148053393427,43.694554975715704,19.140848861417755,74.2851775248698,0.9356602301701213,1.0
46.140172776758305,20.17783001428405,3.6078994878380435,189.11713338932657,0.4194669106858226,0.0
85.5169389980116,6.554465476019363,3.870272166917597,144.05212930823308,0.4171323388456841,0.0
98.03092275264434,55.48718325071624,17.84530299910859,66.46238600456853,0.8438222783505355,1.0
67.61645533394423,12.41046613931836,2.413786431879581,109.52058714368948,0.31583971010107215,0.0
114.38426464550069,42.571613140281876,15.410303550801899,75.24751218284922,0.9053943461078087,1.0
84.32106927031356,32.873826794920255,11.69399039440041,72.59453668673318,0.8510828668967897,1.0
77.91134963831524,0.2299743611480558,5.248751368363586,152.51684706269614,0.3026957841719951,0.0
85.96469912735327,14.902237281106384,2.760481586335368,144.45946163071815,0.29872292891901175,0.0
62.78043079715903,-0.41222738329139474,5.155657939151026,165.31198313029165,0.34738528846561567,0.0
56.83623508995361,14.73539676244308,5.274891390341878,115.71176395576862,0.47094267293981257,0.0
126.2124773464872,37.304652747140246,14.447842703927309,69.32262757671964,0.8156229273073526,1.0
136.9218554883152,52.56944884360087,21.11878802332727,48.64721857379516,0.6355633021046625,1.0
72.31508640672598,8.642977351608005,4.959450073482512,146.5696923257531,0.3244357534356233,0.0
69.16371871730706,4.851181415347407,5.446605795290491,177.20473955718626,0.478981681480729,0.0
94.27768412447796,64.96476770384635,8.864756639705856,65.23994829254185,0.7620651865512256,1.0
114.02602506615825,37.698542022961384,17.642176378953295,65.71202722082754,0.6935013224879052,1.0
44.52294245135781,7.850931731575358,5.236102887915248,122.53331866980473,0.04096412614424494,0.0
115.81520944941,41.443601262519486,14.692987394944724,77.90868019912357,0.8962341746694881,1.0
84.88145313811107,11.675383970544653,3.104927263400416,154.87183258358596,0.2949603022457895,0.0
29.766410647341317,9.398470151132544,4.110392343207257,145.17593671733667,0.45641200306591206,0.0
104.29131439975531,29.983235991142678,13.215646012084601,70.27793929963933,0.8159747211625663,1.0
56.4921038069268,12.424170717408614,3.3598044547371098,131.96152626458402,0.35648774941813777,0.0
74.06653612500011,14.294946797458351,6.574155767358136,114.94326041259649,0.609750501867157,0.0
114.9341985245639,54.25238300156885,9.551415970466527,69.3423481153537,0.8602544245884401,1.0
60.011971623147545,13.416210499647448,4.600413365203003,143.14583388707803,0.34066777535999754,0.0
116.83455666387593,61.917155357145646,26.216240221870677,75.40615153727902,0.7166273406158992,1.0
122.36023726083698,28.05179209938839,23.502046864956036,97.45235286489876,0.8257978355720923,1.0
54.18258312996967,10.033391507475583,3.119840273926779,190.38461808058454,0.5260283157284228,0.0
113.08445951550367,48.83688729942398,14.385880048284495,70.76932267205518,0.7441422961583142,1.0
119.68923825689403,46.76270335656338,6.019443450990936,72.37738999005865,0.8408062306822702,1.0
90.96669354786293,48.03981294714016,20.5874162515311,69.81431091049656,0.8317099487986233,1.0
75.36133087751033,5.324385855745362,6.0625695544151625,182.6855271064472,0.38076914143441587,0.0
125.37055287417482,52.21406111902984,6.926012297952282,66.526015322841,0.9589612891304731,1.0
127.15526500726511,27.024675479155697,17.134059986219622,62.782195236980606,0.793252036057101,1.0
85.41101220030873,39.79963493648134,23.33639143113992,67.97330461963422,0.8443465995486249,1.0
137.48125369862237,49.410378746934896,16.119793149253457,54.362333054590806,0.9443113873462785,1.0
84.07640873274443,39.14771602810971,20.50834612676475,70.94998831265872,0.7710130078451607,1.0
62.88969657290933,13.851132899455099,3.9363175493523026,158.13123716385985,0.1346026071789504,0.0
57.847904187968766,17.751091981940483,6.434337970963215,163.84062535236677,0.2459900397961065,0.0
108.13843939222572,51.20560400951428,19.460188013359943,69.1401519372678,0.8259378159992661,1.0
77.48505625455104,13.34159699736226,3.535107188737416,138.35234914517713,0.11959930373139688,0.0
52.307380275999364,12.512207135644164,1.9193655351785432,185.96212823309133,0.14513668983334266,0.0
117.05260665742807,31.82606556261219,22.664540373161227,76.11175817485261,0.777475986196289,1.0
62.743018495389634,12.584422548530885,6.123717620524777,161.42258201516643,0.34237188901270876,0.0
122.99555589182285,53.67681911563155,21.225032221910006,64.55992381107043,0.6795412095200958,1.0
123.05143083917044,40.706407067113986,14.64247856553462,62.70462497374538,0.747957523247811,1.0
75.47600671212487,9.817548448172737,4.734540309204704,172.57115537608547,0.36760510633008026,0.0
49.09186490265874,12.230485457622853,6.211607834850664,169.96111554209904,0.18491040879579107,0.0
51.56400168130722,1.20942961316908,2.5394263522004494,182.70921662903973,0.16965281971356858,0.0
37.125057434538604,10.626734421692433,6.781070406652641,154.73193156828975,0.3250056343172602,0.0
76.833573498199,6.736454678059594,8.969173317979084,138.5561869638234,0.009061582283298786,0.0
62.56972745478677,17.66216833465786,7.893851872326933,133.57934307422903,0.31169385609921585,0.0
138.99573878673692,13.432053645144745,12.608072282498785,51.508148733949554,0.8419379761157556,1.0
87.81542251434175,36.86799404854948,19.83208966130827,51.05899389969108,0.8187111684147287,1.0
55.40496615535271,12.031676147219935,6.454193888098103,152.81280116790947,0.28140461886384815,0.0
117.78968731643594,38.31829473352316,28.076785857070018,62.66708650006703,0.8229683607664718,1.0
82.37176718008192,9.289118641082778,6.013518205783768,145.67407972094608,0.4304573072450802,0.0
97.01043426126925,50.18505742459138,1.8916349621948605,64.98403554446008,0.7247320764428371,1.0
121.41737107040318,46.75367287224428,14.375811392762103,56.76667936908972,0.941402563899676,1.0
103.22800165193131,20.887989780234342,10.936454291202011,71.53536928439368,0.7552268595383944,1.0
55.244022526660544,10.940304354303988,8.036990641592048,150.21660569617933,0.20290566817731498,0.0
70.44480959125126,7.482574832444341,5.108029566949542,155.13577352255672,0.34881754215271865,0.0
124.46443712309379,35.92303546218103,12.483137792210393,73.36559515322317,0.6985811582719494,1.0
101.91905801442472,27.771259197210966,21.07508038590765,65.90925598655134,0.7854381315565886,1.0
59.32430219509431,7.131679283324083,7.297316706384932,137.51511074763235,0.3599087696667239,0.0
99.1771279565784,28.42791783570103,16.429932590977767,91.57267829812665,1.0180331267173988,1.0
126.44464231290283,68.66236594799858,9.272062168427581,57.561134787915734,0.8045536924675585,1.0
58.97489712968246,8.686314831125745,6.82913347412944,152.68441561259252,0.33685315976293784,0.0
146.52024631268358,32.773106692473846,17.757089704938615,75.57120227131489,0.8020955763630763,1.0
88.01159365732116,48.699401748357175,20.302292788266364,83.91494314562362,0.735275062870162,1.0
94.19878688141947,40.01075100114336,10.194508405195709,58.06111863446272,0.8471529784827158,1.0
94.6602636371244,43.22654912887471,19.311035207790173,77.37204641197344,0.8491811550385651,1.0
61.99478570472323,11.864617118518982,0.8846800236217147,146.44205038036725,0.4609550396418114,0.0
121.95627137268922,39.03165524606609,17.83707942482734,71.36814391179368,0.8965516237658278,1.0
87.22779870025653,43.69915348475416,8.909854396583151,61.5776818203611,0.647850251106536,1.0
44.56502476168454,13.618898549363045,8.472536978221125,120.26029714177618,0.2524351645147628,0.0
87.64539165821488,37.82227924382879,7.802331547314303,75.10088298772718,0.7197001021481826,1.0
42.999502988715726,14.500915522506029,3.4373650347131743,168.02023422328898,0.1011481231236741,0.0
128.826074383238,43.068842159257585,14.906023326822517,61.260835411389834,0.8613193962474687,1.0
97.71681608487278,32.43221505938065,12.101126606937697,76.4683511168247,0.7366744332299093,1.0
157.65163052856462,49.36340275405833,18.597371196018564,67.36277463908876,0.6678541053567797,1.0
41.06720822332419,7.741347971108768,7.635567815692392,153.98826281615496,0.12640777729469227,0.0
39.69396240598083,11.464276667615959,4.494129498506066,163.80681508212962,0.21295797631481872,0.0
85.98746711319723,33.58125660963844,21.406729572650622,66.83575792936044,0.8157683899873243,1.0
77.27913279507537,10.291927502740862,5.608001541374586,147.0143605884635,0.4022063471121429,0.0
136.950476680794,47.579113131812186,17.26154835154829,79.47213680022048,0.8742815459619475,1.0
48.476906171621735,6.577721903188687,3.818818869827318,149.07982151780016,0.3889424420211567,0.0
87.14686671294092,12.163531077380826,6.836917185712558,126.0062114191252,0.0760727412139248,0.0
73.53717599791,11.778464231699132,3.6193606563640053,132.08376582397247,0.329981389971339,0.0
101.5575246238802,51.000457425942614,12.404691432581846,74.46915156716108,0.6373247400379733,1.0
45.73736239614284,9.35181377539364,6.294391772319283,152.49292124455576,0.3275250262356175,0.0
124.094366435196,30.6373150029331,16.536311357985113,72.06749533819055,0.7689516391787433,1.0
89.1763451073356,41.030138885691116,20.324637657861928,63.59122879923602,0.7997235675672534,1.0
121.07752299080542,35.31079341525876,15.523163969488575,64.41797577182861,0.8031999301768848,1.0
69.74168093645869,18.300329881668997,3.6069800561841197,152.23718033972332,0.16149438266919044,0.0
101.50321667535165,10.605895676422964,10.852710128616902,74.97468001524032,0.7475369034625488,1.0
84.21033409029036,48.339604725965174,12.348954529917652,78.39408697487276,0.7868110482617249,1.0
113.4109384103101,40.23306739272399,23.75037887494589,64.61169377688366,0.720284316217537,1.0
136.05680550466948,28.847422597465236,14.062226538624378,74.2409872123482,0.6290134133633081,1.0
70.03894144385087,12.052058144609086,6.701918708886288,158.1598152232114,0.20089513874138246,0.0
131.150990541255,30.063303621321246,18.29518341786644,73.8441838232259,0.7450194660331736,1.0
46.44687004128008,6.320566614443026,2.3913521515297194,132.96639201360216,0.40803816935303366,0.0
138.162732722159,51.103428291416016,2.4790319442943254,68.47484354223597,0.9176054365699066,1.0
80.06214517465551,45.048306707387056,24.343705132423494,64.64317933496405,0.9019478944192147,1.0
71.75385299960962,55.83527139242947,14.277379185657285,70.98929907542163,0.9400454551666789,1.0
53.59930377148595,3.1512066857599974,2.152580282897723,131.07419453769882,0.34218685115630515,0.0
39.86604870345565,10.825015817139928,6.8014979453663535,150.51074152580154,0.39205453384929184,0.0
76.03864501631745,13.586070416122762,5.1926312945072395,137.55617791835468,0.30579439305768447,0.0
122.42637913812314,29.82539136546103,12.519752839369978,65.76306513799769,0.8856596095798343,1.0
61.403183172434524,9.06023370721836,4.296684578766622,108.90370642110105,0.3256855902931529,0.0
101.99286879061202,24.586138090490564,14.920926039827943,60.68696242753665,0.9451485472314058,1.0
150.0217313063555,29.19493755680402,14.911250984301228,57.83826020239264,0.8008291735689059,1.0
106.31190043693462,21.111807400425334,19.912896467500346,74.44412057145644,0.954465048634506,1.0
87.62327780145031,40.80439148451052,21.819546973702867,70.19247748808496,0.7771047845625247,1.0
25.691717220824337,5.9216350973893075,4.336773947869782,175.76412944615174,0.21645888708611866,0.0
52.353232950496206,18.17063886185295,7.430720587389482,111.51979520617405,0.27808488761281164,0.0
104.5943028244719,30.328191628119228,12.891785820535612,75.39140136586906,0.6925517895677745,1.0
100.11315960496923,54.18548422672542,23.692369138441215,62.22154255811203,0.7122768611552629,1.0
128.38346764963845,38.34367568385238,16.154317764477714,74.92568346913394,0.9656823220968109,1.0
129.7545114547378,35.932838781901715,14.719754312270002,74.77596833028895,0.9021002633863454,1.0
136.4867060212268,42.05787779258246,15.532335225805516,64.58109304362027,0.8926151229860109,1.0
79.89190948281647,36.48195608043811,11.698074083983311,84.67190533784006,0.7022930337571719,1.0
58.104469506917454,6.238092422421324,4.330044420594855,168.71542995604963,0.3203438813687552,0.0
126.46328826292148,50.58325583093324,15.699808882747572,81.61072601658412,0.7989938563335979,1.0
101.71399342069509,46.60917896124539,20.07960399498872,69.62932404097435,0.7001384781567216,1.0
67.61449372868553,9.145114798532616,6.106256966068459,140.84983363648496,0.1316679503887633,0.0
141.67084961202758,29.620365400009035,20.335866289337954,59.71202383051534,0.7918303061373313,1.0
84.96176191899747,43.163555933246045,22.396202036965324,82.323801241943,0.696412032495716,1.0
55.91555524175359,19.003524273910195,7.3880096405017435,195.0103128597135,0.13599377228020731,0.0
118.67978959530055,30.995801534519114,13.187511416328446,68.69440517194136,0.8163674926523642,1.0
52.90833782794435,13.795004153879496,2.1419636364387724,146.76525418723284,0.4927908444347248,0.0
87.33468079112134,19.606972462161675,6.811356867598938,65.56097915226604,0.5725650335881232,1.0
60.496102739241955,7.944984619267714,7.182203348934159,128.72143533666613,0.32155543106525974,0.0
109.07508875138109,26.522644167829107,10.834712432895198,72.42130987280648,0.8109810799417501,1.0
117.10751855920775,58.12869163022189,10.84997596448964,62.365746638367895,0.7310006092968809,1.0
48.345014354935294,12.497343132203225,4.048249540647206,134.07280010979963,0.35071105467730285,0.0
143.54237063079637,39.157719182992075,11.933315866251078,72.55555776366583,0.9393856881965471,1.0
165.0325605929591,48.265349636847574,16.271437952136008,60.91715658488583,0.7059660068181471,1.0
129.07836966343723,36.78432143088031,10.272935531449036,77.4499540162224,0.5635464103776374,1.0
112.96570736474507,29.828662534159584,10.580681464264433,77.60798762038206,0.7607700995010555,1.0
50.06437301346203,14.708696550968774,4.626748899945103,156.72218165022582,0.5257240448001906,0.0
66.465788982025,5.062288087987353,5.321453426111797,131.40178748700836,0.2897200974464486,0.0
99.20087394343354,29.832534644413883,12.835673434681933,77.10331670567594,0.9441146421442691,1.0
82.86488012984545,0.3416334744948166,4.696668643728501,156.1075493157655,0.22630935561735444,0.0
110.10659354382199,36.07564622574836,20.65021917978997,67.4968161271234,0.8080434065728631,1.0
55.03907867356548,3.74231382495706,4.061213426822364,172.7945008758077,0.21783024185964103,0.0
120.11005989260784,38.44493932465534,16.024441672400364,66.30165572813995,0.7353200747001182,1.0
107.99479812472774,22.96142260824324,17.972437124011144,60.583304773818135,0.8185367217989918,1.0
127.77237953189,39.579972115590756,7.3119714997406815,49.788329007753205,0.7245804332289568,1.0
91.00796922352258,41.01309343312277,12.587581120414299,58.6515890167053,0.6938120675791318,1.0
95.8256333082732,39.6381563656598,14.759874327992682,65.10172409872736,1.06215257139793,1.0
35.13317111182408,7.337972154196997,6.151742329252359,122.62184875389602,0.30829571472239076,0.0
34.07557163065866,7.492204171887515,6.492090267341587,137.88831918157365,0.19483252338209217,0.0
42.66743768289592,6.204547359332111,6.5319632408232495,133.3295360283907,0.3005080057487018,0.0
140.24668085548976,52.363436234578955,12.506050659642261,63.89737907703619,0.8337658776738847,1.0
108.87759781685834,47.67274437023335,15.777154927404279,72.62448577652953,0.7887038357390451,1.0
48.51847262624123,5.197806344500856,8.927930336548457,128.53781761680582,0.25617717927262784,0.0
120.71012732229632,31.953143999357515,18.953643824680647,90.29387207795655,0.6793741873929827,1.0
108.20912475304702,46.22308676648997,18.075204629435,55.28927992837022,0.714457013747484,1.0
95.70757447966145,36.56383211187484,10.000914436003718,75.60227741566217,0.7755049285148019,1.0
111.03654655845375,46.30602038511601,13.019368961269915,68.8693875605374,0.920820917092448,1.0
133.40670517270115,46.41288727141463,8.466952488016727,77.76399319632316,0.8524581727089244,1.0
59.67200265510404,4.4263085984318185,3.8012926822585564,157.6224399745225,0.16903848512999647,0.0
39.115627272454525,7.09084858141398,4.76542919513189,144.32589093097772,0.41159480904686946,0.0
60.498422435309834,10.233271127454682,2.326077256689653,158.84090671399275,0.20770098890189415,0.0
107.14421177865893,51.085519730836346,11.332025215828981,78.35497394695712,0.7279250542088795,1.0
111.03160786118309,23.148736751186544,6.757878354774826,60.14174667200635,0.6259922604657019,1.0
95.70844202830585,32.5610917890719,16.408519936188284,83.79985891064098,0.9427995826785396,1.0
102.16073612903176,34.97769197868968,17.417439995686784,68.87274058950129,0.8825083249806754,1.0
70.6456421767389,17.211697681564754,5.999414619810197,155.56335583991444,0.27483672614010063,0.0
43.29262491924084,8.484270441065952,5.82146749303579,176.6249720533912,0.24722335931184916,0.0
77.35046325102206,14.55247281551233,6.75700830302108,152.56029932341457,0.28659290981436825,0.0
117.04136028061812,32.28640338763189,13.432482091304342,69.03025900771506,0.6972485622133665,1.0
138.91899698470024,24.785869935550913,23.060721433827638,87.32937599444094,0.812288136755241,1.0
72.33818240283662,7.480832001145761,5.464775694340964,133.0404008146493,0.32627705645917743,0.0
146.70667771613074,36.8602677555898,18.791484391187403,61.164817348114525,0.6489781675978522,1.0
41.33452930803105,17.18620161172323,3.2059541427722524,131.2235039293571,0.3490598650004372,0.0
59.566993420073395,7.511842171695169,6.365041276528427,113.18897246181584,0.3194846127765858,0.0
88.50738932342189,9.1393626048778,2.620873379177126,192.75477964760748,0.3939067237520384,0.0
50.36384560491837,12.869074082678322,2.265031655226003,132.92431405486866,0.182819210143405,0.0
102.02648690707821,51.88098465090718,8.789993347693887,81.74536624747398,0.8068659285115567,1.0
24.332161923695267,18.467935761859863,3.9654339963578975,166.3687095923188,0.14956005995021318,0.0
45.939588461751896,4.988341398118036,4.380634205297148,146.4135888358123,0.19062835551353025,0.0
52.3888146569897,12.00410250726391,0.16188336774471868,136.82698635356584,0.3698977093447569,0.0
32.570596388002144,9.69662677468372,5.193976704078307,144.71972024012362,0.28748946198586184,0.0
125.82081372375396,43.214842251888385,16.984195935538303,59.494376039722376,0.7824774797666384,1.0
65.40583184332748,8.858595132395058,4.483877418275939,122.97197919606965,0.21547966605806163,0.0
54.04370005307765,4.500440164988736,5.669945818145147,183.76934470806145,0.3936702456966943,0.0
96.91170630556572,55.48300464384423,3.5206392206218755,67.16790715689501,0.8297584500512154,1.0
106.58230307017412,36.25258035984355,11.848338216672058,73.28098027061624,0.7456786688487189,1.0
110.5652181762351,36.599640350898134,17.076151560793647,56.11050151908569,0.8336307788568591,1.0
47.34302944705068,6.419948004847129,5.042471875162636,133.02857610596598,0.3429134415699958,0.0
42.74139999005051,10.861789141430217,3.1503077654465317,172.0424573267274,0.4047307610503542,0.0
52.92038149965292,4.049300284497715,6.507837678890776,138.66882383887398,0.16636713320628313,0.0
69.70496823187565,43.611498799944016,14.560713366919492,69.06034932631707,0.7852775992538356,1.0
60.80770822914581,17.0885682937061,6.763862600861843,144.8763894119723,0.21631702403865,0.0
130.39605759135677,28.051790063210202,18.587785843971872,70.91656125917373,0.6458670799954604,1.0
110.05904735728836,55.07634471843901,21.678941777301453,82.06649864110068,0.7813964544619855,1.0
56.67003970805679,16.54951635239283,7.158768672541232,192.8699615707191,0.3780798111137521,0.0
104.84485653500178,33.39755159207806,10.141944092871078,76.16644843375123,0.8521829332549802,1.0
58.259014071356695,18.500988258959822,6.185689399555787,184.08992776304984,0.39697586612660196,0.0
62.01055408686514,12.974416283579941,4.199942620486944,107.89489120605327,0.31222650385338896,0.0
75.09911358218851,11.958054079350724,8.648481025492234,103.53844522286607,0.3068029148345373,0.0
49.76168279581875,4.501878673520699,4.046140688835358,135.36133340646643,0.19153162615953784,0.0
82.67549197342458,45.83480431183229,6.912716714374108,65.8230381073395,0.8663941096132408,1.0
43.80192982451142,0.20176822810180894,6.521894252124026,205.9808601868941,0.13695626549892945,0.0
84.68746580554374,4.938415504687467,4.918900339183824,149.19079284415483,0.23391666728435684,0.0
70.95198853457458,7.478338864042684,4.6558726344627885,158.3464900969399,0.25901357721341217,0.0
99.98398767760895,40.65661909603221,9.299341339943842,67.3880451257344,0.9116285190292283,1.0
39.080755854248764,15.874666701561857,4.802755647494806,191.36659614230066,0.2396929112042964,0.0
63.274186557422965,8.065754440836745,5.4009282079566745,133.97535362472865,0.29511424396852465,0.0
114.72663074747209,29.63024971850647,9.903052046648272,76.32092465176423,0.6197795897484094,1.0
70.8560443875458,13.264974187174413,5.356330510709453,115.58439839758327,0.4339904509875392,0.0
54.1653074619223,15.357098109096551,7.800741086038236,143.53694089188434,0.1319227376676057,0.0
87.43091436631329,41.73578749135545,12.460376135064894,79.08872453751943,0.692994128640928,1.0
58.49982233255281,3.8506409470841687,4.376636946053137,140.32175132180802,0.27700795208826173,0.0
61.70652466590456,12.371514560258179,6.623696082887092,124.85802376406747,0.4000862268522558,0.0
82.97157750989899,5.419065098431101,1.7567067900245963,154.06472957684824,0.20548105773920392,0.0
98.31438468897703,36.69305239714128,3.712886456579202,58.78185451659628,0.6741183623292257,1.0
54.10283091327936,12.758842135522537,5.345661641533519,156.621677080895,0.35336683001234515,0.0
58.50357827757175,4.368417950929966,5.1463430294233925,144.73090590411022,0.43281348328570257,0.0
132.66721872803745,47.564553738883745,18.632725142554122,76.05895385422791,0.7593332805697329,1.0
59.97495693246409,3.653952458460293,2.696880933367933,178.30259145930498,0.3261881389394929,0.0
149.5788665691056,34.70602273053136,20.749532714068675,79.94815630107958,0.8244822022637416,1.0
79.66465268918121,10.636651611545147,8.562127640425407,169.80744496825423,0.3856232069212003,0.0
111.84728014439541,23.815931773755548,12.235351966965874,75.22852414941336,0.754197629586434,1.0
83.52655176187703,38.88222703794294,16.617295194829545,58.86604547513656,0.7412917058465514,1.0
48.86958612335491,9.115505863768783,2.2895740925581882,148.6673431088515,0.3328108981616596,0.0
132.8907903571692,33.09858021448114,18.96330590070161,66.47415585205319,0.7527578053628516,1.0
141.12022540996577,26.181738754650844,17.113727681112344,71.66411457416183,0.7677594044363182,1.0
64.02563026445974,14.581687609388204,4.356084652197598,136.898131259511,0.20051868088685929,0.0
56.64393755390219,7.582455293801252,2.9546686629857306,154.96829351004752,0.33023370111863826,0.0
59.45320771817995,18.18832739185406,6.45033004124664,127.8741238357411,0.17942066411255864,0.0
51.37153161742989,7.615351233873462,3.4742766690082254,170.65010967637724,0.3237818454962924,0.0
81.46916554474637,14.785712209622222,5.42747971224658,142.2780398615972,0.43803036329654027,0.0
47.2518336338647,11.186000403915518,8.32064493584327,152.13352611088956,0.3273453427501671,0.0
140.35204499692367,32.632348712291744,14.199943647510157,87.02699000256969,0.9617140693141726,1.0
112.0714272953168,42.91110330304668,22.836365504145206,84.93105624400563,1.0607519714010127,1.0
73.06320404036214,12.150173700633028,-0.7007392357507642,149.79819165822684,0.2190165609908602,0.0
100.43881127286117,24.58530880167837,17.103734571454112,72.31259207918926,0.7228166570664829,1.0
108.97975082766497,49.707318441889356,11.78728322861808,87.58461202866867,0.7231271228070094,1.0
61.27232619639808,10.4418462441646,3.9986702104790828,163.01351570476425,0.23104157820166393,0.0
76.62215599969298,33.048769791204734,7.591025840436016,88.65783524844062,0.9494518259754443,1.0
43.425751194779814,15.52461675498414,1.9931876442459697,200.29374091627005,0.30502863086870274,0.0
91.19977285500636,38.83631817142578,15.39482082183151,75.71330759817639,0.621903252537479,1.0
56.22921309031797,11.5160571389979,4.433200455537358,159.2022713697948,0.17846639852563995,0.0
121.7677966765384,44.164216976443235,8.727888707126333,76.05143638076387,0.8557589827316331,1.0
112.45147103683517,33.597729271873476,7.615723398869848,66.1856514230313,0.849697299630297,1.0
144.55777467258673,51.61084285827137,16.627354343703836,78.69191910230384,0.8352043227708548,1.0
78.56530736408841,9.143131383508184,4.272183993897587,141.77085312579572,0.3117293043199942,0.0
43.07526995191713,6.763851010849153,6.00368520724421,159.73096574934345,0.40052198382771,0.0
86.27985830844264,27.37952488292555,17.910449579895783,71.20818781421812,0.6798466129498605,1.0
91.26496220580083,43.65649578398677,16.556953854195587,71.02795686238414,0.8240029649734456,1.0
115.93935809505386,45.45373084917716,12.160822497370466,58.32140200938573,0.5913371259355785,1.0
59.306446614984694,16.030918476884732,3.302798446275967,185.65332392763924,0.31127894972981734,0.0
49.205255803415405,41.34554779167188,14.825218058934471,70.92924428233795,0.7041618071137025,1.0
89.27279574224534,48.676711146977695,3.2199287126603693,84.48934216110345,0.8738297837955388,1.0
108.90053409260794,38.206062787502944,16.83082461666952,42.65524118557745,0.8861088993728344,1.0
62.665940780464474,12.464116296233268,4.144675029298003,140.5502316379288,0.2681409162148097,0.0
30.83853735067444,4.7251079811310825,7.352128637612186,167.68491195527056,0.3147158615301368,0.0
101.02690747336409,29.87813929764469,14.89143432289932,69.22704562393645,0.7931998130031305,1.0
45.83549482136673,3.3511446152196243,4.971189306299234,141.64273072061104,0.35889409692019714,0.0
90.41899930762567,41.155881834336306,10.277047195177914,80.99027879993059,0.7924918806279824,1.0
80.2647487919568,36.02190633200219,5.192098820794218,66.18422853922405,0.8547295848104408,1.0
114.82675608003223,43.94048872229139,20.651985866477716,74.23218160676367,0.9471374853243656,1.0
115.53421516942882,52.85349448861269,19.644176224433156,71.71468649855564,0.86811757264563,1.0
80.4519201231404,50.96681478936919,11.905052937648367,59.213350969381565,0.46668665025519995,1.0
74.10209940079227,38.493532752599315,13.571421788901528,56.43370784703177,0.7654272461251963,1.0
59.10112598036419,13.595663516668445,7.229361634576613,144.70628397903468,0.29985684157134657,0.0
55.66407588329437,10.740410238883344,9.985771333856704,167.5153413824777,0.3930374057817331,0.0
83.43044751848888,8.607101656352949,3.4530024975026468,155.70090345222837,0.3191857815462813,0.0
55.12809706609818,11.412968225896204,5.77103977896685,119.77806272701854,0.3138963471684218,0.0
27.61837652064608,20.298420619447437,4.475919744635152,125.69421758778282,0.16447342019066466,0.0
103.89237982917435,31.060958179511054,17.21660995093715,60.12770374291712,0.7909522126106254,1.0
33.02837445094855,15.173461313829566,6.291400114066606,159.0039565228399,0.38591197653220494,0.0
87.65284882649777,29.606818404256572,11.369476242119338,66.20454435877618,0.7113316371909681,1.0
62.062526560362365,16.821435665721832,4.1234193138082675,155.7270065751108,0.26804017369708316,0.0
107.8694471666678,59.498665493895594,11.860485559116377,66.15581851007234,0.8481116347461526,1.0
131.71158802931714,25.669095924868817,10.620405799427994,69.14117096449363,0.7809786730103869,1.0
68.63971483656229,34.1263067106478,15.172827466784698,84.9028086648324,0.6335336945959384,1.0
73.27769911933453,11.356299371662471,7.989496367268324,148.8470581582784,0.25601561503796333,0.0
53.07829237783995,9.53410151303148,2.539564778273564,137.34744554935892,0.3881413109938263,0.0
122.53800343644443,64.7734289465348,20.589146004507636,81.28851783100271,0.6693059666079609,1.0
112.4477238963818,33.58483224577341,19.312885642971633,74.97059702536174,0.6612491856059772,1.0
55.09384456949573,13.352553385129792,6.930984898637863,155.14463613421853,0.3983103487679819,0.0
68.4418778611765,34.628718943580104,4.365374205877028,72.66692970098961,0.8671652184996519,1.0
109.3640686805745,40.23756353121931,11.853724848238095,77.95423215058598,0.8493062224108283,1.0
134.6307123938829,48.34474716233838,22.025751568777657,82.94105620382183,0.8464453967666692,1.0
111.30709655481029,48.514882430736435,15.896214042268305,83.80691957754162,0.8488441274750829,1.0
117.35154760140472,36.00150605138792,13.989015897676914,73.09965006676258,0.892617421554614,1.0
48.78018765387679,4.079436928227094,6.232168349725789,122.3777056569206,0.3241729886353649,0.0
108.2752545038202,37.865458495978835,22.45349553800117,53.69291335850071,0.8967635997027638,1.0
40.43604647934551,9.09292911677036,0.50795374733414,143.58246363442814,0.4337412888907164,0.0
46.25464587684687,14.299866527068795,4.628539960643014,128.0816064919411,0.330215159078173,0.0
67.54991078407626,10.583045250497483,2.9544532584217262,118.5107982407063,0.34950125023706924,0.0
69.81249606252075,31.294736902403397,25.9704399328617,65.47703758695427,0.822826638091038,1.0
52.68186558454368,10.508625858152365,3.417373481289218,133.2700401911525,0.4354123182290325,0.0
40.986082420797445,5.666918274508369,7.148035581108374,163.81615087852785,0.4266969431194947,0.0
155.19180530493932,46.79263175890248,14.332752852020377,81.205050006594,0.8050284429463647,1.0
31.784074225633905,-1.1611557805142247,3.529847381410345,139.91338992544587,0.06901484878437561,0.0
68.76215804996028,11.686879521641679,10.829853067488772,155.23041852212722,0.143215635269183,0.0
53.61276821084934,18.080619373205174,1.9108964621774245,141.0447249762994,0.17291508235163072,0.0
128.56149200730198,45.31585963806744,16.019555321691094,72.40529898934258,0.8612824153349453,1.0
135.93087961247514,43.20921243900412,15.568548762445593,78.88169543394793,0.7956865059958684,1.0
103.32088115837077,43.608851872319086,13.248943571848413,49.58750940193953,0.8215616944819966,1.0
78.20620250923302,45.64485485553562,28.303304002463438,44.39762954143484,0.75986848639379,1.0
57.746149001971105,15.186997965254898,3.272564958634324,156.49179773820893,0.39263153221380676,0.0
92.3351592745696,20.6506203063196,14.514215855649747,73.60762159024006,0.7514962995321215,1.0
100.94231735359791,48.00899148413013,9.803475667175018,66.87648538964119,0.8995698558106591,1.0
61.07133378402579,8.060968329074575,6.848930990281017,191.55391818043512,0.3303506283326635,0.0
50.95924739734492,5.16256969886601,-2.2737998667099077,123.8139438911512,0.2986980449989118,0.0
144.9967253398886,16.176079633271627,10.77926869373908,86.80860390288774,0.9026509491893493,1.0
128.37374860861075,34.98516698914692,14.598201020805066,72.18428559873513,0.6797276421056948,1.0
51.964014492419466,11.912185920360866,8.729884511027784,170.84536210732685,0.15653560892246518,0.0
80.76072464801425,15.44983682697513,4.214291083626183,156.61637536923251,0.34945677256437846,0.0
97.19414280073988,32.33815320777501,11.673168147469731,67.24303228512719,0.7460849257332864,1.0
81.76262214307421,26.104002083506582,17.643582863474133,64.94760200312184,0.7731803238792363,1.0
68.32226612478304,9.823203527166472,5.016162036094556,124.49551047832942,0.23597119062640987,0.0
79.55249817283544,16.92426276074916,2.7827512130995085,142.2496010780827,0.2731359619482657,0.0
67.20840576591375,6.901898258354544,5.9878372754207545,154.01596265445414,0.5439869427595778,0.0
88.86957552335441,41.4928850817972,16.24473828392353,87.06624235331206,0.767605426242997,1.0
110.23235594794352,51.701543912483174,7.5150604623827295,73.97975993257647,1.0017092115480986,1.0
94.12249633519808,52.603443859267585,19.26227092724978,63.81793345298656,0.8556842563296108,1.0
56.77909105703003,18.36454598426981,4.418040924523317,127.09437112698376,0.25686243614206816,0.0
101.67657232841623,48.65044710372852,12.532121217013056,71.0818243312748,0.9596065303362762,1.0
66.65200939254963,9.264683739682523,8.022770749706812,135.26753484767943,0.26696806664041844,0.0
126.26533261845151,38.14746779630087,29.535512297899228,76.97629830250327,0.782498755640099,1.0
60.010477902105734,9.124258195961275,3.950585583979337,146.0483817741906,0.26585907696065914,0.0
63.915411648051936,7.361801489030485,2.397440167671227,161.96401841735735,0.16704027879253253,0.0
143.49448996972984,42.337445045699845,14.893966531349255,70.55072047437659,0.9342562294795779,1.0
124.49674075589701,35.61965224263154,28.288520109048825,68.76148097441926,0.7601499053268084,1.0
76.71906183370331,1.9406047025044444,4.389754040757448,184.13236718634852,0.24276617573286918,0.0
103.55543232479346,54.24106783263262,5.909825473728448,79.3109285045004,0.8596896569540936,1.0
123.30664787086947,51.94704332551175,9.126178976352907,64.75185378834418,0.832612240703769,1.0
55.58058990016041,10.626562633108437,7.267413023738849,131.42260834363904,0.33076799765142245,0.0
86.57489185546785,55.97599218469528,15.232838967375946,62.012028464582706,0.7855379032116971,1.0
147.73297473086956,15.814092078037334,5.373881069984799,75.81325071648986,0.7555270429626494,1.0
134.76760916314396,37.42685914031728,14.15881815119178,64.55794680098056,0.6835939839574868,1.0
119.58646204704378,44.42930011043325,11.263066662121627,56.73965704540827,0.69578422145468,1.0
152.05735662578297,28.725770684426255,17.425388920571727,79.06381234803357,0.9690970255765827,1.0
112.73958583691177,34.57184704504643,16.307433700615285,71.16446893494415,0.7360321971186412,1.0
85.07269043809102,17.39526156550885,6.36345337859505,160.6728935334845,0.25954057726008367,0.0
88.92443720291568,27.676011773635434,13.248095243089402,63.07229166375509,0.7791484566386128,1.0
100.05378072859085,46.9631910812741,8.715952265204397,69.98473821861707,0.814102576034805,1.0
102.21306801143868,38.728138528748815,28.0561383888668,54.58876544159634,0.8271801524029735,1.0
154.737695364929,42.95447944259962,13.615702975078838,73.88027973054673,0.7346779917592726,1.0
93.77319992326055,44.916304058418035,19.710448659712156,50.509982651885366,0.7116557244133626,1.0
95.40780836001993,25.020236275467997,20.458424562833848,68.99212780236178,0.9265494950310419,1.0
81.63316906564538,48.444199507205816,17.99065415946593,82.88758265809057,0.7507594370156732,1.0
110.72509240695665,39.04700800891138,16.837842076241174,52.632578326325415,0.7619729610417261,1.0
83.15826150437658,12.456548936325351,0.6376686725565355,147.41186702040864,0.2142492407125533,0.0
20.255136343943285,8.78885737266814,2.754050226383712,108.54510276882121,0.2597875939301057,0.0
52.463773436350266,11.29140043968322,4.1012277563373525,123.35224398839748,0.346646401617961,0.0
59.652915388145416,22.07046279804363,5.307514407705634,157.66382000403559,0.46006380605580327,0.0
127.12402185079998,39.26398169875161,5.43642196596414,79.56891178359558,1.0515250934861713,1.0
90.25958812981597,7.255912764206945,6.922694906551278,129.723108031921,0.26573867015069896,0.0
106.80706861840544,57.766486171855746,26.016356894967807,64.03197390575339,0.758046713399872,1.0
108.70379318489499,30.056505021174928,19.10622346637411,57.839501134372966,0.9481085409333088,1.0
105.54998633721151,27.325855044824046,15.087338475042984,85.77165844029996,0.9371340641090288,1.0
50.490464643363026,7.19000763975278,5.460480638332649,147.7380666884825,0.3285095071273869,0.0
55.253414417125356,15.174505570029723,4.323306875722855,120.23196373542058,0.537714529743931,0.0
53.176300555126275,6.874764727796927,1.5294998565150952,167.88676585300712,0.2076170430495093,0.0
39.625691722112876,16.05293923064589,5.411908462639676,149.64709847077083,0.32426947378561877,0.0
79.02412682643977,26.66685914943814,4.650983137944248,77.47755152295976,0.9163061195164666,1.0
28.613374780780344,10.183377320072058,8.960083723827577,90.76242065947041,0.3159105231247712,0.0
107.38382414524644,42.558761393493135,18.03034056245564,70.19570047842024,0.896424709282391,1.0
23.307493490581535,9.440909581299087,5.626415212868729,140.84883457044802,0.26372534163031336,0.0
54.865995913761374,6.833802369729263,5.151687017920632,141.6952241076241,0.3864902561477075,0.0
64.66642821153116,8.499421270874018,5.3664177960775605,149.14684677870855,0.25075894159288364,0.0
102.54264299604893,30.35820204483082,16.764735563687612,55.733492970792966,0.5473168811227802,1.0
64.29920740873645,4.0054130789553755,5.466531705610961,153.26720682849725,0.40370614672594013,0.0
142.78197722363808,47.44391602471577,22.296728248865676,57.61434419716365,1.019951826358444,1.0
65.26608605339348,9.860501833483058,2.8904451723665043,147.83315420816535,0.1839407253332352,0.0
72.13138924872366,5.578428127283929,7.849371791028287,154.46669633268525,0.1944272437304463,0.0
127.04688565629318,27.982184992109136,16.332993837293667,75.31171301741297,0.8573851144982216,1.0
102.09781697089012,49.76494197952263,10.362776773496341,72.68517314102702,0.8898167919987687,1.0
125.40340944775696,31.103565245806468,15.603204869646511,79.64892939296125,0.7527300971030245,1.0
65.2152178212944,12.147571878462585,7.668014812387124,140.7417427276947,0.36603535927447445,0.0
119.62997749469793,37.479644931471476,16.6405184964862,72.22794632739686,0.9192195357389971,1.0
102.51477709718982,64.07034319889395,8.728386790715717,66.7540808927344,0.9088576426463931,1.0
68.38659367919811,5.100736482074372,4.022407194484275,148.3610781268064,0.21745933034532255,0.0
67.38263989916639,2.0589750235996584,7.233116427140402,119.3651301344353,0.3058592580875281,0.0
135.63863470120418,50.71218826972779,23.436236538208416,67.0242701081577,0.7372073636878711,1.0
72.85365643146062,41.75517551977042,11.681777041154643,74.42220028156225,0.7479360347942869,1.0
116.95408648672662,42.66427165654227,11.737433750117319,51.343540431518086,0.9017840875752613,1.0
54.832713801807905,8.561898984094539,7.101291058741374,172.6895007605219,0.3846275211467849,0.0
54.69042828029378,6.33344894742444,6.75073748782067,156.59845385714522,0.2435087122420982,0.0
113.92865360236301,38.27587231697796,15.281923828158247,79.77704783780065,0.8582390400608345,1.0
53.52588377287706,10.77178936545214,2.7992517137252606,137.95267898775307,0.07804673918634181,0.0
106.41393164356475,34.65177028140475,13.204394499247211,57.32173439732397,0.8108791337118969,1.0
51.3025324365492,10.180106047231495,4.073501850103017,132.53667610040878,0.47220361009273293,0.0
100.10006007756617,41.76451942540231,11.334516277832375,71.67658799259411,0.8268604020640625,1.0
49.077764328610776,20.151720990368997,4.688351934265636,130.753288700634,0.18274367415542547,0.0
57.989754726599976,5.856760859075923,6.3179923275230125,174.7532764297671,0.27567778916959623,0.0
120.19974042931955,34.47833065345838,22.75720100937678,67.22474940556,0.6963033520213499,1.0
81.77164264934173,60.50927504756541,7.962891028292001,83.48628323641128,0.7712530499897202,1.0
74.34320942493629,58.289102893143124,12.615506318073937,61.20222920835345,0.6875479913680502,1.0
125.44463639619286,48.5589710538835,14.788687757685194,83.03631204519162,0.7096452400510547,1.0
97.3785879218776,30.818561659385907,18.48377811276651,67.52094140074433,0.8496984124959887,1.0
44.29985596403712,10.427003145499354,6.749042259212795,122.87861036403902,0.3342395794126067,0.0
121.66221626875804,39.059354272605184,11.482897661704682,77.2194726952934,0.7227468372053445,1.0
99.94730084785115,58.47293980130033,11.972581383183412,79.38469942605073,0.7497497980600495,1.0
104.63885058995284,31.183642520478106,17.433647433302397,74.4464057846757,0.7127339545384207,1.0
98.56954768270158,49.4798658953397,25.952283040023627,68.14799389878407,0.8345478531716002,1.0
80.47021478977773,48.6534649682705,16.843361838098858,78.51063884120256,0.7886987328815649,1.0
64.54508479165436,0.6353684808505218,5.145243464581407,131.71923248894063,0.3649801895674078,0.0
47.646678540170974,4.558730100290328,7.751817123278798,132.94013170641173,0.2624783794573251,0.0
103.00459420250293,34.512614882243156,-0.8048084825507509,84.72044025543565,0.7037024655688822,1.0
47.046604192897426,1.8235369642865518,5.502027691687924,175.41397712857187,0.1553229232410723,0.0
37.28634125709662,1.638883467502513,1.2805453465780707,151.07441141094776,0.33010651497424415,0.0
57.37517902581424,16.890019259949497,8.40829023487614,148.51528588115713,0.26447804172623013,0.0
54.32235892558095,13.080290734740345,3.7087274857517336,130.0326813426749,0.2769117774909405,0.0
122.53659697630462,16.146706723281365,11.365318571377157,73.28923104811632,0.8687138837138626,1.0
59.89045909001569,9.045268595586888,2.481471328781776,139.55127569323858,0.24852713165569293,0.0
62.54989368431502,10.431308100248852,9.399869615569472,103.3055018969624,0.30393787006180795,0.0
65.33549571113569,8.972292362164842,7.171388263555377,197.50469531043785,0.210444400959444,0.0
46.42079803157311,6.850960344114951,5.28973625662987,181.11314202859364,0.3172696945569953,0.0
83.35640633380139,12.411100273595787,5.483256216997281,183.87007986153168,0.25705271060533424,0.0
80.7019030000791,16.34206579548509,8.019589616642607,161.82585232999423,0.2757376595669379,0.0
117.05541503508917,50.100774735273916,16.426517335990056,72.27318748365019,0.7925108885389691,1.0
57.60624915645192,1.82667678092821,7.957373301432451,167.4732673684029,0.45815253743316586,0.0
104.54471868592493,31.52569151228596,23.37570498485707,77.62494900686559,0.7292135873145713,1.0
124.74784907199009,38.30111969433131,14.894001632775312,79.68077221226538,0.8588808615750078,1.0
91.12689157204188,35.316629460377044,13.351684134912711,83.55902463845385,0.7345656646267222,1.0
94.3709387754251,-0.01585122474620171,5.651758765147541,112.06068695957833,0.20358983749615434,0.0
37.24345712739977,5.810410863303684,5.520318295284591,141.89259670846323,0.2859608965859871,0.0
54.33486233964024,14.498170686806768,6.521631901720118,143.75864884120938,0.3954946053935052,0.0
52.86870993584461,9.422411158177649,3.6428796819604736,151.14299403213195,0.41443272409250487,0.0
69.00483104645197,9.04899603857148,8.253197269068012,140.15539131856062,0.29163137219760576,0.0
139.25882870893116,52.75436983328207,19.065755767028264,57.06375913357867,0.7973836863933729,1.0
42.67299675370741,16.62087778416592,2.9192759445837746,117.90257549124674,0.39737026450308616,0.0
59.4857552001989,7.962384521827816,6.902075003352319,194.63302359630748,0.34940837319074514,0.0
57.83666305110866,6.205628500008396,3.9020667614661004,137.3205089085708,0.17854997830913635,0.0
113.6588649665693,42.86094694391791,12.032780483683206,69.4532247477593,0.623655627745266,1.0
112.03178347228378,30.586668855119157,15.685615108954313,51.48171704368485,0.8502793180155321,1.0
100.16852360775658,65.17574457698835,8.986045828037701,58.52763368373897,0.6206255389344607,1.0
76.42679301434592,46.995128429429585,23.902155924925985,66.19485083973711,0.8179781605302144,1.0
117.44120356137576,39.59247054854007,15.871409162739932,79.2379204728323,0.7850837276272733,1.0
125.22654236144685,57.72274161393271,17.533749445279064,66.66784639896122,0.9326852643776612,1.0
128.98684866820275,33.24296009142129,23.39600928074818,63.295265338008825,0.6345588468270112,1.0
54.572345332731814,15.706337947913427,6.863740864407475,135.64259804028907,0.19929176559369224,0.0
53.27787740538967,10.62178990968907,5.709007260728832,165.62158188480475,0.3329852052626546,0.0
84.78673038491766,46.78873302528218,25.284323026562674,64.57673218935847,0.6209273120186165,1.0
102.0487832037347,34.74835582332611,19.904207805474112,75.05454023207749,1.0175527345508069,1.0
78.71770101637509,55.35809983333187,11.26253166410477,68.32518613404126,0.9053867544184151,1.0
176.6668625085211,38.515899267803064,14.685505675966672,76.0088652926179,0.7509868595973029,1.0
103.51205774901517,54.00093758289856,9.233417260644835,62.18148481033451,0.8564961621915124,1.0
104.90152562882312,35.12934163050791,16.630112624991405,66.9458693802272,0.8415531630320787,1.0
60.436859784265344,17.72352144376316,5.962377361269162,163.47123412750915,0.33821736530735697,0.0
74.57564764616798,7.284638527708491,4.123396006878919,167.33653709665776,0.2985568177171178,0.0
86.90680030274889,8.941215562202949,6.75918300028196,120.17933811206814,0.1712914317083841,0.0
51.5106910067859,9.005098203046762,6.359026225752528,151.82294258318925,0.28682707997122553,0.0
61.640720813092905,12.571099387185399,7.520341124925844,133.28470190587555,0.0813947108428785,0.0
96.37087577250358,42.14915144631977,12.46122635770103,64.30733965530894,0.7454531564685564,1.0
48.08853966334917,6.760701789475715,3.3184081981033557,124.64064400375986,0.2846791309747109,0.0
148.57750615625315,25.967426563344993,12.945217852822756,50.439722535392086,0.6923124421877807,1.0
45.35923253109279,9.301469235372949,5.869897947293443,129.95529375922217,0.33919387002140644,0.0
58.400667972312306,17.63470908073282,5.765839086824844,123.89813095372111,0.46654476247675536,0.0
49.176717050141164,6.075432120458199,5.060713641386602,171.62996726756063,0.4829203273395899,0.0
83.7467569777156,35.25804860460718,15.439567535857414,90.4306183797799,0.7211658394821505,1.0
64.2258252346626,10.21663505588351,7.871512148286559,132.45375738564553,0.24532928616825134,0.0
112.16018167119938,40.419893431358695,14.437852856039088,69.42000781189572,0.7717546146450013,1.0
51.32791650366107,14.53599070427018,4.811620486486938,163.57288240347992,0.2745493950546814,0.0
56.83976213374418,11.100211479499897,1.9973748716964606,152.4380804580363,0.3566134258171066,0.0
112.49435415008939,50.17058872570411,13.975715290425292,58.4226542231861,0.9060569466305249,1.0
63.225860181501965,7.276283521759132,3.0471486587454146,161.56282609516632,0.3278720548754719,0.0
28.79491862090966,3.391680094651356,1.1253673402716116,212.99372794059587,0.08371552137672772,0.0
34.451270103019425,7.739436759668,5.295523286032365,149.72694050678325,0.28449620528147435,0.0
120.86130929086244,43.07890847225552,19.96046869645221,79.72468383207011,0.8096555338315132,1.0
106.46682040383082,45.91708369486154,15.262644013259008,87.42582304455553,0.6997325781714577,1.0
96.63813368556788,3.125416853369371,5.0031720933521315,178.07171874724858,0.4775116657705972,0.0
99.96811402645092,43.5714917561708,10.202226153189617,77.07332002123415,0.8178571844112665,1.0
54.45318944673826,13.041742245792165,6.511622708321774,141.16734100169458,0.361570157936116,0.0
79.60204325520473,8.54960077363506,7.570905818350472,149.90404013671264,0.24917263566352188,0.0
134.8432304558639,21.180224092538424,11.49057514524405,67.95951212122387,1.0231702292814768,1.0
102.59404030513849,46.67113151326102,20.335043209373453,81.60509955271536,0.8087441444096249,1.0
47.0443280426428,10.348863829343813,4.575576816868793,136.05417870059904,0.22046248634516902,0.0
49.080646833253894,11.359672372103635,7.58429251782564,160.88311910230289,0.3173561536117258,0.0
95.7451332312243,63.474674113231586,17.42523778603911,83.72435561121594,0.7086199727494797,1.0
110.65617290255737,40.410640268266214,24.74104169270187,83.27233816660656,0.6435107354248286,1.0
71.30058341933841,9.055886445972678,2.9604008767381442,157.25863391689478,0.4252347159047061,0.0
122.70448804613473,48.264463081091385,11.831865823530713,62.039899197334336,0.919028967010865,1.0
60.90719469517099,10.842541837816443,1.3745981520618664,105.93275496853055,0.29826122921213455,0.0
141.46330681401957,33.15939828874462,17.20930761410029,79.50588253416913,1.0145756362059815,1.0
128.19707722236606,27.16648946348883,4.663993093456593,73.07291957988213,0.8499005621960879,1.0
66.14737565496178,11.196372243239033,3.0750634183923764,156.87508615881728,0.24759999601030433,0.0
113.87380929013852,29.875586954265557,8.937937078305414,70.48002192743328,0.752222333241063,1.0
96.31036453324545,47.46158150779284,10.981593938817,88.72442470129843,0.7395506764743225,1.0
86.44804246206952,36.05311231884856,6.947314640313067,67.36889957763921,0.8980851655534267,1.0
77.44306527616658,6.963057275967808,4.088120522759813,166.3481881804962,0.2819930672299385,0.0
57.72229914091171,16.105097587981334,3.876114861551577,163.70382659907983,0.24377660122707873,0.0
114.36420273330621,36.92807577779875,18.219580285902694,71.61697304107005,0.7503560941724244,1.0
66.34023073271032,7.040109170102967,4.409156983636211,128.5184105402945,0.30097417825793815,0.0
76.0832224552445,9.272254316815381,6.369859014494109,135.45507329510133,0.3023453402744851,0.0
113.8574267252269,46.52267764372044,18.866731604271926,62.36938799880858,0.6958056466320952,1.0
53.373948515679324,21.03302700998929,7.334527373522023,147.23485709639846,0.3335688267404276,0.0
84.50914349951599,30.69867904452691,15.648103164362043,95.33766073057393,0.7083761626592834,1.0
29.51427625449218,9.296380540396957,3.490476964712899,142.4153122413675,0.7381634231496954,0.0
98.66783675074794,24.076251530286005,7.262499206334794,65.93876829830991,0.6971952690446409,1.0
111.80716398700899,39.63066391574985,19.777135008434538,73.26428152147827,0.871641217566852,1.0
70.0211197789727,8.32392214769724,5.009885395825841,120.07453092927811,0.21164430006656093,0.0
35.603997479058684,17.27027688368043,6.686689445557401,164.43347226177133,0.19194273589191638,0.0
92.90184469526088,38.440700058658834,10.137048638664893,65.24147730413893,0.978874805696935,1.0
59.20603684217532,15.157124231563088,5.215618664917045,147.42595237648234,0.2161656751199441,0.0
134.57448009893432,30.27750472394876,14.29051306616996,63.79450968536916,0.8421750948580022,1.0
38.23651239931674,9.965027501744506,1.3675951762404233,150.37406224197358,0.10708498891992069,0.0
62.63193060502608,10.922646985248631,5.9005319888051355,180.54794550681862,0.2832794304139043,0.0
98.25526682997452,40.03273522477722,20.2642044913257,65.57477722751985,0.6200046191580804,1.0
103.07963700390673,35.757557468668445,19.61511274221858,74.99305039333376,0.7679647928414557,1.0
44.25233317167467,8.844970059405325,3.710584623444043,181.65383334375815,0.26450917623978826,0.0
22.441237754268265,13.797615375949066,5.9106323866405175,136.13197664474774,0.30474452438950617,0.0
86.2104435626101,30.815616371900113,22.214317908900526,60.84740679319296,0.8156648312223316,1.0
43.1359490482221,17.142393360590837,4.565758058479457,176.1342797898892,0.179249773597208,0.0
130.71759826946663,31.64712393813002,17.79163359133709,68.62144153239113,0.9115249642356071,1.0
47.480096617123614,10.103207974337877,4.550004396847582,161.30745301660104,0.319835780560304,0.0
58.60835307895911,10.48177646687099,1.807388273490616,142.9665896685447,0.3676293810950073,0.0
105.11560658968578,61.172300401203046,11.546626552666329,63.9504508008156,0.680209494869617,1.0
95.0118365425227,38.05973119820259,18.797330261953633,63.328988265237484,0.7110918830558107,1.0
112.6045323809077,25.170579412285033,20.535822510634578,77.12487212355374,0.875494552943887,1.0
125.22261117324763,36.595859160257106,18.674036561867794,75.1124325078899,0.6694384795762395,1.0
112.66064660085232,34.02637786446635,14.87734543427834,75.64289869361309,0.8543629938335264,1.0
137.69687018847003,50.17894992719443,19.2510602547885,53.833481500175495,0.7587857502238465,1.0
53.58981423210241,6.843697179477447,5.774984707931882,135.77437518273925,0.3480910890831622,0.0
38.57720404184228,11.485302531415627,3.4976776093485564,125.90191142042514,0.2260395991183552,0.0
128.1266829952957,33.07939997108352,9.126117668160049,91.39741446024024,0.6505104023603911,1.0
90.35230887621717,43.10932750744013,24.415153457791565,64.94865100523512,0.8945104209687691,1.0
116.33576306853797,27.44382660076642,14.718124868526118,57.33998358983976,0.7648296694077319,1.0
49.91046719206844,7.408303751137851,6.611763770630871,103.3854349503948,0.1781628807579947,0.0
108.74898799084254,35.05436127047349,11.889224119483613,54.636794840718196,0.6911776618866616,1.0
134.54567317773083,30.012975880150844,13.521302084082485,77.74442270056556,0.7974667969456318,1.0
118.71064929578857,26.679026716192418,17.292616462376007,64.90892183246699,0.6609926504462185,1.0
85.95838078743066,9.94828843739599,4.407314403924595,173.574771771396,0.17011554202915014,0.0
68.9274772515657,13.899039036911283,6.0582623165746945,122.24648576555664,0.4551336824250664,0.0
61.36599735700258,14.8737422151142,5.486033884421287,156.173716175065,0.28108391306149993,0.0
118.30216446638404,39.58885013961112,20.96996758243747,64.26784908342499,0.9597750714949883,1.0
156.61260088733127,52.51661086215848,10.472682096740378,62.51809410616846,0.8169005727905114,1.0
59.257606065559926,6.5821286142608315,7.098292866148178,176.10297220055915,0.29256849551588665,0.0
112.31524294154079,46.91555495997381,12.917281549752738,66.53841079212161,1.025608380505005,1.0
52.86796027625697,12.927963131882306,6.94353166903081,112.08859296521088,0.1684610094364428,0.0
99.06907844677866,19.571667989472743,23.611707751027073,72.051395211378,0.7598426625978714,1.0
97.35130882523565,31.988557081212246,16.6465959066696,51.56841718436864,0.9196579090085808,1.0
92.03133293910676,21.152487290228716,10.368635347812482,76.23379613389874,0.6714741592977274,1.0
70.38179270737525,17.00188790819558,6.888933785691956,167.5166769692283,0.20202333695166674,0.0
37.853021873246874,7.092001469612272,4.443621974108052,190.28909821107572,0.25843004926514107,0.0
52.71604852300568,0.24812863584151756,4.060930616084655,169.505773029585,0.4150054972172876,0.0
90.86334609179156,26.310452184308023,10.204179197326656,61.771179483164275,0.9380501631814432,1.0
65.66768692282062,7.629917302424095,4.43316888831369,111.31698292615025,0.21754678356889934,0.0
51.059141810144546,10.172842317019409,3.2970524997511035,152.31188519165156,0.2473727292222546,0.0
92.41222132345328,33.502340770162746,9.241953561230948,79.73664992880668,0.6844575448200357,1.0
112.77282666595242,44.0058790044357,18.895174799320326,78.93385493249117,0.8675818749407065,1.0
24.971972665259344,6.979082306558771,1.9422566426997219,156.1122226875969,0.3187716711596765,0.0
49.6881336798431,19.14832821370436,4.082941166454385,151.89187274758478,0.3184884127397768,0.0
73.1636574000969,10.042184119060126,4.086876301467618,175.33909114914488,0.13247649226170805,0.0
54.84944837723857,11.998446330559064,-0.3151013868291974,148.6507670418518,0.2238418384237429,0.0
131.28603291750974,37.55415778798535,20.638723587702703,79.37867434397083,0.8327703716142093,1.0
60.98023171602351,11.294178300909692,4.411646190198171,160.63375603768267,0.33730973157654676,0.0
95.17879408374705,37.00923104264988,16.351973272436258,69.42512190638541,0.7285263366048521,1.0
100.5783528729432,50.55123166154208,14.422102677240925,56.3109853169509,0.8767473162841347,1.0
124.72376478933003,62.116928760763344,8.480662274972019,77.21979074328839,0.7347404117403812,1.0
65.95497523513367,9.402446440974117,2.7750624003280726,148.0292138881884,0.2158177757418756,0.0
43.28321817152215,8.961369063196937,5.158194184090575,144.02125750387154,0.2412686151977289,0.0
51.6979908804406,16.99912518477933,5.160719470499387,172.77767879550015,0.2484808733164828,0.0
93.93191031983531,15.656694121587956,7.495811752726816,159.9462322223478,0.24532965821296676,0.0
89.19404363794595,41.948822703522275,16.788758753860193,77.33121469932952,0.6944367017062443,1.0
44.939955646427066,9.132088027691758,5.526182744781655,152.72635312896242,0.33360773144648936,0.0
73.47477251140455,6.156440328888897,5.50071897591336,114.8781260551101,0.25554943610084196,0.0
58.78892622411217,3.0902259545860487,4.117835263148589,122.7837494052337,0.3652923612258572,0.0
79.23995202935302,44.8054113195593,23.882470877601087,79.26905883945489,0.7983699690011561,1.0
60.62073111997538,11.341896183454924,5.697479870141464,184.51975285390756,0.4601528267373655,0.0
129.6393314241954,48.6381381070429,19.29057811335165,78.70634181862509,0.8193905230997551,1.0
86.42841605124937,55.284418357342936,17.086091305427768,73.19930979798278,0.6773073511030423,1.0
58.75965276897939,8.711849820906597,3.9215993068685604,159.80957020572828,0.1853813162940916,0.0
109.40055029955707,50.695923907617626,15.944368473720314,66.44482359608426,0.6592936477985611,1.0
68.60740473937003,11.307883002773323,6.778083761690193,127.44368593299649,0.2188138155681824,0.0
53.36427251398042,1.4090578367505824,4.384855933796945,167.51865807687864,0.36466479003357516,0.0
116.02731999719992,38.98533970920619,9.41537249782565,62.12971875052283,0.8076273082903926,1.0
142.69247020502877,46.48197263019455,15.890205943533543,55.521192386033476,0.7996870637424772,1.0
107.09267602315123,42.3618200394874,15.244267506734499,70.3019265290221,0.8640434635303935,1.0
111.14475451385815,36.34219260855957,15.097066662369217,63.80970570963357,1.0904182297669127,1.0
128.3029374093886,43.58602380006176,17.34494409214225,63.73918186535206,0.6306520849857107,1.0
109.37582587930653,40.831776216141684,10.148217089571189,92.00878275982623,0.8989836924927378,1.0
73.42851886703178,36.615592426978154,13.363262323613467,58.11350060419751,0.6798277699444748,1.0
42.91115049917231,3.3733359747791702,8.930371630090889,161.13995482253307,0.3247024985414263,0.0
73.99660468577584,13.064449036157317,5.290232928945751,145.53925040342799,0.4709319197101453,0.0
104.0244245757349,49.09228340875903,15.661040322080499,79.41098538142828,0.6132103044065442,1.0
49.412293424019566,3.7601767736860516,7.276829235397707,102.16417878537337,0.15001011300579895,0.0
85.56087221068918,28.10275024722511,19.806946030105912,74.79449383972361,0.7824216550129964,1.0
131.65287676617868,47.713234476208804,17.38691475689491,65.95462698587329,0.749667346950127,1.0
145.86664509508384,51.199539516734035,12.14297307678459,84.81136599714728,0.9730429942388472,1.0
63.94834667787671,54.47467137908983,11.740730018802065,59.18935229478742,0.6857335318920762,1.0
50.06659154453687,14.893901346935172,5.562785682150878,153.38104839425807,0.4448157846586095,0.0
94.31274377602665,32.01720435194153,17.969505937720626,75.92177078678056,0.8474834413209962,1.0
52.28245025408005,11.164897887299652,6.278694268089943,121.64106977982505,0.37549715766060426,0.0
90.75832585717978,46.63512669382343,11.833352869231542,80.48486832410897,0.7729558909668645,1.0
57.89474184434948,6.30236621750214,5.146772621569718,156.21580571568774,0.33569633477607436,0.0
78.88509783672488,7.327857102225801,5.942846273892837,150.34849694782835,0.4047434205990825,0.0
126.32584226424875,42.35170581588614,16.511406261607924,75.0216567926631,0.7424683188025295,1.0
161.72305606664148,43.60313691243797,18.518769669885902,64.58234274649334,0.8108817969521421,1.0
114.68433012368729,49.87874215566082,8.641020443971199,76.0658979824712,0.7217147196203639,1.0
30.126259189790847,12.281389432724575,6.312642188988392,136.2089307007762,0.30054722742163986,0.0
53.50751282978643,21.574850208561404,7.249518422415861,166.47607267194095,0.25626967193141936,0.0
157.52210328071862,41.98445047243341,16.550021688842712,68.47623579394077,0.8680780834558051,1.0
127.8492464996973,37.48842478981702,10.623295109938084,67.97128676442982,0.7228746379993287,1.0
127.88372034297683,24.927210682243476,16.329747456068212,66.09586672951836,0.7766568844885725,1.0
118.35642377284674,61.19115816064543,22.110793422082537,52.633015635429786,0.6372104400933182,1.0
59.05385798352822,15.708616557264945,5.925800209942415,157.70719959364948,0.24139419005123977,0.0
98.39119220264163,31.48828801210017,15.620398564787703,79.69040400808689,0.8477660466460178,1.0
115.90457606367862,50.666349367033924,12.823856119599913,52.81463237050488,0.7191649998970928,1.0
82.5188462357884,14.094744524078745,7.478513388984155,171.19911810001884,0.3650664820259951,0.0
50.32119478125562,9.542133464815299,4.106833899885742,171.43562142038104,0.4338965202079136,0.0
102.52858003071806,25.119855002807785,4.332728827884267,78.22375905214356,0.8215499983779004,1.0
107.89990812644508,56.36141640676584,10.83515106032808,83.0936873753967,0.9718190820906504,1.0
54.76773121095181,10.33131303989625,7.468891102980846,147.23773176896307,0.037537142162833326,0.0
40.97100102832307,9.98183665943781,4.937174497970253,108.72127391150244,0.3085506728178354,0.0
93.05249319380223,37.34098932543578,10.810077794500579,55.867437862602046,0.7774210138167196,1.0
75.18082405940362,1.8746174401020266,5.65077236792715,155.220570605314,0.2083766165316847,0.0
51.67826947310849,15.619832878916089,7.114955869701019,178.38952642832083,0.1323649340636342,0.0
28.646436620781365,10.53265796578563,7.926888968877147,151.25396623460648,0.307482299028156,0.0
35.089689661666846,2.5289164935618604,2.053352249753741,150.2772824114457,0.25066873387276173,0.0
45.85283237011414,2.6532601771394857,4.262914885869376,153.5830003839486,0.2834033936706966,0.0
126.11803338184342,40.7326675883371,6.755536959025331,84.46298880662957,0.8517753624543419,1.0
60.684815821763884,4.569344176928944,5.765044214273212,155.36397043508907,0.22686334253126908,0.0
68.96311404578272,2.663105321380961,6.719449751875147,114.91521413885042,0.15840129565202946,0.0
94.01527006215453,43.669896032056414,19.703667705894134,75.94081681462576,0.9744071546386466,1.0
97.91640261903393,40.164589575683145,11.750817916925184,57.653789856509476,0.6732040303899458,1.0
43.424580434457894,18.475690399021154,7.315363847787574,133.66395964261503,0.2639027596504752,0.0
53.68651990212901,13.086386462042611,2.451717002300972,166.5107838867054,0.38215046622504384,0.0
66.16243624977484,10.521189730214584,9.134394310915448,163.6366760287436,0.21593305969894122,0.0
63.26039592215949,2.1921814725795716,5.955220634980622,160.0769046695826,0.294920509867779,0.0
52.88675072383381,6.417022542881794,3.2303625000504255,158.57380213280308,0.21140125884100064,0.0
67.78330898570275,6.19708023186516,5.774272894319101,169.77027912601125,0.6111900991589607,0.0
89.74373720317794,46.27783119584252,19.05671587149336,84.20519371065335,0.8244914408449175,1.0
110.57220110155924,42.85622144619707,4.772574662077254,64.46764879187134,0.954343181488453,1.0
111.82004597840475,39.563838944774474,17.550391421253302,82.36645727837235,0.7914428320507314,1.0
128.48129334637392,23.669839383412135,15.505895356060657,75.75807204667642,0.8843094162585869,1.0
128.84813971562903,23.696663179424554,17.432273460421914,66.85474735741701,0.7750845776619085,1.0
98.51820666921797,70.95408189182186,20.241248375866327,70.16137617179808,0.7164435831707325,1.0
70.6023895042301,4.535405353713433,5.511351733411885,147.83568490525283,0.3161141171810587,0.0
112.98424143963047,11.978427061661844,19.79815630538309,65.05343205908981,0.8325796871970417,1.0
72.93571317781738,9.58938602844205,7.60754261357682,154.6867475534899,0.3439868903524376,0.0
96.1967167845547,36.467142092900225,11.446016667241821,48.65016659664768,0.7402980032351826,1.0
47.140197464097625,9.86115960825668,4.817833292659708,134.59643962577692,0.30633821210786655,0.0
104.79945842522213,43.94912651584809,12.416361087953662,67.1921678164193,0.7001551287043423,1.0
124.60487862058982,45.700176551048386,14.759688481820296,59.0707334784511,0.7314104139172616,1.0
135.39262371119074,45.00553673904997,10.4509029049315,66.87439022032257,0.709684881130074,1.0
56.287153008403195,4.64275195572636,4.564833409964847,154.54000348960002,0.19117969423416917,0.0
105.32544006563882,34.10029539069116,14.968970731490035,76.31373229429823,0.8538060816838988,1.0
148.79068710491427,56.38911956089903,19.160209918384716,74.20161253608228,0.8590265841484718,1.0
103.33120059599345,32.38923730810843,12.824391915191331,77.43537142209384,0.8021346901170648,1.0
119.73667266344043,66.9322363115311,20.461920791712114,71.44796579676624,0.9031121674285187,1.0
64.11131382138925,14.166196039306556,7.298361876722563,153.1106982682301,0.2409761750682029,0.0
82.86513385358789,5.53631016264586,2.759286593175351,125.2233131696664,0.14247489834432941,0.0
111.77019523614152,31.425531256113807,21.693953113210576,74.352288051076,0.7018503921833329,1.0
63.822113106665626,17.077009738803454,3.831286980530572,176.13290657053682,0.4415487286967378,0.0
91.36605982376363,47.71900228725413,15.195532993619533,72.5932624599406,0.7311568449040682,1.0
107.84862965436793,30.93767588433336,9.09264089347305,61.94576018074275,0.7293766914737082,1.0
61.88198628440137,16.963595471991205,3.235616797014175,151.14473162875038,0.34356189783824764,0.0
104.17533407732859,22.779129103705596,17.186949580278547,79.59189377221905,0.7369265967186842,1.0
108.71706876266451,32.29240373034791,20.35289930642938,66.85877868279111,0.8166378507791364,1.0
95.86930988634816,49.99640721253735,18.01358618712322,71.09897217000638,0.6285274761263938,1.0
60.888380266179176,7.093376036928344,7.327503966111179,129.6576071047539,0.33092538184410314,0.0
72.66477179669991,17.56659669044172,22.351470264647837,60.93701693647031,0.8875818668426105,1.0
76.40421119242947,11.983171014273042,4.349268651333844,143.38991973104274,0.45267605446445336,0.0
68.0468084477107,11.982875534807253,7.804499844764795,149.0275473222229,0.12868441399590871,0.0
55.80037607380234,18.774745650204824,5.390399984956165,134.5391530223748,0.16101690473870914,0.0
71.55902105348864,12.248478131416498,4.372854197085642,188.0384031282549,0.30989358324311267,0.0
122.04686284145984,50.04109390376732,12.82253516015952,74.25716504987098,0.7238334458322895,1.0
73.30835082026707,9.287516917155635,3.0663893811803424,118.69705300761387,0.09693030882260928,0.0
95.60209719965489,51.65439042981643,19.376051842188474,75.25586330460303,0.9212874092815095,1.0
64.20281199149063,7.64887560951067,3.7147124684180444,182.4865902619223,0.5684341014199608,0.0
74.96164184465728,15.229315766629949,8.255338718875802,134.38667305025405,0.08990028448326887,0.0
126.4808430189092,50.3527220174474,21.663907282407955,76.36480663808932,0.8266921728908463,1.0
68.69255576580551,6.427678220404296,5.946059428040842,155.5280023730456,0.35804402448917405,0.0
88.23642208552677,57.046248737775215,14.668823655143854,62.11735765691068,0.8566113390520428,1.0
59.17013124740747,17.813458453165296,4.977211103401595,124.53703362046289,0.34433349793162166,0.0
53.00057889908341,13.936900268450309,1.8195969598845236,121.04542860839692,0.22508454173913334,0.0
64.96838227882341,23.020156193552538,-0.24561871849236816,136.06487856908166,0.18945767993248325,0.0
106.00061179148547,45.72109736999945,12.349056527328715,72.5691012409703,0.8267663373323756,1.0
74.57994795182073,11.413800828834084,4.0451331412063825,137.78228804060035,0.2666797995082609,0.0
125.37504703062811,35.79361453242293,19.344631508530274,77.08787891571978,0.8095320882401527,1.0
58.955798245108596,7.203685712548886,2.7588982569600695,177.28628839951168,0.4279368076334502,0.0
108.03405056489513,31.952544415683633,17.248377166297622,67.98235154518623,0.8688388870438538,1.0
69.78198075480746,27.741829099474657,21.49007554953517,53.16623746895635,0.9311031419752233,1.0
104.27561479788942,43.18398142132439,23.131346068907586,77.81499416561859,1.0590744024111445,1.0
94.49196825446796,43.37730288503326,9.824055763815615,67.11642067110704,0.7341647437409274,1.0
64.65484561655319,14.243928895794133,1.7527550160039738,117.69824254349408,0.26955486646620525,0.0
130.7383094688236,46.21442729570714,13.044099902928346,81.01332032874973,0.9885885454372144,1.0
66.85305537573961,13.860481840396591,6.911550793932858,136.15582455070214,0.3530198696550141,0.0
68.230594614047,1.6533711403734497,4.639663442162773,127.15956526237159,0.2993852074183403,0.0
109.1637594404767,30.901221984199857,17.13221458300916,65.54307796561865,0.7143557741024213,1.0
105.14926352471966,39.23272892523909,21.629042181630936,68.71007520707622,0.8820090433785914,1.0
53.01215966229502,17.324137321383578,3.4899462510532056,160.30100377641287,0.2569700008055217,0.0
104.28843151555422,35.415789126143316,14.398758841225956,49.03735615154141,0.8259009538734622,1.0
59.18051377676179,8.378605935918085,4.06378265417068,148.78947474954458,0.2413205951868435,0.0
83.8460720155586,4.446859142351915,3.675289812842667,169.36878549817237,0.19043517793378364,0.0
51.21045805104121,5.8382061649898205,3.312496434063034,140.808726022624,0.2914498929857537,0.0
99.75998930599307,30.65884907510476,4.553272443545016,71.43762738369567,0.6682051176885889,1.0
123.25930440201591,49.67680460631508,16.43729111475358,70.37110111466862,0.8464971480880275,1.0
84.74337039915264,37.169047062251984,13.708825467751602,87.48492441691792,0.9458184077724321,1.0
84.90484433612939,40.85653657376913,14.847796317817407,48.03579488907211,0.5677126544984847,1.0
127.45184324014507,39.1344263155456,3.9853160114348576,72.06238722792253,0.6615492978932487,1.0
64.24710923442986,8.975945592465843,6.32876622116718,207.63473587043524,0.39667431432969197,0.0
91.40422056717287,53.197505795886215,15.623588436880983,68.35128488018356,0.9184293891025034,1.0
49.33201396310563,10.529566396753621,4.8359960250298375,146.50557680622353,0.3056982185583897,0.0
80.69321877665945,32.69063880528956,11.886929691259915,83.26092860828525,0.5079968848004693,1.0
92.12934651966236,31.36295937009808,19.048728541770558,79.6878097755412,0.6790424833145001,1.0
68.67795592135718,13.068834552854804,8.690503291117583,147.12709471050195,0.3358764141132277,0.0
135.56851124810672,46.21323494548476,20.561858989387396,69.62611323454148,0.9573406429122019,1.0
47.899561902208646,13.22086221978061,3.385921203065748,149.01580266978613,0.4067285831140264,0.0
38.95422420951921,9.060571252087167,6.316442857564554,144.43889614477885,0.291057155449904,0.0
59.36424398455867,10.11676175170667,5.298125821468441,156.07781885936862,0.20105021890638064,0.0
94.01243724018306,7.834789902535109,6.036656144279762,134.89850257729975,0.36914687602005136,0.0
60.515869619848836,5.387468091295965,4.035690542701088,122.34807098255182,0.43686146176442786,0.0
80.64183828663201,47.48576216523974,19.079838425311156,70.09814984528452,0.7300933120104152,1.0
109.95316551092307,41.71485970385163,10.644723368228343,77.2492339863753,0.7939623049086888,1.0
64.87623188862639,14.424756295405905,3.2013157016006373,184.4827854541521,0.38453485213657823,0.0
83.54135440137097,27.715094691205465,13.746982283637951,64.71679883435837,0.7707792884603915,1.0
123.92403422962015,44.42940749056549,13.248333155631887,63.17771139179031,0.6679377040459558,1.0
86.06269923085742,45.74575458297576,15.219820454178869,58.27252575923513,0.8853566313346315,1.0
135.8371787698561,42.45524295351276,12.275760759535853,63.1393848337889,0.7031614015501467,1.0
70.89544472636554,7.139167108392197,4.5159942149385675,139.38394481072416,0.3072684504212808,0.0
119.86785726850478,39.00322359103398,22.21348741748983,73.00710930281923,0.8812642129276934,1.0
41.257492462405125,8.608555321108653,5.228160830477856,173.07297290377676,0.24717645436526828,0.0
44.76780456447158,5.41612557786465,2.442860281355591,117.47645978074118,0.17986239800538664,0.0
96.41570837167694,42.78638940457101,17.027014760003382,73.17924071411247,0.760557360668302,1.0
89.92889779273597,34.54069542130077,4.692909629256018,40.332714040453546,0.7336066572355147,1.0
74.90817329700495,14.309431027040706,8.204154429007419,166.13496545450587,0.2372972756757702,0.0
106.66620198020347,51.31709115161002,11.933836399948236,77.4556238553299,0.7838314638969193,1.0
59.10774278882716,14.924714172149073,6.786990600525947,128.61345346902775,0.2483638675901719,0.0
41.42418187053541,10.702424451711222,6.4452507503085394,160.76926942134497,0.2557137415637908,0.0
51.925202609112624,13.885946475847765,5.240926233898202,121.08853550289659,0.2327872172333066,0.0
50.622233552721596,13.775823065689394,6.7207660102905695,157.09664733835774,0.40463047739257313,0.0
58.88447278606235,7.7595080547288395,5.0175390287030694,123.25267937535827,0.2100096030085234,0.0
124.06675705847542,11.393904001005076,8.216112156660426,64.18840158691488,0.7985623051748779,1.0
117.15530491421441,27.313383529668485,21.044558807474242,70.40485463734653,0.8522565061858797,1.0
54.53639147463916,3.321095227032621,4.262790226177739,130.62144210836382,0.10693278391086436,0.0
43.712195141744026,8.83046799325892,4.781312784717756,164.0687415413375,0.3435182452240655,0.0
90.80719798926839,44.97933176818746,10.82115286055047,70.34131052211717,0.9317314920804077,1.0
120.86474892357379,45.206097612338816,10.337560508363989,64.72166401924537,0.7342362766751004,1.0
133.66190036789502,44.09811121803041,3.064992428835641,73.11547427270057,0.7805576254593819,1.0
46.82254675654816,9.463140345039413,5.448475170531215,150.49679378775593,0.11213911051595515,0.0
127.5104862189283,46.284109116626105,8.521456135046172,56.38064491669742,0.8733043410012477,1.0
74.92401685114224,12.501978619492142,6.075168452272069,175.4813762625039,0.375365194212911,0.0
97.00918227531508,32.16673372518107,5.289438240867732,74.10735323868748,0.8404850552685184,1.0
122.685429472408,29.76737313466565,14.96246496001161,83.01645189741872,0.7301374489901119,1.0
48.02368315243881,16.712877059710024,2.6540044929742743,137.78557771127652,0.3098141392640927,0.0
98.61890031058375,26.794257782939013,14.265769198456782,77.06577100190717,0.8171197165769264,1.0
100.1437963527051,35.25430942808617,12.493058667633342,68.48523499680921,0.7674674286212536,1.0
103.30158725623946,36.79025859178257,13.688293890246953,56.17458026673026,0.7421947541565637,1.0
113.80622546489907,37.82662751462437,16.80186105882203,65.10720819761583,0.704219125233721,1.0
60.42200962098667,14.56349627450766,7.450054797017824,106.43414978780011,0.4319424960143897,0.0
77.87957999187209,18.904682021954436,8.386051608350561,135.96426081559673,0.264815559872216,0.0
50.13831378239261,8.438131488419499,8.203672810409783,175.39146971737165,0.3794071699331517,0.0
96.14791228037592,40.33817007083084,16.761123872764767,61.12262804787163,0.6703930611645535,1.0
73.60452672105811,-1.0255590169038982,6.371078851080117,160.70836668934976,0.1321139082322211,0.0
53.806364153241525,8.76091282418557,3.4915153405265213,152.69577927651244,0.2227221133776176,0.0
110.84818222926832,53.876650245297256,27.234546057064605,68.28557264305773,0.9384503718907455,1.0
81.72490119931742,5.456009443544014,6.498940067811218,148.00853357976445,0.30179008099213994,0.0
130.71444124581794,26.65471577674873,17.841471578976346,70.49729492366724,0.6335875343575019,1.0
63.610668128102674,11.204024162287613,5.021665834007746,152.16039862166818,0.15659727292548573,0.0
97.84783506821869,30.804197460994004,19.996709888695914,44.803849375988605,0.6945447208966213,1.0
68.26625288081149,6.293318697625985,7.0302921804096234,157.62774411114813,0.3796648261605233,0.0
127.2044127921072,29.665489758938794,12.23199264763675,79.62460775151152,0.9511731116858558,1.0
106.2862105456688,35.59261680368227,21.75600931191288,72.90174771756325,0.8559943503024753,1.0
65.50334094199172,14.743868809518538,4.292975875431048,121.39927014288777,0.38593922885810406,0.0
63.56389247961116,12.528054804992802,5.996243752458974,177.70489466949337,0.436965803358244,0.0
78.57595548213915,45.54760690819148,12.452548430713717,77.96113696281235,0.9388625323293176,1.0
38.77831917092004,4.836493805303604,5.143455135226988,142.036998130151,0.45419879499504867,0.0
64.3007056839475,10.089542374586228,3.103991243899274,121.34168436953925,0.23999880621151098,0.0
34.10140678090305,9.866921195506702,0.3418844115005424,172.49972938175804,0.18314454800613572,0.0
59.70241307809021,13.109518096317561,6.384867684741101,140.43836522180118,0.22644295210929177,0.0
53.84166475511747,6.827279702755642,4.381652521763159,129.64322323822287,0.20458665720153024,0.0
110.22788527318387,35.09902707767791,18.95730981910065,67.26195740340788,0.7985402420323979,1.0
89.64322302834107,8.55655120350843,3.8402953024990225,156.54258236721054,0.23211808540431866,0.0
71.72824733851378,8.78268738314141,7.294518740532776,116.04452881543855,0.32701840088153267,0.0
62.1841173608569,15.130653420497636,5.677038790870467,161.21075130330757,0.19063086553125058,0.0
115.93894145816182,59.0837094082404,23.982282666906798,61.44514823736912,0.8117897337948263,1.0
82.1413367844725,9.070225523777205,6.061683476400511,146.0823944932579,0.3630921563889306,0.0
111.74160765265273,57.35237077557632,13.839134047940682,60.090523469934496,0.8327926804782355,1.0
66.51137029895958,14.403735136921934,6.916682844331937,169.77147572914913,0.33933595163400476,0.0
93.84883440589024,15.310739356674926,3.8523477542941658,159.73639370726653,0.36487627212456014,0.0
127.63609973814754,54.66807855645807,25.15914664853503,70.56413265955796,0.7790270096874131,1.0
66.37902543519571,-2.702879394258183,8.36659976451745,158.3847443037646,0.3061566842353992,0.0
89.44378929301898,35.16773302982451,18.78267857797451,81.47985555386904,0.7594476386225761,1.0
38.75458012964911,18.382438071421678,3.1247752198380674,177.0340130343555,0.40249126876940344,0.0
110.8006332767877,39.38191627763994,14.110222847977447,51.599757817680334,0.863464974923629,1.0
78.99435599974817,9.491601014885406,5.155912452318552,152.53663105883646,0.370204407165008,0.0
59.959937029178185,13.379338291520481,5.116192901083751,110.58753084452638,0.3360874080246993,0.0
128.1177202158592,44.337118617228974,11.455650325734226,65.41672594173195,0.7667964868653828,1.0
117.05057133745247,34.18954123180883,16.90091247206916,81.3613141086056,0.7195159941762118,1.0
66.15643160986049,14.40222037747943,7.026258495174224,137.5826678949549,0.19634467172013503,0.0
56.244792130728186,15.954701564569795,5.526177879999903,174.02631452821225,0.26062920325985994,0.0
119.43030831445616,41.555034115427304,15.013763493110426,67.88507556180787,0.7041194779515991,1.0
74.72570546187104,16.4061438709308,8.735479498528363,147.88372178077518,0.33827054448186433,0.0
127.95964494510142,38.989929608355766,14.740804145903855,74.08071667114572,0.9277576377221479,1.0
73.6479428236156,3.891912461953252,6.859795326443839,161.13461629962273,0.36390736555685677,0.0
79.63113133148806,4.5513983640907565,6.231764782274435,158.8914636632996,0.3125397914361969,0.0
33.026042010034644,18.7099942297978,6.7134182411147805,135.0642724074066,0.2669908136094748,0.0
100.36105541259074,43.421787538696826,10.67919161042835,64.124505407325,0.6160735217512998,1.0
51.24860572630793,3.1195628070069583,4.152450887709825,157.46873437808654,0.25986684540373056,0.0
93.29191205264888,38.01895508423426,21.093784952578375,69.85935470083813,0.958725324353202,1.0
48.777870478939704,12.293327246231675,1.5207877573175579,114.38384945811607,0.3049206149473789,0.0
52.52104104619674,9.057489563209828,7.490188741535233,160.61530704290746,0.27516799094766103,0.0
58.475309284157845,10.960423703134783,7.9367499844316765,182.43790209377502,0.3658891671957448,0.0
103.92256179187069,25.47567678094574,12.72158782455034,57.21023227973963,0.6832349716432858,1.0
66.94540596232295,12.10716474829787,7.5404108297675805,146.46786607670302,0.2838797247760495,0.0
74.06482903823823,2.774888881586346,3.0783409643744686,147.15904697520847,0.24075189528345192,0.0
113.05039876609874,11.075944476813106,16.20312508272367,76.27398499932754,0.8090079130486107,1.0
123.65742123420529,49.92496733917086,13.44600182827352,58.05001942734477,1.0242844182198065,1.0
100.9239328174777,26.418661728179476,11.289025071319816,68.75227829406738,0.7345258663158136,1.0
110.19961423627107,38.62463453236326,10.868490049962595,78.62451542580844,0.7829739663448918,1.0
137.62898272210535,47.75640123442817,19.680654369682745,72.86017187899863,0.8359855733076476,1.0
94.73466243240425,31.98940856774037,11.016422198404534,76.20139629653693,0.7254173865034699,1.0
78.9283587543838,12.305024646528617,7.68358471150833,161.22987544116845,0.45972471386443137,0.0
51.74385909346152,8.76018975755716,8.010514066933458,143.20159317952945,0.4266999854050906,0.0
53.7740375136651,5.564518801132699,5.726294279714756,159.767941754948,0.3094717194983225,0.0
49.20807769570513,7.940764334224518,6.236887049622448,151.21869358977963,0.21542645309790753,0.0
53.46720650342721,8.847493596563599,1.7532488995345568,140.0693339573337,0.32928517573102933,0.0
65.43716915911676,10.01857707740078,4.213828890349834,154.45613703766557,0.22996359665247754,0.0
84.14505902825127,44.40889575917247,12.576975963155004,66.74690155574808,0.8440080535765401,1.0
31.024421687669054,7.980174694907733,3.1613149230912008,203.36309360646942,0.33281935780577343,0.0
119.93292049057872,45.23216307337482,4.852364044583378,72.63905012841518,0.842076303873394,1.0
116.37578750892524,38.81430262741273,17.061150365409777,61.07587417943631,0.8377003270395129,1.0
45.21890959370252,6.322795220499092,5.246148357957978,123.47847877165796,0.39647827223647664,0.0
94.74888178317683,26.51267924514481,10.351436504077757,80.77629465603036,0.685387378157767,1.0
62.93952378595375,5.170134929943279,4.516852299968026,155.11952793012597,0.3197188893061847,0.0
127.0640419016427,31.985820953522094,13.404732235907064,44.37979259358764,0.6853069094232594,1.0
64.85479425821454,5.592339709560222,5.429258148795238,153.51983481162526,0.42292904026574357,0.0
73.11337038792453,17.073734371297885,5.871558193983903,161.49180890264222,0.3891262942580841,0.0
75.45048529944361,13.532150759205834,4.294952049687571,140.0466272347333,0.42678713333547136,0.0
45.400706529415004,12.15944651871891,3.6389405797359093,166.9898106628901,0.2956095687143896,0.0
117.20739412016873,32.55112332109596,18.673842848098573,64.58909777751127,1.0161150340303755,1.0
91.76423806511968,29.807616908984013,21.160901066204076,85.53701122762673,0.8383518121624566,1.0
62.8798364353289,8.074882155500804,8.057449793680469,143.53933658623066,0.22753327314073896,0.0
148.8873735203497,23.82805037794448,14.883333690161663,66.49022612859955,0.8840816397794943,1.0
50.831044251686066,16.39134541085712,4.830917239668628,161.7051249855661,0.25293285541736876,0.0
86.97061932318937,34.82936595433645,11.194266504405118,82.0239711241412,0.7079783183833913,1.0
105.1454701366547,29.181402777334654,13.471898371203253,65.1287832264212,1.0516766002676645,1.0
100.17588644402925,33.50748249362007,9.713535207924297,75.09235033841323,0.8020619030069545,1.0
139.80579712260692,56.48931764615938,18.74608983504476,70.50612562699754,0.624447954524342,1.0
48.99746598772062,14.485046031975239,1.3945161361264398,144.7475145501179,0.2175918120755402,0.0
109.80777195942483,38.564351329868536,17.560947480266,66.51042619367024,0.8155995365186887,1.0
146.20061703859804,51.87411876146915,16.788128712188776,86.35011981684045,0.7422130846534076,1.0
54.97672540101641,6.211161328055088,6.116230715596947,160.04756215097387,0.2506028073401597,0.0
118.60303668532308,46.9625012422652,17.298261593124714,52.0578058362436,0.7926866523492299,1.0
48.04019703470216,1.9415478811353317,5.562236680803254,135.39125567197345,0.26959551870135634,0.0
60.64381379872983,7.92739059434708,7.000247271066115,139.84986242908252,0.3859739244546411,0.0
104.42732755569263,49.0529791793959,10.018019538064227,84.3117364757046,0.7797353242786765,1.0
73.91249644334073,53.38241574270258,13.048342722477404,66.11195659597857,0.9891647507519815,1.0
128.11189525877603,20.34560787145744,12.38515907137833,76.37104104555206,0.8715760424281908,1.0
106.4029540584601,60.609121941065034,13.962240673650124,86.70393470351202,0.8383547264980952,1.0
69.63745841482522,12.671321994754141,1.2485778094801634,161.09118234466132,0.2221062173426353,0.0
45.8765003137981,17.598011128687553,3.9591335947718704,158.4492406017595,0.26789003102955183,0.0
110.3731353304752,34.85562414036268,13.418323529774408,73.37982124779276,0.997482521743232,1.0
136.28930848452413,53.59903058553135,15.380404451514018,56.11328911993982,0.779636537249515,1.0
122.21326355612577,40.71318458562811,19.79610273808466,61.315103865633894,0.8252055604121539,1.0
71.19044120859049,10.480241160852914,4.500109786179352,163.17504750638,0.33277623002164614,0.0
115.07544379098232,53.54273737071976,13.321128533198989,76.93348864932028,0.7260078632427693,1.0
81.89606737616046,10.030621881392987,6.796965296128036,135.23942923966786,0.3286407315524664,0.0
54.96003163986366,9.81884034382442,8.06505409878023,137.38474590427197,0.47925275453971217,0.0
101.56041633462083,58.79938541846806,10.420206095425112,71.67235099308309,0.7021390797718225,1.0
41.047691004062386,13.666127946320993,4.353719561410141,173.28027453892207,0.3018821792707351,0.0
126.74799289885769,33.33397599762594,21.256335327677522,55.20644440683022,0.7920102145551973,1.0
109.79583261432016,45.59531640784884,10.50475970000866,52.326575611647854,0.619872511894729,1.0
78.1400086033657,37.66495804151755,9.281687056281477,71.63470920596271,0.8379442564286809,1.0
111.16300256610994,39.221861179176564,14.732871119914691,72.77863356047737,0.8740976061387982,1.0
126.2531650207039,46.075367955197706,18.22161836152152,73.76001392556195,0.786993279376604,1.0
94.56789433813431,42.03748725648368,12.869323673998204,66.93661104308144,0.937196827816921,1.0
52.21331830527285,18.656469145605243,4.680476941746842,161.31624252459093,0.33952552264364205,0.0
80.34949167356375,-2.4921820190935726,6.759951452496741,156.84649100131165,0.40242664567894926,0.0
91.0777887477968,23.793743580831133,17.87480277351404,77.3065045948094,0.7300235807372053,1.0
116.4208790866442,31.01947038387759,21.58270687036746,56.86734342354193,0.9151448401686272,1.0
65.64632457204074,8.433326065927467,7.110223337458486,125.23604079508782,0.24256551292115042,0.0
121.46026648425688,35.16966124766693,19.304842095988327,69.29521386580927,0.7609450975490826,1.0
101.10875457932119,69.39927879703248,16.53872328821812,76.02714439905975,0.7888741592710456,1.0
60.945058307266216,18.27866210827596,5.632133166767055,163.0368217928335,0.4365194424033406,0.0
94.41950272474595,36.9597373401499,23.44888903039835,71.42934915708625,0.9567874487960686,1.0
122.10445141418244,50.1818707811934,20.01363967863616,79.94020710831194,0.5929085743341524,1.0
60.86569818108862,5.856379102335457,3.966563583387418,144.68819149416308,0.12615130100489536,0.0
61.514652031515936,7.0340353494299,4.470483279959708,147.97788067299447,0.410524587469717,0.0
115.38948693482976,42.592994378539835,14.767492646111636,68.59382259093246,0.7460424983620308,1.0
93.41871696280312,3.609343969599167,10.052818296373829,175.3403498863873,0.29009241870979474,0.0
26.078953961743693,4.623974527257534,6.9495897091032655,114.00562236371002,0.2589272952884526,0.0
61.03101381166584,8.525984346456898,4.548050414413052,142.12641052312918,0.33450449800613985,0.0
118.60981178535187,34.72958685627097,10.329749523826564,57.27004859515134,0.8441691456602095,1.0
81.46437074957223,13.69081931669938,1.821526971567386,143.18449532408124,0.40393392318477483,0.0
64.28212951004815,-1.7680975744611072,2.2303129256166505,153.70944281782357,0.33169946991580446,0.0
53.242971135281394,9.640733051159133,6.7832136122605595,132.25540422377676,0.32350802965597636,0.0
68.22928972251648,8.12150128956339,2.293715037379925,127.80100759272906,0.17810918453162006,0.0
73.28234586032787,12.412142889975746,6.0377792937483905,152.8415421239964,0.41153497505663317,0.0
56.30269050746445,6.413488977945107,4.664033490889172,171.40012526797437,0.17964124426323252,0.0
101.13824672152963,18.187884629596034,16.677492415184837,84.17833727069385,0.8675611731215093,1.0
124.47657117510009,27.557065288240995,9.388198441116824,80.97518354050887,0.6322535104702449,1.0
105.90846255470663,35.51793530905741,19.301924780195336,62.76134001362051,0.8437024121507612,1.0
120.22842149538448,44.60469056505417,16.852096601719488,71.58496517018898,0.7916406642501562,1.0
109.01368594615343,21.488348641379304,13.877208178616309,68.52019304876309,0.8519818676129103,1.0
96.8818476297398,38.31513716282297,10.863223232057994,84.21705931994634,0.81376384737453,1.0
79.8397173624737,31.554711463129678,13.00781191549783,75.70176176022065,0.6715222305496585,1.0
133.10589626722265,45.276330067516,15.441089547940452,62.22683597529968,0.7917297842767049,1.0
114.04218837750723,39.70264286772324,2.2785390706612,58.230272607732005,0.7882889004120293,1.0
145.37772507803007,41.74444460361567,28.800565398992845,53.54225117516792,0.8774035443148004,1.0
50.58338146831165,14.279031324987136,9.05339679761731,159.3490984823321,0.13668555664848733,0.0
76.50418887370103,34.49327218183099,13.215879942768478,50.50882191192016,0.7392027191368746,1.0
143.78885382869277,35.304702459263005,12.003224463667985,72.88845266771776,0.7221927315413622,1.0
88.9121946039501,4.0285155914987145,4.621165844999622,154.47171980121615,0.3846120147395116,0.0
70.03102058936533,7.79856781604745,8.252298395948154,125.94888332678866,0.3938920454009006,0.0
126.3195673839326,33.578106153768935,21.82619858093466,92.58185752242778,0.8999698894332383,1.0
50.895883008606184,6.5458313076465835,5.953712337578606,184.4388373039555,0.3251148737573616,0.0
117.67134259800659,41.44386618820156,18.52516725571772,78.70548738597361,0.7011102737770847,1.0
82.54475814410031,30.093855981900216,14.017396021128297,69.39115807036818,0.8054773949899018,1.0
95.87958886019443,41.29013517263332,10.888679349898968,65.13286311027225,0.873644460821473,1.0
86.11317713427766,35.47358511146381,19.865255856543723,75.2360288239741,0.7975082161832684,1.0
45.41850196029813,2.747639894148003,6.244503040734537,181.2784232558085,0.2282552447222666,0.0
119.55531204706111,53.75860576212534,26.464876713040344,64.91067003826537,0.6752756017168878,1.0
100.05997012927044,19.10550405986705,11.486906523739318,73.03843742137721,0.914331978533715,1.0
139.20601212359844,31.01653545203325,13.153954391015203,56.006889568578345,0.6976442782300917,1.0
102.82968572939703,50.736553568288485,9.302236272445555,67.66598345210191,0.6099410919599886,1.0
60.401929031755756,12.407583342196059,6.620135738921448,152.86552089424532,0.2696020396023637,0.0
63.81964453250991,8.178032206504788,8.713201604263732,160.74189875584986,0.1782850973550305,0.0
41.85846908853108,-6.5542079547040295,6.657963111494187,160.76520734101354,0.30564661324020154,0.0
159.92581740423816,60.14218609786624,22.05048456881234,75.62940401321195,0.8710601289728255,1.0
71.21488141001953,13.662894049442084,8.295597719274628,127.73698079392662,0.25904853197488054,0.0
96.46660068419584,49.97182849370327,15.948342944193893,74.13907883700607,0.7492893474957486,1.0
115.14694002440109,32.7507849393933,13.893763835903075,69.26979551046422,0.641657509732402,1.0
52.15254467854308,11.075385024588353,5.989367591983274,169.08331895772545,0.3426679644038852,0.0
50.83824285628983,2.649560275498537,4.307075574633944,185.6947866757833,0.3746344570657545,0.0
60.57336677449372,6.229959292499022,8.590365298024258,136.79496995528544,0.24160211198450096,0.0
126.25774749737776,30.557382489022494,15.550187490822191,82.71199711868603,0.7273808734433004,1.0
118.48672838537304,41.07491861229318,14.96126593097816,75.94202969030147,0.8515576849055551,1.0
136.88717676732028,35.606282039320405,22.769097917423355,83.14598748646375,0.7746655633467235,1.0
87.38801402946523,45.742659479849344,15.508924881770753,77.20288800250388,0.9094963935079695,1.0
67.06583898536898,6.731969892471819,10.115342863306108,169.0754809206747,0.25474393994059624,0.0
105.61323080967115,50.72865025581339,14.936967436677081,66.33414835001487,0.8523422902067901,1.0
55.692135577755806,14.35331317370779,5.955188151966983,175.40804138870826,0.3238129789128773,0.0
126.1480648879418,31.473609169336047,13.895521525327439,70.96046621196884,0.9897961319175799,1.0
130.07782720250523,35.42816660907759,4.351436175357112,67.71283085983951,0.6813000244063877,1.0
47.821587384443845,12.979716286346953,5.476585062553874,107.97474873007397,0.36446528212812357,0.0
129.69290596014145,7.634156734541449,23.10923889643349,64.79203194993839,0.5775041498662667,1.0
50.676479302314505,12.135084885191592,2.7747313299422114,158.61310610075537,0.04543204588957139,0.0
65.688993915828,9.4045707993958,5.399823348808296,142.19776012650317,0.310009717396385,0.0
105.36757785694041,35.81657399832859,17.7472517804271,67.33646881416827,0.8761058284972602,1.0
141.9069644960122,39.51905509235748,13.618226588863461,66.83545009411101,0.9174654149616338,1.0
79.20918319403157,7.622673634099353,8.387265312969234,190.10349210120978,0.18055921544970793,0.0
100.98131758430837,43.89338896076646,22.75984830882085,67.56506786670089,0.7752302070076091,1.0
102.75625268432199,50.736961677077694,12.213348965818096,60.10828048848253,0.8243051825425212,1.0
84.83112103994397,35.317254782624964,14.798758725014718,75.39701076782558,0.7973427054981119,1.0
124.3516627299301,46.317545337646024,17.630973541707803,78.87771979404378,0.7158803294671757,1.0
58.85561830867981,14.739480732091758,7.942439972073803,112.38941610723381,0.1987110266531823,0.0
62.79250152722694,8.951703784763863,1.9950959693054666,190.6555587167088,0.21397603594892217,0.0
135.51528940546575,36.912601077230846,19.65213219858883,59.25188699298873,0.7356609411621797,1.0
101.34315561364683,33.5234994324109,13.056322963612805,67.24452210473193,0.8676821573982211,1.0
125.20272531490781,45.73269141339321,18.777307222057996,76.69406076506519,0.7614174140485039,1.0
135.1104015248835,27.179853776477568,26.168754486725376,60.767112627262705,0.8674718987315672,1.0
105.67291664176331,43.36646828875204,17.751612479295787,65.37305363774725,0.7645147240705952,1.0
68.0604422502452,2.467071216634638,7.5260491848594375,144.88127672012106,0.27659197142240055,0.0
87.23553955504971,31.761103775792627,17.532079829369465,77.12223767731007,0.67355214760642,1.0
119.0016769889561,19.15481474654037,11.910935292400774,60.330455129888975,0.683533747780176,1.0
124.7966971320442,40.2726526368852,10.91369013743725,67.54679907027977,0.8885235855782555,1.0
114.50737801620623,31.963297969702374,14.211865182302025,73.22571508698418,0.6649754009951261,1.0
104.09900926150017,41.208035332036836,22.540412374041708,78.24072673315112,0.7785306654862045,1.0
100.34055282093315,10.591390382887505,5.503825244061389,146.5466233231287,0.3591366848866955,0.0
59.66982145090927,-1.457320992871999,4.83581791692467,114.84429726198472,0.1515916556911406,0.0
136.9016088166818,35.98630589874023,17.572147537364785,61.173766678314514,0.9171223118274154,1.0
109.09141653756328,42.888471569947725,16.36435751478698,60.70419218310479,0.5898294372524238,1.0
53.76699272266357,11.918104434248,5.245779106130787,122.10477487907959,0.17084149236081086,0.0
129.4908829014929,51.59109692768333,17.54298775618377,66.30111231712762,0.7464481707327804,1.0
75.39291128629144,7.962374212533078,3.7028062377257127,144.2633577204594,0.288131507285287,0.0
72.35891501630682,3.7464114727873845,7.303525661780052,184.62385548711202,0.28188026432545443,0.0
82.03187270800996,9.428899322180973,1.0698265086375311,137.2901703131331,0.3276426231403562,0.0
109.43984440496085,42.24184210849835,25.575362818721604,73.57276180091405,0.8626587678889523,1.0
66.49344686918317,8.547472455562547,1.818964065915361,155.17904575262585,0.394024172035069,0.0
131.9827297628871,29.753095517594943,18.053292522086963,58.623907242006204,0.7770040916124873,1.0
75.34645283665968,13.511515398350937,1.0314964827208093,146.5201461590361,0.3746186441991225,0.0
101.52752322309244,53.22204603270971,7.701956088043955,52.45422596528436,0.8154083316806816,1.0
142.42835086086347,34.96407095333484,23.212773141683382,73.86988848724488,0.7345397017758193,1.0
64.06812942171237,2.1440523084581002,6.174389613519743,161.29972429997127,0.3260061814730564,0.0
112.75320215326815,21.123676051212414,8.981979955967283,72.47523175396928,0.8261879617684516,1.0
131.24212210407538,31.202307718471786,17.5166765644579,79.27208146007578,0.4966894573348474,1.0
119.72706312641647,45.748345137141385,18.86378492744138,66.65768680017638,0.8740440265058961,1.0
51.26705282769569,7.64146256721396,4.698176248841282,118.7069728342251,0.35216835183512457,0.0
122.65617738739114,54.26812884859505,12.898074269733849,68.76695574550877,0.6183264589073364,1.0
107.88916247485953,23.53926119071911,11.252001363049235,89.95580174531449,0.8696956503330576,1.0
51.726551660060224,6.037861567049414,1.8693232120135628,144.41588573772057,0.6004416496451515,0.0
108.04827815082533,25.459682414575212,7.534498497319367,79.13636128667716,0.7836263501575812,1.0
130.4166434034776,27.531685762208298,11.199422705532985,82.76720941447857,0.8907324324997297,1.0
61.334317239816315,7.382160779007461,4.987640643935192,153.56649153688934,0.43579872237038964,0.0
28.658803550938877,9.240345158825688,5.246910525473463,149.53212931383658,0.4138338477520319,0.0
67.35259966814677,11.43576378488144,3.8868115412261695,155.2774872390222,0.38171300101882455,0.0
108.91277151178801,39.29005307499079,7.310941264484068,66.53459454921936,0.8432099826445885,1.0
47.094738054838956,4.549825455139361,4.863989080570216,167.52761994585154,0.13975785470772922,0.0
80.6581868669838,13.76368765571829,2.653208288991277,150.89874666548462,0.27992771648452874,0.0
39.25071180177265,8.272472984066109,4.888729154426584,143.8956815571815,0.5925922070098114,0.0
128.35576110645252,31.14070364997846,15.994901267298777,47.93666823553431,0.7917857720657586,1.0
116.94189466745622,33.559301731163764,7.7799906104707315,52.806439202478884,0.6213008053366302,1.0
108.96625135287196,64.08991528407736,11.533950008932873,73.29534284889723,0.8540101029389924,1.0
85.6670391538945,39.762167720394544,24.501071396554508,66.85229262882041,0.8008998658500722,1.0
53.54586078493917,13.124219344193229,7.118833648677569,145.59155172580802,0.3639217162799486,0.0
91.05422078522847,25.757726610941084,17.783692260833675,75.74630093751813,0.7079724655349585,1.0
65.42508679445899,9.240405101473193,5.341533143587878,158.79646681618442,0.12400713085912093,0.0
106.33124261030983,37.916599937100266,10.650108530880239,58.18932673063517,0.7581335741410391,1.0
63.825608287939495,15.732663281856206,4.7057749694041915,127.83594808367248,0.22869141655725123,0.0
71.79900507590386,11.271384702158105,6.11285674306139,178.61346124028483,0.41398949726596984,0.0
147.71493000832766,44.760211695273696,16.663532744291825,61.87736476347595,0.842507517724363,1.0
49.904885083393445,14.879563935493708,4.587176722568752,108.48945218514984,0.3086352443993693,0.0
68.14707570043151,4.736921186847155,2.2455839321271163,142.03856490870865,0.23062085078598332,0.0
60.90595303553493,9.416695854078151,4.264507969965736,184.7342974071905,0.2087823304959746,0.0
60.796108268674075,4.9388865023682,5.988588417145591,110.03936979388641,0.4294266446203734,0.0
68.44760135450741,5.09372616090799,4.330025129292379,153.91028562067473,0.2437910522507139,0.0
53.768752564422925,11.756751587449001,5.476174976548036,144.77595587869314,0.38520481510552024,0.0
65.37444061429971,18.220357972528376,1.5746316112041758,134.6520477202459,0.319418978128755,0.0
81.08563011043398,-1.6047156881058733,5.082480835948931,149.0195849081226,0.31310544691355463,0.0
133.2728342783815,27.702636483087748,16.52384905356538,65.72992166556219,0.7765823223872903,1.0
53.363268302695126,12.803139978901267,2.8114816201888533,157.07760114453058,0.31610307667741006,0.0
133.62373415201927,29.654836130419902,10.485290936021876,85.86335517666565,0.7140045631759383,1.0
85.11000751215474,20.01090160568713,17.960112964940834,54.579477281089055,0.9010503086870187,1.0
155.39864436558594,38.89596087668159,23.785284777317038,68.8970656498664,0.8388428617273702,1.0
72.35599099254887,13.584286914150148,5.718987132002392,165.7239479295743,0.2490948896224998,0.0
71.60273731497762,12.32607969397245,7.229628341523442,107.40383241276442,0.28906152586259637,0.0
121.88893356332382,39.95461984785018,12.284919288951855,62.070179986184435,0.8605272290849791,1.0
150.06668254016023,46.91823508363268,17.915484906811084,83.43032027814898,0.5529203332093648,1.0
81.41960441627745,41.51951517387427,13.590882885368213,84.09983279021333,0.8809460864680284,1.0
59.04240296039885,4.40477061084866,4.636597255049244,127.69917081290333,0.34336297844165065,0.0
91.06835775872976,39.3475889362883,20.525687886159226,70.846967019405,0.7682822922950678,1.0
76.86648231394446,8.019817304481611,2.16526589697912,141.0816862408623,0.3281774018274189,0.0
125.23397735149909,30.83566187543044,14.361911489544202,68.16300239397259,0.774222572680557,1.0
82.26190669784194,15.357887579580495,2.253395414698905,176.48233307254947,0.27672272924965147,0.0
33.94537088318339,15.530312940128177,5.789551076319693,147.46274004683676,0.25217444824732294,0.0
51.388313146975506,3.3823484566905293,6.693695109895945,146.27364591141026,0.47496669293851823,0.0
44.21063623383466,11.487753893598388,4.572254773755437,139.1915258994916,0.25969055075377084,0.0
114.73222941582681,41.41776564351801,21.5921599018098,79.59799193085632,0.7150127324866216,1.0
35.50579386647299,7.8796761144581255,7.657238033589659,136.68840443520472,0.41331370119450184,0.0
93.4240419779407,41.647803167949085,20.314863352230986,57.736485509552985,0.6786639407819535,1.0
104.69860995919407,2.45240054936008,3.7614269593433516,139.63624735758015,0.3670776947770706,0.0
137.53856151451316,23.298061587164383,21.886372302261197,65.61980305444315,0.6591157640779551,1.0
48.16235965815363,9.724079744750238,3.7642719883153726,135.73322141531787,0.31201671479657916,0.0
91.53525487288259,21.487319489499377,10.613696673577223,83.96181642218056,0.8100004204765173,1.0
57.038850991601514,18.417713603030258,5.995435116883467,135.37658989695208,0.34452380822159934,0.0
135.83994815108161,50.90624378845051,18.702031119678736,56.74394486933072,0.841934518897533,1.0
115.831104812372,27.946156320946045,17.903364214247034,68.76767334269722,0.8268910385478148,1.0
72.88814805825209,1.062121584323977,0.3526233064578692,155.50672257450015,0.22552926839539464,0.0
66.6624929381023,6.326491952977786,6.667217192069305,164.89189984712527,0.23937257451474303,0.0
135.25950639107043,34.00995408636496,16.907276581139968,88.72039280168727,0.852064862307602,1.0
66.42325757348472,-4.213610626159877,7.865659337202015,140.904458983251,0.48275894465773544,0.0
82.96716760316964,9.894677934434288,3.1945226733549745,140.52961486309758,0.24793155501017736,0.0
56.31606948375084,10.32799313187599,8.355955249246243,155.38221400780796,0.3525534550937827,0.0
89.25463010341784,44.26452416565612,24.640102051158067,77.63167942480433,0.8744938198483575,1.0
50.06948478550151,5.616504020997698,6.839668242507819,151.48002648798783,0.4073509376391935,0.0
110.20227057800976,24.05851506221179,17.041849846519852,54.94605229240028,0.8522813855875069,1.0
84.15248953721502,9.17731717766121,5.9687586231855905,120.3498585478403,0.10128880173691235,0.0
85.29333959305774,38.75271633818789,1.7348506484175008,62.88867801264322,0.8169759509316107,1.0
70.01860677582259,1.1441108663886421,1.7608150466264383,143.48171829594793,0.3443797851624143,0.0
73.59749400111252,17.713363804113307,5.1317115825955515,110.42743632033202,0.4066343229748719,0.0
56.472443516122134,8.833199626665774,2.883151216582641,141.29708606217213,0.35245449929930883,0.0
53.113563928725185,7.485123587719267,1.4536648764814775,148.22054920626573,0.43612094667581275,0.0
48.998204875936224,8.04956583623725,2.808426553331161,120.87044226991685,0.5014175277422973,0.0
83.95983547062401,47.944419909527035,11.191110204059493,76.10338520208359,0.7782653298912237,1.0
84.36497346425243,48.86089581565431,9.749579912902146,79.25883141828494,0.8028181987321255,1.0
59.735215244359395,14.903549445512269,6.370521814412168,142.56110055843578,0.2580334602092861,0.0
64.56677032040939,11.560343325102243,3.442535989409473,143.29587875998814,0.1335284417723377,0.0
115.3949492529456,33.08164799373711,5.745132915998216,55.004927715688495,0.7668298690038307,1.0
124.4415160576416,44.41848448723121,14.464492471062563,60.17985424833334,0.7815493764244313,1.0
62.9919639247097,8.087828375293228,4.450833178767975,128.72509861397583,0.3859827208019754,0.0
72.94767289639495,6.281461653566448,3.5629967438918664,131.1707266607699,0.2647314649987848,0.0
56.842616545261215,12.739476893532293,3.269973999934021,159.3503209089891,0.295218860812693,0.0
116.90273698258007,56.906545211065875,7.3302515034979585,70.80037045842579,0.6704205380726267,1.0
128.53611388463176,45.115364711802414,24.460168832202942,68.14259069788874,0.7193871134609046,1.0
104.96523198102693,54.233146340216486,13.879396296609354,65.8547410783311,0.7769587587320576,1.0
62.16581759869182,16.88162992466544,3.5389624193470284,158.87554157033992,0.31722147612718044,0.0
129.9322978614623,40.895946967531614,6.991818172295801,72.28431348729013,0.7639854385303749,1.0
54.86507226883208,9.589169770474927,1.5007374780767155,157.09640658822246,0.5211106707702964,0.0
124.72335200338884,41.63229134628885,23.993382676876383,63.33588459778504,0.7257374916062573,1.0
51.789233334040325,7.9752917520267985,3.003059820856679,165.5593305610469,0.34920061649760775,0.0
64.50739130974829,15.49143863238719,5.06587713337766,158.76792468813042,0.14142728510124533,0.0
75.22791587815276,11.599555556420523,1.663308019254372,157.951899870835,0.30875508279968017,0.0
52.428028654469756,5.844819612932241,7.015904877108184,199.40685382769522,0.2759906697334401,0.0
43.09569530381776,15.060035021012952,5.982012848254362,122.6905142709812,0.4083364337048741,0.0
43.41508985139208,3.719980329969591,4.165733875741625,181.53419112869676,0.21404221753475955,0.0
108.45250271267513,28.671196400241488,15.315799085303135,64.60585854781084,0.7597082899201679,1.0
88.03900530032934,33.60104833464908,21.38007444831276,86.96668582046918,0.808869147311725,1.0
53.762006355797105,7.847896096894873,2.336003941126099,192.73458285902086,0.14692928426951885,0.0
110.69806409041821,26.236750738269052,17.422028682057665,74.58554130692939,0.7259306874777323,1.0
98.43980808715285,34.52232797366707,24.896632409342242,83.03067819630559,0.8632454711106949,1.0
125.55934800053217,42.94402901668615,4.357048174317386,67.330509631259,0.6208307451334474,1.0
42.41811502021814,13.014355137287101,4.704934087261767,166.4137431850573,0.10996978767398519,0.0
71.0894465323374,15.1266642644578,6.644240409147067,168.06352909658014,0.3756260747955489,0.0
43.13617272666596,13.345166736475251,3.305739097820378,145.62826998756077,0.32446534191912996,0.0
42.21975431681311,15.53817954784339,3.949282809369747,136.79923476033534,0.400056882372251,0.0
124.60784007245475,43.745762664015786,16.399018480176764,60.68721035029682,0.7639595711360331,1.0
54.77659454491044,11.21582597675051,5.2629484285226695,132.54674113995443,0.4675272255699471,0.0
95.0887041448925,21.047038797216644,16.524885657570493,57.6462814342739,0.934780956086497,1.0
47.215213428875266,11.501663102241046,8.196708008527072,144.02812380570887,0.5005044442559708,0.0
93.0079591151967,9.05751351480868,5.401259033283023,149.38388669035564,0.30206638928531065,0.0
61.47683131849674,5.781068978673937,4.559935147479436,100.0782361645129,0.3551811219009169,0.0
122.08079300212648,34.813899280560754,11.578939849185817,80.71426804727074,0.604961719449996,1.0
132.9797691427327,29.639511785429143,21.547822598976836,58.07399456892531,0.7754767264095462,1.0
58.15636239435035,17.338284739776924,6.840834200756353,160.19450308151255,0.14824516197523113,0.0
84.28352496267996,17.111565073366158,6.250424292426317,170.34977979483017,0.3494548748716521,0.0
48.63999342886283,7.838267123194013,6.696887128049651,163.16559366110232,0.3324608554752079,0.0
122.39803777159936,45.09076083547352,16.84161522344355,63.0855632001593,0.6129194032894674,1.0
121.59612378784294,51.551812724413026,20.981160416147226,77.05588207104603,0.8539512374725771,1.0
66.59480933717823,11.959259449166197,16.639109941977644,59.097054523534574,0.7959994312692006,1.0
80.56718290792658,8.640339314369715,7.188679385771254,153.9051398802491,0.3773577012023346,0.0
63.05631051869302,2.204330530586182,3.056244206725344,136.72931822787487,0.2512148737178296,0.0
101.5424824286284,31.018526026097295,3.97331022836296,67.0326734280935,0.7071691506759994,1.0
75.63217255869716,6.769907657624753,4.354452526731,156.56977073727455,0.13369504636879337,0.0
67.53952615655115,17.4545514476141,5.781258541176152,188.566976793929,0.18316928145214822,0.0
53.658349285486175,17.018134906272245,10.466069169214641,156.94291531793718,0.29233464024366057,0.0
114.99405485306987,26.90386151586732,11.31462831705951,68.57928768300104,0.5955564226139393,1.0
58.347587563208066,5.373893736940107,4.9983089037180335,151.96382991450352,0.26605051075155567,0.0
84.48609965472073,12.661966193063883,4.278980284196204,175.28244323938534,0.3233135860626484,0.0
46.16413841623135,14.742157137419833,5.699291769222432,144.95375833881937,0.1795113752702792,0.0
64.08157144376972,10.251985059236414,3.6086162724095376,157.56748121114512,0.1679714266136321,0.0
126.00431365343064,38.2815720346972,12.997084222759744,68.17346131248435,0.6952635946051529,1.0
134.0824599214277,35.423744761776874,16.69397115134121,59.44863233807459,0.8313149362428844,1.0
62.984093483783965,6.655350664769324,8.03912321506471,142.35735399203404,0.33727841963086386,0.0
128.20238618943682,47.3341677273803,25.90653437975693,83.5733906168802,0.8740942701884806,1.0
125.3093925689894,22.965858482842606,11.103251674129236,70.97305060300728,0.83610744920909,1.0
67.71772884065949,14.331864752550942,2.892415668115529,155.20400174164246,0.2652506379330855,0.0
127.27543687553988,30.484989291498536,16.53978945936502,63.5322282611874,0.5456870499502762,1.0
86.73144893124666,25.13550322296877,4.222644374574989,64.30707156639262,0.7177966578494552,1.0
48.73009189032154,7.931563893785496,4.2809860845998005,141.03446295565612,0.45363234547648346,0.0
69.78812850866578,14.158357147621466,3.2517139931919012,144.6306716405702,0.23048090024694307,0.0
96.75805532220825,29.933098835883662,12.83302042930643,65.31142838120529,0.8402348342550052,1.0
143.75162898295864,55.26406752103958,12.873248506647386,83.61840675443861,0.7441231568122325,1.0
61.30177422226966,-1.7158028245013206,3.553193709034325,172.03054066794553,0.3577098458631362,0.0
124.92163137124531,42.023102607626726,13.929887435434805,69.05681146486643,0.7185753063377229,1.0
105.86509073578023,46.58115710666367,22.263859821558505,76.02122692520454,1.0293333855751274,1.0
109.1125133012402,42.97474237056673,10.606952366050596,70.33181888353771,0.8156335155783535,1.0
112.2980470628016,37.64056838293317,4.831849562796023,76.02332944333588,0.8619228930623949,1.0
60.966581782765864,9.271905922906301,5.600309776108049,134.9303595362171,0.2545005093052558,0.0
69.8453217688878,39.33749632675745,14.575389243519737,71.15745032220484,0.7940433073607674,1.0
51.44603086626407,18.197698824212168,5.954910255859107,202.62898655987186,0.20687113695370662,0.0
92.05381196810978,10.754412359970518,1.6692139085226736,168.86526460431656,0.3362393145036737,0.0
23.799639630787347,12.793244434360844,9.33177954581917,185.44468108503457,0.38920654383909414,0.0
29.41985630342543,8.284554208564543,7.6175956760812555,142.73376054104128,0.35520130492817054,0.0
116.83232749569477,35.242437474139095,11.8836708725319,70.98720542041359,0.7660942675271207,1.0
74.24780706632407,26.279914575426726,13.930392042590217,61.433548752272785,0.7700073955676308,1.0
129.8896681157659,36.88916872150521,15.148287277717138,75.12202546202565,0.7548323000141602,1.0
112.56898710202896,43.84811458536273,14.205994899424553,63.793280875074416,0.8143849829010139,1.0
85.69089319777291,8.793060050926586,4.885479219362664,151.00352230390973,0.4889845387355308,0.0
109.43910076547387,29.737903861540353,13.520809407031022,83.05391569894775,0.895193411978545,1.0
119.68238364070172,55.53344671228305,11.74526860957314,70.56294244266847,0.7830165355431301,1.0
50.95403984205684,-0.34348525459554224,5.844748111787901,160.98366635436957,0.17249782671851485,0.0
64.28352228585197,1.041154608174903,6.545021547666583,159.73976214419636,0.17432009519968442,0.0
78.6372472596363,1.9422141441799337,4.652796407247379,156.21632529159288,0.41174520184939906,0.0
122.52521594532662,32.715904817772056,17.951975384392984,61.29011745802411,0.7387484789305665,1.0
120.10395903228947,21.335613684999956,13.712737394040495,76.55353255368851,0.7648963443374349,1.0
60.46226800933554,13.408298143592436,-0.02984096478317877,182.40875962731405,0.47195508406019604,0.0
62.597204775882545,14.527533149309434,7.13888632568874,162.66109585141064,0.3514458357936661,0.0
72.25038532513896,26.292159952925925,5.677525396681098,152.66365425087906,0.3287644994920661,0.0
100.71133271803775,26.549414928155997,10.528211650938633,81.39270224707646,0.8257929975995353,1.0
105.07854163079965,38.0703969080901,13.259682239135248,69.75776816114215,0.844845668408694,1.0
88.01634650881759,47.5235445912848,12.503337354597845,75.53157450615561,0.9232100852476892,1.0
104.71567538670544,47.96587662591445,13.342723170852302,77.26355321384342,0.8236428999855786,1.0
79.33458892760078,13.459092563429644,0.6521892357855847,149.69420711117832,0.3298459344479808,0.0
115.16934576854311,24.464464034577716,19.249624922840674,66.88027270308106,0.8197795251192478,1.0
97.10705313252762,56.59992383239769,20.40288627271419,78.72397659594743,0.8003597311203225,1.0
73.299842001412,13.072111673788934,4.406115117143081,162.76575970395393,0.40132445348258516,0.0
124.80837863416207,46.61373326013401,18.803431615237162,72.3775747173519,0.7499449061798624,1.0
129.99670947501104,40.85205424049732,6.014785617398331,61.11101804881346,0.7412961809570932,1.0
141.62777032843977,27.622953268796035,12.506528592361116,72.23670311948086,0.9115712799182515,1.0
155.60950464919634,42.29784513019034,22.582881246655358,69.63203339113906,0.7012600172575075,1.0
95.61497157584596,34.324129799456045,17.633338761563333,62.950367640240195,0.7820442089374208,1.0
91.36131363031345,5.561959865615788,6.555751571598304,122.36238329705586,0.2976708796845788,0.0
160.21368375350278,44.791458414850055,19.589945815123706,79.38018175980385,0.7021085701094094,1.0
59.75879240656088,12.576219541438514,4.933621012215475,132.11293127862731,0.3705163546756634,0.0
72.50253404515311,9.490981128318914,8.126111643018756,133.90629884270308,0.5439532322830014,0.0
123.25778533019381,44.243840018711225,21.196643570890508,62.844480477356115,0.8056119135274228,1.0
106.16002072620084,49.56108887519994,23.826952369569128,82.16867059896292,0.6920297836043313,1.0
117.82498307079197,44.618152479995345,27.762642794588167,81.16875787550683,0.647730461404596,1.0
38.52473707454435,16.76740664503599,2.791580950625179,131.04277822367288,0.21510835982568954,0.0
58.61830708798865,13.304692533304006,0.7804144948637166,169.97841139445626,0.3015805284369262,0.0
47.71429232031076,7.2907810783563445,6.058575410028415,125.55782313781498,0.19683522318221813,0.0
111.42574744503334,40.254347043238596,18.951395545863033,60.38578706493198,0.7747382332493931,1.0
81.76194202266623,39.02766641339826,11.988653083335764,90.13081529895467,0.719202733127529,1.0
110.57458277251511,24.59627690895212,19.86925110791625,69.10580441844915,0.9499811517108236,1.0
90.57716928261887,4.153807564321797,2.0811973811921214,132.43997056831083,0.33220161853459146,0.0
50.059659884003395,5.769118044270064,6.751934817209951,132.26243487107067,0.37555380954797796,0.0
70.00951851717934,9.03263869539693,5.310909722103448,155.7383448523866,0.34187713487762517,0.0
98.36111238716916,56.270998432552375,14.895758762313143,48.32968727961489,0.6003907513057529,1.0
125.46070103050258,38.63596329441965,17.60177851144783,62.41140067193387,0.6868364659665632,1.0
61.606591873274866,4.017932372832146,6.0632937701646386,144.57371763821197,0.22936773339025263,0.0
52.116969241980065,7.648189262653659,4.007612793756851,163.64981310804578,0.2979492582330101,0.0
95.46529582699867,41.12130363167029,9.385058528165601,65.85602698893659,0.6213273433652122,1.0
145.69153477368204,34.52282467555151,22.00453231975543,76.81179137442497,0.6925061038519014,1.0
50.4086655149699,12.241714174983308,6.032683064181183,173.07641372774606,0.20514852477381143,0.0
120.68148665592625,35.17885909075843,14.336707890246768,63.35723208380277,0.9841238189847754,1.0
122.69356976739056,42.856716708860745,7.464652448862368,76.28206157519494,0.8841789255080759,1.0
113.94240773732002,34.11175943477432,16.051081669403924,67.2059907316757,0.6634038340771653,1.0
121.06326172499723,31.72128283879186,11.254116493290896,85.14478174629289,0.7870943011602729,1.0
67.07932385028717,7.098269339716086,2.6377721717807656,143.5268426305614,0.32020782580827634,0.0
112.27251617472434,37.480400699090644,22.878401416533528,80.6670977340426,0.621883332479243,1.0
48.28548764123222,0.3468550857346777,6.282492945282903,144.07668861617591,0.16082620327022593,0.0
100.56640917352355,33.9880401652276,15.87169986251327,90.24302150498895,0.8498340102990865,1.0
84.38333020119732,44.43672112645128,15.720310876815644,77.41665680969882,0.829164705783603,1.0
112.12545378803722,35.063485758956716,19.645614454897178,60.718703675189516,0.9357657801359739,1.0
110.68037527866676,56.49954777401784,20.379521082104553,67.9707657999051,0.6136672672063905,1.0
49.464472083858695,13.79662287653604,6.144764816092724,126.77571613486256,0.23905696364252088,0.0
53.89130370221288,12.307022318447272,2.065985772079028,139.6627339168142,0.13629249138398997,0.0
105.66346179996137,50.50504113292487,14.61928103040528,53.07657002724817,0.8687609716947371,1.0
80.2321847179543,17.907127024973228,4.545810553781523,124.91017582409397,0.3603886630436599,0.0
37.80464974717126,13.117258554496736,9.833422912909157,161.10725235493896,0.34295450513016207,0.0
35.30642072610526,18.40499577597887,1.4647379894463075,166.2497950550024,0.30877655882868027,0.0
117.59308281879959,32.80916343898696,15.247754340286232,78.43971034676719,0.7405841829387838,1.0
85.5749947431791,44.375753164088216,10.214670652584577,63.683957401044715,0.7832440142739571,1.0
73.01646499256009,32.23204424750079,7.027084492101425,84.51167780304905,0.9313816233289626,1.0
44.627520756439054,10.06212993842145,4.270289418731863,165.16743471837316,0.2544354310821531,0.0
52.075651817265914,4.030226847951374,8.74661097065998,162.26910664875882,0.24151211317076127,0.0
58.47076476934426,6.150148791189894,7.5636124296834435,146.1677121600724,0.34606811604025733,0.0
88.88705022646798,9.239274157283315,5.546670073880501,178.66369198485313,0.24019429334565784,0.0
101.88383612339071,46.12112754939175,16.427204534693324,74.1328108526457,0.7748030138879001,1.0
72.40467905418707,15.98282768521818,3.2318810564095433,144.58177715136353,0.33935709638530986,0.0
62.16927915636961,15.136854521700593,5.4006237667652055,154.20290780889647,0.3271958805982342,0.0
94.9662745464761,26.821744032503993,16.29739252663357,76.42867170848095,0.8659037646791535,1.0
119.0831330838754,34.340214890415986,18.455404674736982,88.6578528061646,0.7110059677834858,1.0
120.8668531980588,42.466920629917105,8.380520716942467,80.86741506897725,0.7660717044033677,1.0
86.09256384474452,31.732020565139088,23.234220876206457,59.3052847354151,0.7893558428641615,1.0
60.341758389161114,30.323835045534693,11.742979333617857,89.8378801572479,0.9105442975375232,1.0
94.48666118696516,39.9060914267903,26.03393230013761,75.13493023833092,0.8689917542087575,1.0
42.32297570898804,5.245182703010043,5.531197366077599,141.65318096661943,0.2026981458419595,0.0
71.10646949818313,3.0722459874641004,4.302066442062625,142.6082444703476,0.27466689525034693,0.0
70.02375995799775,13.873811088660927,4.491237781416368,153.44694608985475,0.37628898866825133,0.0
151.58256577658804,26.68966482278796,7.345172020774399,76.5907687245355,0.7631796504451628,1.0
41.134322370370924,5.25151717640033,7.7975975313506485,190.4225836268326,0.330634933720317,0.0
53.781486413592326,8.282117430695541,5.650764872567812,143.4781295872851,0.11344949227668788,0.0
37.706823188359664,13.595555890558535,5.049006861200937,146.50954146743615,0.22971882460307141,0.0
28.98622416587969,15.632955667189199,1.2508868567944456,136.21088884583222,0.32173103387178364,0.0
105.0812485670928,30.635100821992047,13.6425154401617,57.813039626274524,0.6841860070943195,1.0
60.17158568538964,15.439964760464358,3.7792995896325907,155.77189424789375,0.16550270502172085,0.0
116.77686011760512,42.87190687521467,12.585039331338365,64.17364754218924,0.5137488600542804,1.0
120.27188323060352,52.3642523378923,25.77849768863002,88.08542669355401,0.9150098471208571,1.0
52.296776126208094,8.433292595447341,6.37289891701051,149.84071176504096,0.38392520227205873,0.0
133.24502112865898,44.54058619028293,22.92067299443764,67.20920491067287,0.7245549467686728,1.0
84.65161451637061,10.70455363978185,5.133613507001186,159.7306676969952,0.24641848316003162,0.0
59.98735170943525,9.551124616421562,7.100558979394431,168.1293868512048,0.31298839115687493,0.0
60.0464838445501,45.32392673627697,16.82447193312185,78.0142267886831,0.7861376945153813,1.0
69.93936651955607,10.349942117322321,3.6833961788634317,161.67706976055263,0.4378203540367057,0.0
115.52997897116715,37.48379071189536,11.915930545303727,62.49053610910301,0.7151913412629126,1.0
75.30930845298458,22.503869118165305,5.400307432759586,171.34406166910293,0.3677628493783484,0.0
102.47552089476632,37.25660415104923,18.493338728616692,72.25278918638331,0.9106391170855153,1.0
100.0056371622374,23.623103987393176,5.177257897259738,78.20617518499823,0.7324984947696467,1.0
120.47370994312999,43.65173051735733,4.416121429815274,58.74309931578413,0.8987394442458938,1.0
52.21271499223932,11.893778198193305,5.771781745499343,137.93762353009535,0.15601402915548357,0.0
108.26436283236798,29.5257854873514,17.069209038456428,68.92475479447944,0.8076235466593753,1.0
75.39787635704026,4.934967031921664,2.5751625633755975,139.96904621180167,0.2877813834271741,0.0
132.1976008070223,28.06152357097877,16.202199397676956,85.23533371928892,0.863210979963847,1.0
72.93762703671335,17.583129202074517,5.202030679603507,162.34143325597628,0.3163574053129511,0.0
99.54154655466529,53.65068132075758,14.891493967226529,62.707467078710295,0.9425613110045059,1.0
94.699127890775,60.326420272327894,9.76252570069893,73.76457505141765,0.731395236520539,1.0
52.375689538553814,17.148790654418356,5.7371904053245535,142.9816403407754,0.1943255185026596,0.0
98.2012187364785,29.384409619755424,19.555818051381856,75.94191536549607,0.8553445150020742,1.0
136.3779794832143,36.963337335232524,13.788350716173927,97.20781262389875,0.7532829590436753,1.0
106.0909395718096,35.363259168976825,19.760000489920472,61.34027280519325,0.8340456588372831,1.0
128.7085163377901,44.64095358804057,22.66880184745176,74.96013594653287,0.6197232557536638,1.0
73.31613244596039,6.901326370050569,2.832261229315954,129.90620726341476,0.20898569213305235,0.0
55.1335398393217,19.102079523965344,4.876473750079787,158.1610367578912,0.30111329220674576,0.0
67.06631220325511,7.875094849098714,4.821143524288312,143.59250687537846,0.2711533644390378,0.0
121.36848745565977,23.91659808569763,22.25197513890901,61.92548999734722,0.8041412110014369,1.0
93.15561312368952,12.33704217266527,5.266768452065446,173.2688925139493,0.3654278325196956,0.0
50.9153426014106,14.978804160179102,5.341254839156721,172.0237945386878,0.4222989718221021,0.0
69.89494988862822,8.48045225594067,4.707632441340812,111.3803834517586,0.2616340582005588,0.0
81.98416132802407,1.7508559390681064,4.457586193633795,158.23051568758328,0.30364623685176706,0.0
31.24727014720689,8.133066452718182,4.4865666076865445,142.95709236516547,0.24520926962277118,0.0
64.79410520405598,7.448540585382191,5.894864711177174,172.00141354870635,0.32891748306045043,0.0
59.27166152618713,3.127929388744569,6.792392763089868,176.07893733861795,0.24777373488547538,0.0
52.30580556695277,11.881768163925546,9.075747392791456,128.64370341636302,0.10132630532283898,0.0
65.47766357107653,11.915113212347666,4.888721730813471,132.5423249780834,0.21757923797040535,0.0
74.9991167155132,15.98182222044124,3.4354264843575804,171.7779234232819,0.35550654149488525,0.0
29.773436911113254,7.251064191639747,4.719036131309213,170.29467469037243,0.2728358179308008,0.0
83.73273055796267,47.22713391895929,13.345656483428638,74.02249833126882,0.7738278377076789,1.0
112.9323145795822,41.01686177669644,22.75202415301791,80.95014582174079,0.6805784663643067,1.0
99.8882734782418,31.553734051788016,10.095542870782232,61.78057669687872,0.9942903151873019,1.0
100.37422863543188,41.222944989484944,10.210535857167379,79.29084260703375,0.7588149504008188,1.0
59.50098701684817,0.3179957604141368,5.006021531887154,159.65671739612,0.3451534525114584,0.0
85.32284357323348,42.9479113994301,15.899851037266751,61.703024165390886,0.7988594330348869,1.0
52.79876361020809,8.67552585399832,6.3177416514271805,150.12313344294077,0.39536526897101976,0.0
73.39245732095573,6.9937125235554065,4.760663554868169,157.79238354236787,0.20160688827388212,0.0
56.15040593935318,14.359498813011921,5.950783576534828,148.051871534559,0.37190217440060447,0.0
76.96446892803812,10.81537589952008,4.123277109585787,154.98466307455632,0.17774390723934713,0.0
30.270362350812448,6.948316646162354,7.301645514161673,174.54259193293353,0.259839497347175,0.0
62.54940635005118,7.610079162811707,5.116615198676276,113.55741966140782,0.2516266757977205,0.0
73.14498480601074,15.26888081976374,0.6101220960651021,183.72150224567864,0.33543731288355666,0.0
94.82855648989047,31.23297341570101,12.438146803649598,71.34854978657226,0.7346239680209534,1.0
108.19922221422304,46.659336383035125,16.599940737305772,57.872626201666165,0.467286962921705,1.0
65.89801731661758,1.448696682193198,4.063945050321541,183.57254615773132,0.43143628915645515,0.0
122.1801193658293,48.11907136887915,16.323191690455598,64.18093846885137,0.932703482511589,1.0
106.48107600482001,39.990915053601434,12.621070590026145,59.46746316334657,0.7346021998172516,1.0
138.64644884693766,35.72249849452314,12.851018065331434,66.23334231936275,1.035195664866308,1.0
67.32241559425749,14.51803426411881,2.2565713706994477,124.33799206955364,0.34324204335619957,0.0
102.52643424099278,70.69053207500279,27.5663663905789,43.64336402168966,0.84569887341853,1.0
56.32232549355541,14.413533933011186,4.184092685056085,144.52161827813148,0.2242460623277609,0.0
109.10758761834266,49.02224440710924,13.930791616984237,60.594318671455625,0.8382595802050257,1.0
98.39958908585123,45.00725566736464,15.862138933803287,76.98540939759667,0.9737924742542373,1.0
131.7845506146612,49.77666214076788,11.92576591717692,82.0829534495518,0.8398440340529603,1.0
50.36928648655813,12.589559125521557,4.47174234906081,179.51560908166022,0.3036110355678744,0.0
123.6189353152712,25.62988330886658,15.975484796659677,62.87005775767761,0.7709851940211092,1.0
88.71641085719006,11.695699538121541,8.138184091241865,62.2848007189741,0.8298253705000231,1.0
84.21209799273602,37.62325297441864,15.94818707247856,80.455348467495,0.9980278912354846,1.0
96.08420412458926,36.231281499013555,17.571688596999092,57.39022539112417,0.7216186653812123,1.0
116.98419049242517,34.746746530012786,18.668390904310577,62.80418432253439,0.9052198996117095,1.0
127.06469696322357,29.11580524352666,15.75734805204163,80.23897757526801,0.8336347567994227,1.0
89.73392766835454,43.792389226807664,12.942094987005069,71.79936702842839,0.7541609372969691,1.0
58.22072013519306,5.7071754640278645,3.577429576876858,178.92879479292418,0.22296015551954812,0.0
99.45661311510565,35.32822359830561,8.323419419735403,68.96498071016617,0.7567170354810764,1.0
49.81867328707657,11.469872621685896,2.3541553095283927,131.70840209790458,0.1530061775226169,0.0
96.54094079618288,25.12464173200755,6.341503153317058,63.90184603479095,0.7867351744195009,1.0
104.4392087266946,43.00365815404469,7.34862789829174,62.31895733280804,0.7345336599077497,1.0
56.93472644801229,8.56510373063327,3.968241097758247,157.36096541383966,0.3059924448199205,0.0
67.48045258307963,27.415278570897563,18.88386149438366,69.55253827684152,1.0171615907729639,1.0
114.91347294740706,45.20058785566876,24.23041924314125,57.318782882185886,0.7684365453068291,1.0
129.23481035401812,42.734830684742775,27.318592997735188,69.72772931144503,0.910554947797599,1.0
112.03544838256681,32.49926905927499,18.62821253103581,79.6305012657203,0.8887843154306412,1.0
130.30695094582916,31.46852975793148,10.501186317018323,55.65578209662672,0.8872094685822014,1.0
116.50085684147997,25.193967545156433,8.519957553451082,85.65131922490987,0.8132044390337501,1.0
97.37233391910904,32.19641246503994,11.385384746060968,57.94070943053876,0.9020686431991662,1.0
88.60438769216822,1.1543942715574715,4.961673380551508,127.87660883359484,0.14074050578630348,0.0
45.13990138761524,9.922360410635035,3.399575961806571,137.0172381015917,0.4450662653801433,0.0
112.28950530934229,40.56298425178543,8.907006594053875,81.01214531572931,0.671505395719042,1.0
98.3263887525351,24.342619044487744,12.014848228150008,82.9593467782322,0.9420321826010573,1.0
92.90848292973936,37.37059698223496,16.80465291392766,60.7319369778382,0.7800012427647873,1.0
111.83425872284069,45.167732693785,19.95944642008479,69.21522709303271,0.6990241569746412,1.0
85.95859111791083,9.291951836849105,2.783640414497633,149.40455951538024,0.10728602428440898,0.0
60.40420764234458,6.373789539944914,3.139144902551159,154.29293580815371,0.37024240951394216,0.0
66.1270985717028,15.702865832223749,3.6713503135764203,139.7161293464768,0.26717182906739617,0.0
150.96502269373354,31.109452138448372,13.468362255644571,68.50774974068506,0.7312383794535966,1.0
52.758341791994496,2.6236896635177978,2.898720706536149,136.311549012215,0.31375353568742076,0.0
62.92772757684771,10.336335329261024,5.674603014470431,131.27548645620766,0.24158172311041232,0.0
128.9247099159823,35.06230354093473,19.303493282323156,64.31946324928823,0.637697729693823,1.0
117.50329175882422,31.344435600068117,10.85439314791833,56.78782699292796,0.8757333798506493,1.0
48.81877420454656,5.493113577462209,6.64395652937613,126.07599009185115,0.4506656373805268,0.0
61.875336122271854,11.595440931246154,5.211419709933428,140.398327653503,0.27122273345830944,0.0
96.64284919210918,26.713063690559693,16.82794253436432,59.95482844487436,0.659303851527302,1.0
136.9121661886618,52.34614102038702,15.841771323836872,74.35749268500757,0.6671290031111188,1.0
112.8948988317957,36.72486050370565,15.072846195109628,74.5542275358292,0.8144100199059786,1.0
48.93044505236305,15.538921513448187,4.153520459139154,153.31019174248217,0.29323654769117746,0.0
126.31973659161184,46.294037155262615,11.012288260528608,66.85385251957668,0.6096495250487837,1.0
132.09499060192508,43.06634544665075,10.497726357358944,84.39746804122944,0.8220862869898625,1.0
100.35058496294849,46.90805131472816,9.037885113265634,60.8540207693879,0.7389318155448422,1.0
40.83233390147605,10.807121951896017,5.94578654887874,91.08030027612297,0.3853842870721414,0.0
85.53523069114604,9.304425987025983,2.950283319841492,150.74883891649446,0.29896340325399157,0.0
111.83920123058127,39.89545614754824,22.323419515750963,63.600679847405864,0.630486401045115,1.0
56.938162209291875,2.3759785188542404,6.4208658897766275,139.9081095250807,0.3368576967282279,0.0
53.51039646153624,10.96838397401879,8.740450951293557,137.88528115066288,0.383522258923104,0.0
134.6236667389361,37.741614852980284,19.704760284368398,84.00157101757905,0.8396004700828001,1.0
71.04873757994737,4.196377547501783,2.461255696321021,134.5696586973719,0.21781284978416732,0.0
93.1088511432819,49.25655554805603,10.303984909267719,70.95885210869567,0.9172779821401515,1.0
103.90426206363875,44.622738037022906,10.75073740557885,70.78925276417318,0.9393308177990283,1.0
88.88935483870686,4.267602631744934,0.888284993331296,139.60955241786561,0.23194633953944527,0.0
154.6847324070004,33.143564392959355,20.643383334131727,58.360610258489515,0.7966959051991663,1.0
68.29351651186676,2.055084916560218,7.362021237590897,173.51013260353983,0.3129954854016319,0.0
117.3565776847303,49.620024097991795,22.699575701898972,85.97563366063461,0.5959197244363208,1.0
132.51844246668503,40.62970392929607,12.210980596649256,63.430393072765355,0.9831232171901995,1.0
75.77836167926971,3.7576317255815175,8.776626419649025,155.22319485140696,0.2807847365611765,0.0
68.02498856367488,-1.7005234018594084,3.959285293971539,160.04059449499118,0.341161548710008,0.0
70.41511291273979,7.199604712679109,6.583379410609753,129.881298630812,0.27325677000035753,0.0
32.924322924002404,12.328416033050452,3.811100731120378,108.7459571634088,0.33022298756861324,0.0
51.613966208401735,2.121899867858465,7.035968301742283,206.3654008216171,0.31069596281471623,0.0
60.622374066387515,20.028438250902543,1.4660548928543813,151.1518063502117,0.3223068223785889,0.0
109.73640358924204,32.2014597717366,8.654941722216144,74.23977513249291,0.8312468883412503,1.0
136.57183315689832,52.12677285013498,13.298950837841776,73.00265104358715,0.7493819156730006,1.0
86.99564656849348,7.830864127733232,8.395633539287317,161.72722351007957,0.3289786425150446,0.0
34.36545051515527,2.3918593736120455,5.311295210970489,170.8576844972724,0.27762881967009,0.0
124.72463148128399,46.27252727618635,22.197548889958682,42.42196745042823,0.5372488881186086,1.0
86.79882954967286,17.109599053595332,3.829554158449711,125.68220658486842,0.3908861862827398,0.0
57.61069446465525,4.421482187115885,4.717420409671634,159.18035805310055,0.4757087851962727,0.0
66.7240441613809,7.821953573067992,5.775849420064702,123.27712331324034,0.1951684879649624,0.0
90.0033755476629,48.56826608361059,15.179008220985844,78.48107032958052,0.8085871994882124,1.0
69.92912607570491,11.341803203970764,5.268631963499327,149.2731537164395,0.3413808741667378,0.0
29.235588848979194,4.691852483292659,2.212227272231686,139.3650246363142,0.22551866783115498,0.0
121.07633498858296,38.51630482731785,21.975033502867717,78.9056788283229,0.942713542781601,1.0
117.60711765079598,48.82888046210637,17.934480917664875,62.79263550488682,0.8109114562251817,1.0
52.020237168905034,7.171830665027121,5.892048161142978,116.83499197970218,0.4267052790871716,0.0
142.06585174152514,44.68562231027454,19.51241416196465,78.13498483110855,0.8579498096274291,1.0
112.21151764306666,24.600286893678593,19.139168344219744,77.22602908870635,0.8077028230283356,1.0
112.6535183024962,47.31622184390388,21.11923969512219,81.88156894015538,0.7443804671286365,1.0
32.87678703419314,9.340754326123237,2.903541727848436,164.01926441417424,0.3325490631799163,0.0
54.412216857961496,13.519540731406785,4.219267729488788,136.10714042076134,0.42219193110159425,0.0
125.91606535248319,42.390662954047926,5.61847722377189,69.30940535617026,0.7052237802605312,1.0
44.47141181944952,5.804196222772767,3.472376777354542,125.70203936149561,0.4221963898216165,0.0
121.18408397021311,50.81585509750845,14.089093957343163,57.43776283423594,0.6848326554570319,1.0
57.3471580101745,9.37006807984762,2.707385902294411,172.99928045805507,0.303482394551546,0.0
97.32973818569432,38.02937595423689,22.86342581096676,76.1503919190619,0.736853556777303,1.0
70.8170085842845,5.65530169123249,1.1657300186063737,150.57897340266555,0.31332157751642237,0.0
86.3247896472705,2.2778021331485965,3.911542289205547,159.19337648219985,0.4482507784116512,0.0
76.55721817468535,15.929262189756507,1.8547462765350935,135.08203184218968,0.13958724168967945,0.0
115.62952624395514,47.079663519094,14.21489759494315,55.8855981687469,0.6621182813256279,1.0
58.43696465871817,6.952719235209258,1.9612725322495836,150.9196731561079,0.23713458427321735,0.0
83.76801225203768,4.793673015980825,8.120031588360222,100.89795971709898,0.24659754296167694,0.0
110.01979480382879,38.609419296319984,12.133115140292686,64.33997743863902,0.8139344237249653,1.0
95.42875046901896,47.97400942635001,15.88875945433993,65.74875699558906,0.8597124321071495,1.0
90.1090793666402,27.74000929273506,13.311731374147497,71.83480484404075,0.8345755299597023,1.0
104.94684742530328,55.60871567007264,20.567772394802795,85.81564838414432,0.8311593126663221,1.0
48.74096932500075,10.347811573306059,4.0297379520017484,149.36277166749062,0.48038124397123844,0.0
72.51249002091129,5.8057840932089375,1.3252530463478456,165.7660965076804,0.39453629022623654,0.0
136.43206620659234,34.45417615456518,11.499697219253274,66.506782858493,0.755583727322348,1.0
119.29045676077608,50.11137135657418,10.447266642416182,73.4613900434927,0.6035148730008659,1.0
88.81774996553582,30.082751871797747,12.753923947422681,59.526745327419654,0.8760431345197544,1.0
108.62870816863746,46.75367051794756,13.708846546171769,75.1760958271211,0.7950657545516736,1.0
56.49538007189285,6.96505295666471,6.686463995874,147.06687879807214,0.39919255911496626,0.0
130.76480269473808,52.08607218268395,20.233921521371528,71.03115070104722,0.5737079419510615,1.0
54.154064901632154,16.244670663362584,6.609124334704749,153.7962911578556,0.39895882357726786,0.0
20.624236192183453,7.978540865007663,4.83616225535553,132.43025591713496,0.29065938951130155,0.0
100.6392584953527,45.000614268230144,14.813276650762965,69.7992702101437,0.8024582458414167,1.0
122.62690408877377,42.56380030503894,4.149563963483175,57.581313273359804,0.8105218863916122,1.0
73.05900353644259,4.120832377590857,4.918288405167944,125.12228189219104,0.38246193966082537,0.0
73.51983208008446,14.525373362677879,7.454690485241143,152.72535282890382,0.40972358344395965,0.0
107.15309272978749,56.85599967232648,17.13818439223607,68.45790988316296,0.8615809701305667,1.0
114.17409371186153,45.8891680531378,11.973582756167204,60.86835740764097,0.7728767955184846,1.0
110.71350662821692,44.32203142835027,13.097496403053848,71.0478143508363,0.8137530553790047,1.0
95.10368307475633,44.59175295254447,20.409729786141522,63.70468291525563,0.8342895574239014,1.0
49.92835841705545,4.489648650754733,7.290154054568782,121.0980984962222,0.20139514537267128,0.0
59.64598805769612,15.33910757432348,2.091456919120226,115.46039731539912,0.2881353049538694,0.0
78.22193684545348,37.16379999500384,9.039577356816071,60.189897126649825,0.8574188391482068,1.0
81.75333580014781,47.07109647386583,7.388440418262762,53.999059045238795,0.696860916877145,1.0
74.63807013546946,9.998644609969014,1.867489202736512,152.5755892625622,0.3881104944249375,0.0
99.49900502288034,58.522932665380374,12.872403839707196,74.61494317353379,0.6589723351072788,1.0
63.782319750549455,11.22516042216756,5.128086753151279,173.90671462505748,0.2957704932144225,0.0
87.01666880598913,30.224172339915725,15.373266336421388,67.66651697083292,0.800303249562014,1.0
55.69803997453429,5.03113100678339,7.287090153251864,154.6664549399351,0.41126089835060353,0.0
104.09088393676153,46.62818424653592,15.41028545209672,56.331216302515486,0.9607537719860181,1.0
98.51501867989623,23.79461321857669,9.927262341102066,72.31240298083895,0.9135873114797304,1.0
84.02104116828446,11.09166864967217,7.2863210355985775,135.816444398949,0.23840471851637804,0.0
82.90868401864735,43.891777502990934,16.37929607572879,64.73914585316513,0.8905489443164538,1.0
100.83707971249878,26.571560720950032,17.77876147679349,46.97183385326912,0.6372894188158773,1.0
128.5084285427657,34.15694816821072,14.574265473532225,77.51329123650267,0.6802247665069437,1.0
139.26893683859444,51.46700058345094,8.179784148400667,68.69926412722167,0.718024200021166,1.0
119.01817431550253,44.447466163939765,15.24926447140368,87.32541563451744,0.7056680138676551,1.0
47.9514564414018,4.1877130926912995,6.69545679958787,145.53504385113212,0.21291902613527497,0.0
44.85845071293017,13.80902653689134,7.667305198477768,135.37005087248306,0.3844534214150475,0.0
66.38427280982135,15.5287021796732,7.327096723746819,134.34923972410778,0.47608812287002644,0.0
51.493161689836214,3.0408090971852664,3.8525430098219733,144.7331234544831,0.2857300122931649,0.0
53.957260962139024,7.5807562331244,2.8881821664075997,162.0402708782346,0.23906882518461617,0.0
67.63395243989073,14.451991859441861,8.09723718059628,117.02928739462642,0.5115514671176189,0.0
61.06719299920505,13.154524465722542,3.918748282181854,121.2190139633405,0.2084824052315572,0.0
54.78417288003643,-1.1052192277618502,4.7329276843385095,132.74817380534967,0.2561756151977909,0.0
76.54908934681013,7.54357056412467,6.823967562870261,162.68231218168683,0.1887725709232157,0.0
136.57460115079425,29.837757565407713,5.185869866069009,73.55101495042646,0.8725466107826558,1.0
79.58660690178482,17.654509747130486,0.997844274159549,124.27794341020366,0.33390497770140964,0.0
88.46471426781062,32.610120401122174,16.917560185582662,69.10483867865588,0.8094740561781205,1.0
54.37725454879627,11.85949347674066,4.346918457615779,140.84415935556328,0.2867359394893088,0.0
106.37160866185894,40.281056106526464,17.30282217883783,65.47287230634863,0.7751337626718641,1.0
97.66722748006359,32.14182178562695,11.829117755567069,75.97765953078368,0.8637368754607058,1.0
141.460881415391,58.62963531611572,13.52853817870114,65.68415949285972,0.6901033197991017,1.0
72.45114463667873,10.138637333934748,7.294827847922203,109.02796250916298,0.2207148773022251,0.0
79.40375532362904,6.76808556973441,3.625856798402526,139.41960162968982,0.19408773425427672,0.0
39.28178302513814,10.513316960301758,4.771365128660462,145.95714842349633,0.19870874895526425,0.0
66.05952890401383,0.5364830671417948,3.9729242750958855,153.78984629574867,0.33284423953676295,0.0
64.1745438761555,6.433360476687597,6.914237030235128,132.35192326335454,0.4780216276890509,0.0
99.87101090513963,30.477884105788128,18.01878627750382,76.73041595151444,0.5567260077444922,1.0
44.831180179868106,15.863143812002527,1.9102592533733755,125.34768909761384,0.5184565589259489,0.0
67.92720298140055,9.107136911021584,1.0386682907298588,161.81286065586067,0.36229933399224523,0.0
77.03608856460693,44.48917561055729,13.507663298766293,65.24581660192234,0.951171023172003,1.0
75.00072379419399,44.720744032655205,8.755008499048484,78.78452038242165,1.0011607221733114,1.0
64.4608750231747,2.7490215039435224,3.252646904287695,147.57773806014976,0.320615823967675,0.0
132.1701420538162,39.154938060068304,14.058356595553697,85.50138539270743,0.9070002741670741,1.0
69.96867909793569,17.66104017703146,6.752584106000718,140.65046468663266,0.35538545930617604,0.0
90.55871827420387,55.268757680295764,19.31612687451421,83.2228458555491,0.739337575081525,1.0
95.1430465072457,42.37083435202291,10.065695429303922,71.16256698374212,0.8228913017853801,1.0
74.01812420402923,5.290022679718507,5.424521559557619,135.30006200334216,0.32973695625705596,0.0
111.93391430699285,33.61779528955312,13.506264540754778,83.00933676164968,0.742958241549597,1.0
38.778993031474386,11.441785762541581,4.752326391419707,142.63653956494045,0.25364539610141507,0.0
115.48744254127737,60.51576941136226,18.528691957142563,68.21393246363112,0.890699632952776,1.0
47.18843600692618,-1.4821075908032721,1.5087707662939471,137.64855489434825,0.20644248208833568,0.0
85.38679008861611,13.941202557697633,3.5929923495186062,166.37366034659055,0.2107827031068109,0.0
144.86719655184237,46.98993759051298,11.257120148189717,69.2124921710137,0.8677713276185478,1.0
81.16265831287194,8.598219092720143,6.59496582480292,155.07336687329615,0.3640775228872143,0.0
96.50973745591611,9.436227457629,6.050272362281727,169.39368773103382,0.1589710962154591,0.0
60.11799328066437,17.258374967072083,3.8142320422186833,191.19287248534457,0.2435486849808017,0.0
143.79609021224098,35.36393282828367,1.6376494535212505,76.74093325076758,0.9046462572361437,1.0
64.6847778924059,4.240966769975922,4.047181887371059,123.38965278819319,0.2261614535714155,0.0
104.01925652450834,28.97889066031333,15.242519195585285,77.82226802439655,1.0063337579508695,1.0
132.83732877574303,48.33379932406496,11.089853131592632,70.34429886776194,0.753719333632378,1.0
58.320268244179054,2.290029020184166,4.701474040482823,123.8986569822745,0.41451567002849576,0.0
115.28720232265105,36.16284020092286,17.75587660791919,73.3039533043731,0.7769605910490791,1.0
37.92599604778016,15.102801517356951,4.46077776300136,143.8121996093952,0.33087253317336474,0.0
60.97829720938613,11.07004221505034,3.5829741341074053,126.41327875917078,0.4063882830084583,0.0
52.48994572253822,13.327061270248597,1.9081486663183655,155.19782740655077,0.4731844682780339,0.0
82.81755358338224,43.645770997525894,13.918977629216874,62.518921217502935,0.7523129992443021,1.0
97.8284284482627,48.31693956962624,26.934739312595113,78.97891075340863,0.8070706669127474,1.0
111.47558107956276,34.69430966165835,10.497618509980928,62.996015037994745,0.7215804729544635,1.0
102.22228549108058,53.38261645149629,4.427854568345159,56.819524794401765,0.8768054615125417,1.0
21.118318196608513,12.379704357530994,4.153319745377156,168.12239543596382,0.19187146855942533,0.0
44.13162103683458,9.136569628835751,4.401885769717099,149.81751473981438,0.46063059898089675,0.0
124.14973155255416,43.930111999150405,17.127058379860824,58.8911145450676,0.6483671362948042,1.0
108.48168652545841,46.08289245613433,15.041453882435148,72.27768287297096,0.9232501432035807,1.0
113.49344714626021,49.60306293130482,19.724590122321544,69.69130520975405,0.8184209448161033,1.0
154.52196121141503,37.63054166356006,21.310913064647174,71.0967934700423,0.8653394098194174,1.0
122.2442790353017,31.38190694491103,18.925747267646642,80.26356254113702,0.9480825509337785,1.0
92.28063707790614,48.68886228253482,20.541823055120904,68.4376645147161,0.8762032889082092,1.0
108.21028291354698,28.919821965566523,4.884619960765287,66.09456031767559,0.7796951360356518,1.0
119.27692872856541,40.59528098852913,14.142183818537863,73.69244835496193,0.6682896651970136,1.0
132.65420935494686,20.832092532037972,15.42934186517428,57.133393231424016,0.9012932964348772,1.0
38.83310928867746,17.48374183482203,6.31583927018307,145.65996628933817,0.2612756246343639,0.0
47.34535937146027,-1.2166920089281241,3.5296871718122986,138.3878815111724,0.3726834954174424,0.0
101.89258768953415,35.776324196213785,14.11210033324511,61.656495600142605,0.7747295110683461,1.0
98.26670146048025,40.68184944216657,13.024677481885133,80.98953275404213,0.9162370081859184,1.0
56.352634153021256,12.268540739812469,4.130308337900062,142.61127865563387,0.3323945234137589,0.0
102.88987210907511,44.224181481019414,10.462226897097032,43.103752275137275,0.8439140015063262,1.0
68.60027744629828,8.19847316398453,1.8543908441320847,131.1060941188454,0.21377095833984533,0.0
68.07671227458268,8.617315020535624,4.78393463900525,117.72240897079061,0.35289140903570937,0.0
55.798493993327895,10.94921377505438,5.526137233922612,160.31751567916302,0.2956232163453307,0.0
116.92643951413454,44.270923997263,13.674729125649916,72.82352978836205,0.6245362909389409,1.0
62.226723866691856,10.871869378297065,3.5460917091461335,158.99936263796243,0.2135489693613032,0.0
72.35063685336537,16.531557513487435,3.769246359061618,157.2498841230348,0.35930032140060464,0.0
66.0392146332511,17.299865262938482,4.177543614991823,131.22058418003974,0.18467413652236134,0.0
128.2910713125667,49.92545327002441,15.329159788581753,60.20465653853532,0.7924757215832949,1.0
109.67419355214157,39.70028899201926,12.804948225297,73.16245939154899,0.8374723196128708,1.0
126.49364883599554,37.398241740408,19.074857295816336,65.56267707288859,0.9431965501515434,1.0
104.73159468839017,41.76491236811826,15.469214860535294,64.10329187644201,0.7502954113380266,1.0
45.00755512620918,11.961096195121204,3.5813770287331597,127.8334356215915,0.21553162952588423,0.0
57.526223115678775,7.729638332535067,1.9170267204764109,129.02151737483592,0.19582677143709415,0.0
104.86055819952139,30.160359466016725,14.047825207093998,75.74173978255052,0.6787287472067747,1.0
50.67288307367125,17.03875640877726,7.4777228987607325,122.93870631008534,0.26918053214231674,0.0
79.59180168114533,16.153422085670808,6.045151060912275,132.4280968634582,0.45840325057220616,0.0
74.4720039749397,20.606551234502497,2.983740483654499,167.03469626111644,0.4945206372553689,0.0
104.60533636957285,29.69696351231895,17.217983765972072,57.76007157902147,0.8436976999024742,1.0
113.4622623443755,34.602851994166535,10.548066709059782,73.16099515163577,0.8919302630560997,1.0
72.10558625831955,42.91142143384716,15.68707070359581,61.899638459411364,0.6761358092715393,1.0
60.81455173202155,12.169278464936879,6.579061937103753,169.43140921552603,0.21824066799137815,0.0
22.036371956841947,5.704056844281965,6.592006864559374,181.35930265520028,0.4626596695614929,0.0
126.33954335140852,45.64421844501631,6.152612320005154,78.33752154729095,0.8757541241450004,1.0
46.630633305888935,8.861992791567769,6.172634144096703,136.88525223309628,0.4847999893656036,0.0
125.34811935601934,57.38104481174589,20.474174826339116,70.48490499237089,0.8197760486474548,1.0
74.69931577695385,6.081630676783161,5.089374937643762,125.81007327555383,0.2540873841467381,0.0
110.29761717662187,54.21153384540811,10.714807654608986,53.46544238890131,0.8317710543580535,1.0
105.79054908898182,45.09051381593149,14.711900882060526,78.34329246811858,0.7660183377910934,1.0
70.49282368424294,5.730244794206123,5.1418964334734785,119.087040384583,0.07956239627162207,0.0
73.25256994523706,16.064369975782935,5.130900961674947,127.64871884985682,0.04432459960427049,0.0
110.83861060998524,20.250243458173735,13.696295626777834,67.61067159610333,0.9063334611265296,1.0
147.3381172572868,38.09729520769576,9.368822286856282,60.690243832255916,0.8187983313840005,1.0
60.46948427752749,11.545235435390076,3.668655052633963,140.2338803556079,0.2691213445438528,0.0
41.02941412667718,16.091574944620717,6.846854433999157,166.55768276208033,0.300702886773466,0.0
110.38527005199995,36.66149630587596,15.769598883054332,73.50540312419973,0.8752200215793888,1.0
46.09830484982295,2.758511026072526,7.158541369934142,158.8949198018311,0.34557875585849074,0.0
72.84034610311761,7.931243608273059,5.856758847166184,151.3457361699407,0.4420696200108276,0.0
45.86473032629256,18.793120791735664,4.826410474980294,153.3913078028567,0.37849722142346615,0.0
109.97231479086915,31.03433921836084,14.839696328285445,78.9097077409339,0.7189551763408769,1.0
95.34902727426136,41.64121043045236,12.998780774798771,66.74583929951285,0.7619167920926746,1.0
50.33640897319176,13.463310549242482,9.021089910680349,171.15667689983792,0.24950515706441523,0.0
28.401347872960606,8.954279646105006,4.385656313217195,154.52087986250064,0.33545587588543235,0.0
30.974702587865295,3.5649064000582262,6.087304867040036,162.12993490004274,0.0733673019844989,0.0
40.808806039041784,7.913406715954323,5.335005222042992,160.39578134266486,0.3119804928663707,0.0
95.8200678827987,31.237425195216062,14.053301263331424,80.93654310766125,0.5559371559364678,1.0
83.80016959867959,16.406140108480297,3.309047037509538,176.6898832372124,0.42654522897849967,0.0
104.01262649583809,36.92117991574792,24.30958796353835,76.80703394439932,0.8278916646783074,1.0
59.43098068401578,53.43682602126563,8.776593281846363,66.57471611619007,0.8946659610464868,1.0
65.1490839655562,45.33013207432662,5.991113325303626,71.71245878005774,0.8597496270528328,1.0
74.38731932608636,3.4679100519776824,4.02216894122263,163.21094436123113,0.3036315552200285,0.0
91.25146795780663,59.3881752943223,19.203433425275975,66.52918257659798,0.952562692968371,1.0
36.50733502204522,8.592910967283354,4.211245308759841,167.17991411259905,0.31701568746250375,0.0
50.459755941478484,8.612610538980375,4.768877855713382,150.48432768255896,0.08658817018582729,0.0
59.13808898529699,7.536096484591889,3.317578538398192,148.87283593803895,0.23445034790760472,0.0
120.36757935003487,43.24272665073387,26.966776480482217,76.27448037451474,0.8451234821105529,1.0
105.59964472675593,34.44410877805837,13.16774321848452,58.127385777489195,0.8838892965788733,1.0
71.98787964400344,10.228429917790331,3.21971724344362,134.36102662194952,0.2979304627531484,0.0
117.13551250299284,38.60389368254406,8.276324419606045,86.64791117715333,0.7789290397794293,1.0
158.6765545108897,56.561554405186214,21.988866706386272,73.99577278225581,0.6909788216233501,1.0
110.9083083658814,55.79266885846694,16.839774729312555,67.86798109987853,0.7649937727193556,1.0
54.29772145242228,18.3385739373962,1.6809572513635649,161.10253091647698,0.40717018696223833,0.0
118.00106204029355,46.270876133086404,8.668243669997246,59.315736828307564,0.8424980380943127,1.0
129.98737155118582,49.45765958411441,14.995737959434933,62.71722980978468,0.7862270399012066,1.0
62.16637950910626,7.167585478199086,3.0837287742061017,173.45507183703302,0.17740789054693257,0.0
112.10257177211625,37.22833318770061,9.846412133313802,75.79193517197822,0.7903145117766116,1.0
119.32184778784644,29.2107072566367,18.946762274597692,60.82135580434958,0.8016999346547904,1.0
128.17708709616883,38.5995516068667,13.924742445418206,93.3237208330252,0.8174042515367985,1.0
71.754926880972,19.085272797159128,3.080288095641541,147.36919194066667,0.34893042182758705,0.0
69.60717932560743,12.487944794975613,2.032460450514356,123.77771038174595,0.3667524905644025,0.0
82.17453069083362,18.25049021442004,5.806875005076255,164.03535316524622,0.3924415887426755,0.0
48.814464367963126,4.69858575733178,2.9624556871943772,158.9435079998261,0.24307316658390135,0.0
63.53228179244491,5.853787376615898,3.2360046180187965,144.3594074064313,0.3501403776254884,0.0
69.72132236680052,10.389860095429714,2.947225398565711,157.7614420354315,0.4312921188169925,0.0
60.08273552642447,4.743147297769573,7.755476170805116,173.1854726114891,0.37160367236715186,0.0
67.30465960614004,34.64861633967107,18.732820563766808,78.36270811173327,0.7469719355411446,1.0
57.95097311841134,14.873834273174669,2.7694966591941808,166.4612633295847,0.4530278641701342,0.0
54.33725913846493,7.837872818242223,3.981557340502576,136.9974140118833,0.1487791926852956,0.0
115.92625820208505,46.731734723987984,14.441469972383414,75.86491086933871,0.9331942074099135,1.0
78.41700009619925,17.24458523257484,2.4937420610777976,131.5607004212616,0.2828015933447984,0.0
104.08282378148343,45.92306223361035,6.756177468808589,87.13108126089425,0.834426203835887,1.0
34.314382414990696,4.794296485286508,7.609113914735731,173.43126457026116,0.3852076382713509,0.0
78.2390674453523,2.039982689041315,3.554204868053935,152.85526169528532,0.40214875494953767,0.0
46.871485700438164,11.184713774799082,6.616448956677135,185.35772853608788,0.4183357433984085,0.0
130.75658071418007,43.4651990019973,11.005177739981459,72.12729981460353,0.6713357083123762,1.0
84.27341710857259,47.494130474649864,25.97822628490224,61.51950234726635,0.7790349885491571,1.0
111.1074737211328,30.70689892370025,9.329875482952936,57.49658406895525,0.7818819993533014,1.0
65.85869549269127,6.814608367621621,5.055570395352029,156.37568425946174,0.29841356168977035,0.0
157.72865572507698,33.5625443376395,21.459681193839153,91.75120724610775,0.7231150735385008,1.0
65.74365461229377,13.866438264807117,4.728923921437761,163.41972345003197,0.22815326750411363,0.0
67.96339503005073,10.241778085272054,0.8597982992917261,142.85769512677533,0.316541971171505,0.0
45.18266330137558,7.14842400442234,7.490546616653012,134.73204021476656,0.19997671081204588,0.0
60.3965714226695,6.843776178874086,1.9981467445251693,145.31656130496887,0.20676989902901916,0.0
56.46594649359255,13.637531349504203,6.408994509517908,158.86278659966138,0.27244730487774477,0.0
73.63123210822928,22.362104784177255,6.1469638465652965,153.78149411203046,0.21958860020250143,0.0
55.43420549796186,6.505074702995194,6.630253884981668,157.55076443437596,0.37484813895751207,0.0
58.74026678133514,10.28824740530642,3.909740864696467,195.26910904453325,0.4038458758951833,0.0
96.14653520108808,46.87154128184453,15.50322587557039,68.20310276399606,0.9093198387636676,1.0
120.57978295847336,35.6130665426699,9.512389342607563,71.20795457347448,0.7651220337726056,1.0
114.97314599676774,59.61108841072781,21.44171180414767,77.94259830746428,0.6549756388529706,1.0
93.84492715479846,32.69724505052341,20.197056830574567,55.371813956925415,0.7722120105963358,1.0
47.266980555297124,13.648381055118705,5.7652602364398895,146.77658030786404,0.19448841278782925,0.0
80.28155762691213,5.978664787473219,6.8006224077442745,180.95991887209658,0.40353763813464283,0.0
133.56069740765244,33.52150035594479,22.812704483031396,74.05851178570336,0.6595534529416665,1.0
117.30689698226648,33.58244919959836,15.87238574030539,80.10886272487349,0.8101410348842225,1.0
82.55009258418517,42.27896669511265,16.123169030665803,77.68016875053918,0.8672109430611136,1.0
58.864819585958486,7.773760520968835,2.0772892941796393,149.12828916758252,0.28050860386361276,0.0
50.5702976772965,9.536471246430105,1.8223961025892996,145.30166672324413,0.31375546606654975,0.0
87.1986643094401,39.12815611177973,16.266362608638147,74.27549910851229,0.9734702971576429,1.0
88.43437973686802,16.096775971987906,4.674627318174817,161.4732688234141,0.30790076880282397,0.0
141.38676776916236,36.53719652722895,9.854474242315911,74.21341949746883,0.7461554327250526,1.0
77.79237191724856,5.79563921757773,4.826155866637492,166.97721235954208,0.32108413339707575,0.0
90.48754846571309,29.323000235598258,7.689999742450348,57.467219970578434,0.7837213009948916,1.0
65.11601538930854,9.028947122912008,1.4134515211477776,133.46155659371468,0.40979026315457334,0.0
125.79332647298314,61.02922829464029,12.449845095395343,71.93394889696587,0.8030964744725412,1.0
108.31140020211623,61.37144293735013,17.42779691605739,54.33207909815116,0.7331779977225358,1.0
55.683312461277424,12.726327104197733,2.8930022902401578,128.2480599995721,0.23912888526064988,0.0
88.68262743521122,32.360112422725194,21.54899264968842,75.43711647926914,0.9181091052702443,1.0
127.29449364864809,51.44861424412429,9.974555644544742,59.61313804908597,0.7412256380162799,1.0
50.15278340955906,6.539098596119258,4.06333428631144,182.36335940763868,0.22199649829709256,0.0
63.45346303966309,19.814127396296698,9.163346056569416,155.35671435766815,0.22134253523888198,0.0
16.8159876969178,9.496175124001113,6.176896152456802,140.63173096162,0.46279074417787514,0.0
127.54257372627899,47.99022559874075,15.068658469298793,74.88249464161485,0.950045678655167,1.0
36.38386177037219,2.5492301859250377,3.156787561628277,180.81093393642644,0.25041456704178283,0.0
108.82227164997687,29.067982003037113,5.948653356400849,56.36413063984376,0.8811169320622315,1.0
55.64230630038457,15.52510582667317,3.931712334406412,159.5031222573228,0.2939472718922204,0.0
32.02930399033556,13.340889608765725,4.569996866382102,138.8818324636908,0.19033799291411416,0.0
114.30604550073734,34.14205520601488,12.5374199732819,59.73166122260372,0.8335205586572956,1.0
91.61874657602499,55.98625185912583,12.843671475046907,73.9844684702294,0.6740267990433875,1.0
76.85671772354631,7.056130355144757,1.563902357546041,131.88846669023667,0.29877537312933,0.0
108.69023788950912,23.195896637385196,8.127950151485113,67.86641924361284,0.6457639742048074,1.0
43.08935399591587,23.756007958029507,1.048813723837696,172.8390544371279,0.46615150595504307,0.0
39.187331206570725,4.6563589896599344,4.295964840323119,170.1084294142026,0.12022060953228497,0.0
117.63768667970574,47.2047246482935,9.05990448567413,64.65768273371245,0.8579445358223986,1.0
97.5185936309311,52.91819404839909,11.440965132181136,74.74131696643448,0.7506938845907026,1.0
116.29240790069359,56.86936723130968,12.64558037155479,66.92786357841291,0.9261486778125689,1.0
87.20735986268193,39.85841312096437,15.534889510355328,83.28346085882913,0.6918720705365174,1.0
68.74857810340946,39.25989640215396,12.725606896739137,60.951926692764346,0.7138082537548025,1.0
114.89989892048081,37.602513727440815,17.726032541566607,67.71398920699033,0.6914804571659129,1.0
72.5861111200383,6.601649523658407,4.486744960239112,161.29825142926728,0.27726238836516554,0.0
71.91374890097934,11.214937697167542,5.29269844275523,153.4857394530849,0.41776947669371833,0.0
104.99857017854046,43.8534300777645,9.329009945365277,73.28436999399976,0.8011628690276832,1.0
94.58110283988279,5.2405472729489135,6.08562787135414,163.87449605986487,0.3836345756460663,0.0
94.74666502978991,44.00292356346493,13.452833696153256,48.391507560453846,0.8210702838511759,1.0
58.72533221486819,14.408421833700213,8.114071458439733,148.2578518330185,0.16733850403631362,0.0
129.7927416098547,40.34155273389408,16.816496008874623,61.42968521830767,0.7859060059823557,1.0
57.41729460873774,6.637923801098994,2.998131411778584,155.6277779703577,0.2565022040080484,0.0
70.17894640588229,10.220687982785368,4.590608961837175,155.2904365112673,0.336487216005109,0.0
52.7386147283509,9.946291309339793,4.195595581778251,168.4229153262997,0.23815859207287,0.0
63.80392262636266,1.3775940430253648,3.882556126318936,190.2579562026638,0.2983240763946407,0.0
65.7156764652551,11.061933160662825,4.53058244478937,132.5573417252059,0.4493560576300295,0.0
43.47113091188744,11.184589910986489,1.0639160775734156,154.44886976616843,0.29472128470041237,0.0
92.05655006913139,9.08711977558678,6.270504167766134,196.65275100057994,0.3904519811696922,0.0
99.42514172753566,38.42739034174113,11.811198664425389,72.73308417168292,0.6613810755605367,1.0
97.34006757132866,46.194448468390526,16.21355965811275,69.9509200744145,0.8092687977207346,1.0
57.17153453127607,16.292094900548744,2.583832397723742,127.5743982127295,0.15657469840195679,0.0
125.76954173501142,38.10852478402287,23.286906031370478,44.72784114176142,0.8971251501244956,1.0
44.64771549474969,4.335578781019416,5.174525655552108,166.92653450058873,0.27551737846130214,0.0
64.29618545428407,18.378501751738817,6.129583575299003,148.63973664335012,0.2443979524495678,0.0
89.26920723690237,50.76143189550078,-0.16834325208517953,65.01230170145816,0.9866096632799645,1.0
103.90015347147141,41.684897606517524,18.283913228745202,69.63114249859332,0.5931932299753176,1.0
82.59321549598576,8.91630516214279,7.180237880893398,199.275252371285,0.37712737781064565,0.0
56.82384585012776,21.819148297104434,6.086286178302266,138.36153445448178,0.19645139275684653,0.0
126.10833378935067,26.81661540346638,8.43833614062826,77.22788145054935,0.7469641095940315,1.0
65.47374449883728,7.234008529261507,4.767811556678397,150.73173072120187,0.25364022602257785,0.0
109.75182993718562,44.36181338316747,9.744625139069887,48.32063631822086,0.8083014526046706,1.0
114.25911097185684,45.11961213531032,14.218895290301774,77.46628249590624,1.023170485289605,1.0
45.398125297472696,6.468861978486293,5.568265261782821,143.24487379646163,0.2645902874488383,0.0
64.11266126449293,12.34765432612796,1.964712566932917,186.0874123094115,0.4857443270528429,0.0
62.19948911869132,15.630672306727389,5.520853374160642,130.8653958478674,0.27199284969073934,0.0
87.52169470175865,8.065539047015367,4.519002716927599,123.8390712825359,0.18660548727999382,0.0
114.30557670344,39.249759951273894,15.967928178213482,68.38540125480637,0.7776046292581575,1.0
110.0923772548665,22.448252303096208,17.20256700031837,66.55345276768577,0.8122441013430813,1.0
108.72073666714493,52.544279616649156,17.608939663484733,88.89696165670225,0.7064370278663472,1.0
62.33095614009104,12.447816110991598,4.8898787094160285,139.20693129097862,0.4963291045808281,0.0
86.43102869048967,31.79775268723977,9.34329098158752,65.58795593119918,0.845626514302808,1.0
55.817849622077745,12.292621362886909,4.891524834808493,139.0946637183688,0.3684165417828419,0.0
81.31560186727448,48.424537596665914,6.128375739666938,70.8402570084572,0.90757462719154,1.0
52.325161046716616,4.472105479176683,6.732838616518089,145.2928746914582,0.3756335384852681,0.0
45.579535019354864,10.296763026067943,5.803612606011716,178.4147242138227,0.2713538714808119,0.0
130.5454622043789,38.02574801455787,13.820723703060313,43.716826885894655,0.6595281133034999,1.0
54.199179017718116,8.897787699556169,7.661349030701455,158.932032361029,0.38979992298809446,0.0
47.15130203143454,7.692226118611773,3.583004719856672,150.16262636421882,0.2853434522377585,0.0
119.27399355967495,28.755713472046352,21.591202005747377,74.52905209424165,0.8957926092374061,1.0
58.887578642061314,7.779232255285452,6.2663784446582405,148.67679334000616,0.31937181757275596,0.0
77.49194535915275,6.880702060572224,4.0734791157208,131.81821908557924,0.14037647925526048,0.0
46.21465222968844,11.056945095413058,2.5090315429569743,142.69503914849577,0.41736988596667723,0.0
74.66962040541226,16.292618162669935,4.1794455835154025,142.46088278269448,0.298853218337735,0.0
108.79162808917107,32.319868878786004,12.184456101081617,83.99191848978558,0.7932580808738026,1.0
76.60413485428562,5.617469427352567,6.825856886948303,173.9100505733001,0.30886999236900675,0.0
108.03627017661837,28.06725452523743,13.649360674439537,57.2974616584641,0.7940202223183969,1.0
132.6816887658945,47.66307122770784,6.727054896117654,63.659417091711646,0.8520942105820787,1.0
123.43733705217196,54.35814873605388,18.557448478406478,74.47566187776846,0.7608369333605741,1.0
139.45077204221099,37.08425696886337,10.745871730959173,60.59706244544683,0.8031432139346976,1.0
87.62360043569993,42.42131402233063,16.734160389709864,70.55574079785903,0.902959082728496,1.0
67.25032237475148,2.2632099550830755,3.4163975368606696,119.60675865414873,0.3472210245603758,0.0
92.34581928961597,51.94927101878319,5.9303562143019395,61.332814505302,0.636352418775926,1.0
18.543120839080686,9.59570867447538,2.985490294766228,141.85691932648643,0.3657589069813574,0.0
55.88546219029868,12.071961971586918,6.288939605064802,153.20929705161046,0.24513391882187055,0.0
71.8002690075313,9.231905999234666,7.3148811802909925,123.74463306016405,0.28633787930353405,0.0
53.84527389178198,13.67467756781505,5.72869446680158,169.58279082428444,0.38634246349356716,0.0
52.236076428509094,15.382697603407669,7.5221059504004195,168.61496000739044,0.2554815987276644,0.0
76.42448351179382,7.1516490058130575,6.772434024697692,101.37523999181785,0.2426911549240652,0.0
60.769388701524555,13.284763020530862,2.2882598781379055,192.60323636093077,0.32876607275164654,0.0
54.69567443230838,7.737040164930993,4.80108421817077,151.75947286001843,0.39623746081821415,0.0
132.38629523768805,36.34568742702258,9.841902585475239,75.36700736234545,0.8414406502383045,1.0
82.82595157453963,12.226114058837137,1.2211162888162455,155.70416237322897,0.36482558057952613,0.0
144.98866006240007,32.77569997002833,17.645710228739997,70.07394548072587,0.6834863528641636,1.0
53.65602199370637,8.799757330841896,4.844620266028225,100.2665254712575,0.28143176255755437,0.0
115.88145205508233,65.61795737950018,14.845384086564476,75.87997454269002,0.8025546998300219,1.0
119.04653399992775,37.11658026280035,17.876435206490807,75.51244858948778,0.8441509227683572,1.0
64.89447286184216,8.168773980257871,4.6260054371128865,129.43552016739946,0.23254903638104374,0.0
59.510244776671044,11.22374839447029,8.254165004904687,134.04064873461488,0.1839759201351875,0.0
67.82214797080411,12.689922532381953,1.8826539840527379,150.1902389909409,0.28513028392278195,0.0
80.56971595453113,6.312892096518655,3.687398624801154,150.59533235096708,0.339275023877202,0.0
61.710555870836004,11.619188345882495,7.404398557996334,128.2311034997321,0.1799681899442372,0.0
120.14272334771545,61.46362344192531,7.02966876272213,77.01592853008945,0.9377280993155964,1.0
34.873828100390895,12.869107880284123,7.798904249613203,119.90554728305068,0.27797950762383467,0.0
129.97616519702314,39.686115881919584,7.070666833527648,64.93796419463018,0.9917295259675585,1.0
72.15849790238182,13.6781478643639,9.534199168558494,147.94522424019667,0.33832538523620853,0.0
173.17476386021326,53.087847480591996,15.474465882987072,57.64596364711298,0.8493168179346511,1.0
58.89528317245594,12.269954908920544,6.528362968922904,148.4623159667087,0.2739969317396479,0.0
119.0418321556617,52.28779321237076,22.67408555633446,60.91223424356812,0.8309022432643812,1.0
30.048823675639188,11.376409568579817,2.8189864621553915,152.6066187243246,0.21835515572423692,0.0
76.370398941073,11.573447226139415,5.951412658619948,172.28796657743683,0.2474399256853571,0.0
78.80516513166684,48.89593851552225,19.06173844142198,73.47271417304461,0.912568658120342,1.0
108.53646429474722,44.18024668508055,17.988747472805063,69.57906684445032,0.9991006750051947,1.0
50.229110987459066,3.9543388520869343,0.8952797607808769,143.84295280283925,0.2636710214511655,0.0
45.66878168507982,18.048211207188146,4.818122663933363,111.12278632135298,0.11687762565152399,0.0
43.57333149399122,16.34725085828136,6.158654502122202,165.71107674831566,0.47217440322918125,0.0
83.38149003714507,26.692046726898557,14.15538493148071,69.86220140520615,0.9484696161607109,1.0
88.96281409785652,39.21922933720506,14.919659545108104,62.89976629988351,0.8998413144176406,1.0
104.10113062336801,40.13540183730159,14.191831611896129,76.76815890854452,0.7386853493969212,1.0
137.03000554541774,48.46749740077366,18.97342827187313,94.58116757251156,0.7686268306024504,1.0
53.18792222151479,10.142610771030096,6.46447807552703,143.85467561194923,0.1583301326255099,0.0
94.7863125136692,52.367314365276876,20.59445994230249,81.56610704048501,0.8074729958358727,1.0
67.56963371562198,9.003969191467853,4.958579891138848,125.81772027124589,0.06374961356002562,0.0
37.963796387023635,15.291564041984762,4.676980482529731,131.84675096596067,0.03313152947722964,0.0
115.62182972165654,32.82567952066425,19.43798836245349,50.050482292608635,0.9507367613393755,1.0
88.92042289079451,45.689126028743665,22.7850623309523,68.61691590051994,0.814090408362659,1.0
87.77116181698752,11.532721103461878,6.2633466095665735,149.907114480449,0.4079426160153976,0.0
74.16534175415133,10.97855045911925,0.05960429887013152,123.29067917798497,0.38908502351840957,0.0
50.90152578321101,2.933828423255406,8.564469859422767,129.87028142516343,0.2784123437541962,0.0
44.54054179767184,7.598183827491848,4.807681854610513,120.94005142071917,0.13787532409058773,0.0
82.88056086857627,3.397197252247568,9.421242680786598,176.9819358063308,0.22413312556862144,0.0
134.94188188321826,37.361406239186806,13.708844300469261,80.91205712363502,0.8594432592612316,1.0
137.83429754239145,60.560290285601745,11.061778115606472,68.43249046933066,0.6065894067941469,1.0
130.12999519101928,35.83017584795726,8.443952385108364,70.3726749243474,0.7113596670922872,1.0
62.18910883822143,11.308533433661198,4.197385070881472,142.7842538917627,0.20948732755638594,0.0
57.677757950491326,9.207536533739443,5.135380137742021,181.0790177889255,0.18163282247814638,0.0
57.32111474091216,9.639869705787204,8.377054955400283,153.58492755265476,0.39830915434101755,0.0
94.59272457565994,47.16044119149236,9.13043041311491,64.53995277872589,0.7200708403380953,1.0
50.66580305772378,10.413637622142977,4.742100844692306,147.00076380987144,0.21394816748532025,0.0
110.86460477665659,32.09887497018777,22.079298279773884,71.90332565426115,0.8528687222850506,1.0
95.88408336814302,39.18556728271591,17.45052957171502,52.192508712558116,0.8954273602711984,1.0
85.47937248863876,36.12418988740238,17.290677557431714,88.36678148478772,0.8217982986701656,1.0
62.680233830938874,8.70081061804022,3.900052097062048,166.55794384798654,0.221711571071325,0.0
47.307619617121034,12.087252214777848,5.660909280445204,167.217646546304,0.22995032444855845,0.0
109.65422542466148,60.617608594836724,0.34803118925521126,69.08510069247852,1.0192645272018692,1.0
69.08143319326805,16.132224730829893,3.7273711214264864,150.5561080951536,0.5176306994937023,0.0
96.59185364323304,35.61863947839643,6.980020636994347,75.49183842168188,0.7723972411701127,1.0
70.17179777690544,2.8856626733735116,4.703493958979553,157.0694044314139,0.22075383148994845,0.0
115.63896871177617,46.59928157120805,20.03261376024753,66.18264053189468,0.7911147696215677,1.0
73.69814973276765,2.1496412825328326,5.462722869469597,140.0333921209794,0.39239875492027365,0.0
120.55297874836268,52.409312262258574,11.698573680287092,70.38968167862208,0.6893818326169401,1.0
135.57560737405038,35.72082077512939,16.50909981240486,65.84599485899047,0.7281378265875512,1.0
125.94340481419812,48.61612669788214,9.583455196392382,99.66873110992765,0.6436847551736156,1.0
114.95019714728588,44.07152875511163,24.870830099735134,68.06988019623778,0.8249047999262397,1.0
75.60195759967017,9.37491222250908,2.4975007097934827,186.02319080098374,0.23477460493420677,0.0
49.909189142130366,7.624640960029145,5.176264919103948,142.79912471392174,0.20510442834435194,0.0
58.11307009879991,5.477524758234827,6.664225367970152,145.11325328435873,0.38598267455834545,0.0
37.445386981480965,7.240744902668929,8.174624191524352,174.11926500072073,0.12437746708248715,0.0
62.4261916870852,7.644397334164912,2.7038549841378656,150.84183989297446,0.2886178884523891,0.0
46.80918221790968,16.686372451770964,3.671765199735222,161.78496394339416,0.3527908866996071,0.0
100.18547951843189,29.88918042217427,13.918138847797154,58.189005193078216,0.9528824118593249,1.0
92.17594994410649,39.77355208762931,20.079979219389596,82.0558834920029,0.6841678112612578,1.0
56.160866179071824,8.382158594795937,6.946171045285762,131.2289234179168,0.12601385144425697,0.0
116.16795545929841,43.92609712762672,14.32580389238869,65.62686043603111,0.9428693989143975,1.0
154.55069662719018,38.984560854945954,12.255136047283886,88.85797922856347,0.8191202554034424,1.0
113.48413254163643,45.08722411042004,14.209377419627696,80.9515899030612,0.7965682049314521,1.0
81.78182325617476,0.5494738473991507,1.019725733620246,105.95100937060948,0.23364357125202595,0.0
91.86652026281664,32.77713399677637,13.679551054501598,64.71329417069495,0.5387694396013754,1.0
111.91698542710279,43.3474452553625,12.197003484466377,81.70289393672256,0.8081322927420378,1.0
81.31663767076023,13.960241458036107,3.8675452720732872,193.9206060178857,0.45798046094164047,0.0
52.67718701022216,8.796730990537128,4.896708073022567,169.0556527977858,0.31673920882803264,0.0
56.306443027712774,9.645779433214102,1.574351911390997,134.82707709640295,0.36931984963828457,0.0
84.67184560726804,7.0615140241713545,4.603722517611355,153.67544216743286,0.35554845133495616,0.0
68.31849472207583,10.15980211591241,2.1562447162316287,199.30806242622026,0.32662885602455655,0.0
53.92288630391215,10.050169479165755,4.30926920345552,184.7095976906009,0.28823948491187823,0.0
87.79271242224979,46.98688401743243,11.601579095119792,49.2779722015,0.692702505414943,1.0
134.01079578552938,25.191359144057742,8.017407441397932,82.26882129486626,0.8572485962047427,1.0
77.33458532088349,9.515037978815554,6.2146869845534525,151.771640216123,0.3274912646559166,0.0
129.99667156695932,36.742457411540016,13.722452071659681,84.63151750535278,0.8430110903835834,1.0
74.0443939549444,14.123961851280914,7.997540239419897,146.88653077675397,0.48728287529839875,0.0
45.20512393710135,6.4823025182781,2.499943529786098,191.9346179069018,0.33656349010555153,0.0
61.81408551143776,19.53930611540977,6.37343549392925,133.44396545635774,0.3441351526832681,0.0
44.40241576549068,10.025440059105733,3.944907084878949,174.9656248479467,0.5088920487980618,0.0
112.05587982838058,53.6746920765806,10.660468194565228,66.13741778138662,0.7606914946434766,1.0
50.573105339913916,14.947071302557486,4.23534765784011,151.88422927740345,0.2618292040353592,0.0
61.523440557992515,12.066350926719204,6.041167125174058,152.14965389243696,0.21459763951477373,0.0
117.9169713771098,43.044406704878035,19.23398849680771,76.56916537871997,0.7418147495005336,1.0
58.60949341667466,6.339438545738211,5.19073050813105,161.3741468267288,0.30284536006023666,0.0
63.81588306763297,13.388880421707306,2.411077221631111,125.59247642329385,0.4266697956749389,0.0
105.65928147469506,41.71758412760837,19.49268407254876,68.73564938469201,0.7033567448641914,1.0
124.8084022950696,39.41627607881604,23.485728236531372,54.853273700646845,0.6778780215246271,1.0
73.18252783249197,3.2942163509267886,6.3044497369427965,206.87107631852174,0.06448963987153095,0.0
129.45563228557805,46.11568311971631,10.64459796766851,80.63240977278156,0.9531491931208413,1.0
168.16197256779535,31.4905704498902,20.958486474558384,77.5101057407979,0.746467933861182,1.0
63.140450797178055,9.061288843267194,7.551250235370326,130.2827698874086,0.45576614263652404,0.0
112.10105128320963,34.875584158137016,10.248372611153092,57.29842252681297,0.7354494464022442,1.0
56.26435518186753,2.2129970773822984,2.7028823438906318,122.57734537515195,0.11901660713946899,0.0
90.16329750444659,46.99373851330916,11.48354176981082,77.49782286249274,0.661596557740344,1.0
76.9628532397983,17.256603313156695,5.579494847791172,142.85831179980195,0.3054638224515793,0.0
97.17739907483401,22.41022285535309,10.422018948145494,75.67708522765919,0.8849956686957037,1.0
35.41565684718678,15.521629196143639,7.400812648049745,134.26521474072345,0.2877711749479017,0.0
50.07025595752175,10.270725677747675,3.6932146673919144,150.16891573042938,0.26527126603997897,0.0
112.4122480552715,26.861644976315315,22.334303333170812,65.53205901857179,0.8139181519414803,1.0
43.668615256723385,4.811004738955308,5.685092862459764,112.9907803305657,0.31040585706574464,0.0
101.47957432089918,52.651410180658985,16.900490740064775,73.07793039745636,0.7983556159837154,1.0
44.173807779668955,9.088055899115743,5.065183088221963,166.04962473711385,0.22269705517732308,0.0
49.35441486742459,14.876003790670156,5.5096020797882606,163.5080495587701,0.33564850484661296,0.0
48.282879401646,4.328648261796321,8.1427507503819,134.00457712233688,0.3917736015755536,0.0
74.4431935852735,7.41125678866121,3.603639177274951,170.9258891749361,0.32815524436616095,0.0
67.40830328076014,-0.579125547327175,3.745005287655644,151.75337643177934,0.221102323795344,0.0
94.11086677326392,45.50090833063496,10.342456095848135,87.96896426403839,0.8349756623229494,1.0
74.79906196822249,8.703845232137938,5.9585400518354055,182.70078545304366,0.2727558266778991,0.0
86.06543824193841,19.080025271913527,3.515051730642217,134.06085987052128,0.27695970201378156,0.0
44.162144618688444,10.171033121867127,5.370182884063752,139.36792172314262,0.09887565853485725,0.0
67.65563976473015,5.360297679711088,3.855352474923114,135.77367218919963,0.3795958888973001,0.0
61.87687974188996,5.831974309224864,6.194751620476634,117.16609017843115,0.2575162782001729,0.0
133.95496440580658,24.393580027263305,22.593050700140815,73.9145300910869,0.8719417230427273,1.0
106.97004979304812,34.45002253018033,9.43473537040365,60.52748928752932,0.7970218220770103,1.0
54.1638710299087,11.413645885219282,4.325473265746806,179.11562119719053,0.4490334368665956,0.0
85.37401606462623,17.7865219915903,4.42485007298418,172.61957784771886,0.34814299521325964,0.0
72.25569768217437,40.38048014878277,13.149609573214804,71.20462073985682,0.921625445190439,1.0
69.56101400287787,2.061188004182805,5.536906677839429,155.65338922851492,0.41542648148755434,0.0
112.98010508796871,40.45742657884028,16.37718801180346,58.66984820107133,0.8375876570021776,1.0
48.74653676166699,9.899757605080847,4.813462791284952,138.1507225025552,0.38531547593675847,0.0
44.149980934833074,1.8445447405824371,4.251026048901531,147.11196597767943,0.34011528705093,0.0
59.29830843942536,11.520925109776307,5.750245381891128,111.84763511470946,0.1954152150524136,0.0
68.33599369092194,53.587582560003625,15.94912909589859,77.88529797650364,0.8482507183596829,1.0
76.56173349086048,10.834862004672308,2.5315606320656654,141.60787870238772,0.3381239156442121,0.0
51.525499571768506,5.999078817169854,2.9263203603730874,132.2797446901709,0.17026235380536234,0.0
57.64889928072531,7.740099274461171,4.699790396952476,111.23064019648146,0.14668716079812444,0.0
122.05374809088019,27.00870879496481,10.069248485086078,87.96844906860929,0.8033024370219298,1.0
110.58752182022278,47.23792180525439,4.250585719553028,68.0544258892518,0.9602274212854014,1.0
34.32961377754786,11.063479161919192,0.8881839925919488,181.37858964619855,0.27509870824852306,0.0
49.73584725623236,14.428782984630615,1.578958383012405,152.28850895527674,0.09535514568674072,0.0
81.00356175309315,28.06697912293378,18.922884137160146,72.187661720085,0.9313048928039191,1.0
26.111896842365283,5.143969775492769,4.306570603967375,142.97544917864474,0.18237563202603008,0.0
62.23237259496411,7.199165375962075,7.556972491748683,137.18002615524156,0.34959073927710055,0.0
70.92591778912113,9.34774299506844,3.6246157399854306,132.68606704469653,0.34748154262729375,0.0
65.36501254376746,3.117242274888392,6.749577663489005,165.31202867986127,0.22508866357720755,0.0
141.90468939071633,29.406728051251708,10.385052530061877,81.05871763434395,0.8390309213963754,1.0
86.70433523642686,31.40008128523066,18.80666610025017,72.2106639933064,0.7756856592368784,1.0
115.50539985076826,38.32085138928283,18.454053914275676,76.56761921732155,0.7407892014325611,1.0
114.19775043213433,38.44232735695846,13.32158417300305,60.778375810835215,0.618369536765875,1.0
120.24835707333753,42.526430910343215,15.956378172622225,64.10928932173903,0.8482326284253346,1.0
95.1372139458841,40.864059186813556,11.912062649388506,62.81273203136912,0.6358986949912188,1.0
51.92159348989692,9.49044755413117,7.137684870911633,183.50593481870146,0.21937186390895053,0.0
56.18053842830733,4.699153596087539,2.304428649513353,145.81468978518294,0.31751191847043114,0.0
54.1169861695891,5.812913809730215,6.661769027620861,194.05718256652725,0.45926107843579006,0.0
146.2468371021847,39.173568145671446,23.642615822577326,87.19076345572665,0.8129152996741292,1.0
114.51303764498986,42.01007459585313,11.780009655510174,76.13981396196763,0.6536701092405077,1.0
120.43376369073883,40.65167715071732,10.135862364712189,66.14203196201602,0.9432029218580499,1.0
115.25267136232341,36.366912554669206,14.448243070940109,80.5192995688613,0.7954945115392276,1.0
109.8851292532341,38.48796188300205,17.23264969689623,65.92225434305395,0.7959420396050302,1.0
62.353761916998586,7.750067111765385,6.418461338550269,179.60528766397988,0.2618296454056025,0.0
116.28377914742181,54.44142619448475,8.88356414021061,80.45810086319712,0.9693946005592403,1.0
126.62406342873695,35.104025871945225,11.965843851721957,65.90892624325201,0.8361451164443303,1.0
129.29087609554577,51.26949479605652,22.583515241265104,68.8103451589397,0.7044529686173114,1.0
58.02890812260437,9.190034914703048,3.539781986455444,158.82221454097834,0.3502479316529224,0.0
54.4215521720972,9.179723577590583,3.25514882212983,142.9575949969925,0.35044803857079027,0.0
96.68075614937246,57.07637238881529,17.95564440608479,79.40766582321403,0.8145610428854356,1.0
63.41500743469271,3.3235940004730677,8.812103169032405,167.84817194899824,0.22851247044725104,0.0
70.00345222945126,14.037685655717706,6.708856533195076,160.43002469803085,0.3389627342404511,0.0
114.99432132354619,48.89808729541571,17.33722408481554,61.32875296525169,0.9454117148620501,1.0
58.10956408246033,17.271689489822037,4.719595017700548,154.063220654101,0.24480711181964085,0.0
116.21538682761394,44.70959093220947,12.862318310457422,78.07742787297438,0.6054835392090564,1.0
96.80305282764301,59.2803846831985,15.386522212726717,75.11937788179178,0.8547557890417358,1.0
52.6933684170738,13.034884342068988,4.408061071422471,153.61208688814108,0.3682459938175616,0.0
118.38759161226585,54.74345635063952,8.56007166953166,61.56912399536002,0.6462216382139082,1.0
86.80405390902217,32.074822729528194,17.591911320263065,70.10779890694891,0.8312466293021059,1.0
112.4318111607715,36.826270688451544,16.51602997166115,78.66212130686648,0.8688289506989865,1.0
59.29927379444987,7.8017411297433465,5.120302833517173,137.8647597319533,0.2845419871414749,0.0
71.73516382979903,11.366773147135298,4.740606069574211,147.7682203468635,0.1641620874501138,0.0
97.10962835685405,50.096445608836525,14.691089343909342,74.54890187551815,0.8494744503423771,1.0
117.83519595733502,33.720990814355126,19.15716459679115,54.95105708983198,0.9668218992940174,1.0
105.98636052426127,50.300431048642864,21.62325629951804,64.32696734094661,0.7886664870601917,1.0
93.10888870874476,14.784364679795914,4.471367593098372,150.1910174072206,0.13753145431735764,0.0
132.00681329100303,26.650229725114976,15.184065859386694,77.83301427115288,0.6019011651405214,1.0
102.52702074609915,38.53341488683399,8.10550922881902,75.14745376337723,0.8204887956379583,1.0
61.289429804255484,14.032944931498273,4.888161758843923,148.91543568283683,0.07429103029962686,0.0
113.39773264863636,50.200752167134986,20.908592104678075,63.11619443230036,0.7151145961950114,1.0
44.07258382630097,8.434300844733,2.4763607912899324,129.0550399307196,0.2691007571003919,0.0
94.53853992666757,47.08173628052131,14.19777120927531,75.93096956771208,0.9861271229662617,1.0
64.99258252170193,52.07080401327663,12.131766126764727,74.88002249090592,0.6663113109111304,1.0
51.971699464525734,4.347584735963475,5.4374828193160045,163.2001128714128,0.3113094924139093,0.0
51.07777689733058,14.392458791681666,8.711255878503867,132.02349196779863,0.27627708318198924,0.0
129.33714725386454,35.84679541499502,16.905274240407586,47.34563331805474,0.5816544569242611,1.0
126.21362566351453,37.39078970997163,22.05353925164411,53.00276098157367,0.6708797670250766,1.0
76.73424315343081,7.237046506223448,3.7973952382390164,165.19052051281335,0.18357493741288589,0.0
50.71821635555898,16.033462679233054,3.0122397665594054,134.07078589951615,0.15418818149803162,0.0
114.56370944071448,35.58931011458495,19.014680094391217,72.5398556159739,0.6996717587094045,1.0
70.8867490856959,9.745285394699518,3.868507168229065,134.11533538174555,0.41418507867366183,0.0
54.78456126465525,4.289281286483305,7.959363930698103,155.58615413337034,0.26159403184942237,0.0
63.83320919215204,14.162219020684574,4.766462626396763,153.12900450987578,0.29097604781922903,0.0
62.78353374727509,10.931506508493994,0.5250106807153836,159.59798651630504,0.27147118771117207,0.0
110.87924630128396,38.22822087637621,12.186108788063247,62.47340924145359,0.8140332625063325,1.0
69.71194740670633,6.271460844719032,4.705641020468083,164.3444375071153,0.23575480344950944,0.0
113.47061254563285,26.868025927089477,15.782136707114322,64.30879507813331,0.8730973794927737,1.0
59.07581091821087,16.29413109949211,3.5511736897469657,127.50320911531948,0.16550927459771528,0.0
45.378504521295866,1.0556302197784078,2.5295270206474196,135.7352490658405,0.4024080485308964,0.0
68.62961018546727,5.240863132065808,4.054300716276438,148.76347261532214,0.28339993895727056,0.0
106.963703144748,33.66179122126139,9.292382063206116,64.80574006410384,0.6908670250472804,1.0
110.04723109838966,29.38405252196026,11.040752545025557,48.61204379729706,0.5946560311909098,1.0
123.58174245230465,39.99360301304274,17.6326472288249,78.54905265157123,0.9218508149056931,1.0
85.6808757078991,12.453329055030835,3.7466798982943392,168.52766324220178,0.3258448619108998,0.0
44.59510946053554,4.132530527156105,3.699060888702305,148.7023916092618,0.3688152459256053,0.0
102.36590280353384,45.787849956555846,14.39680959608211,76.09138523088501,0.9101084255685584,1.0
60.52908306834837,8.051569471518027,9.413276567034508,148.9049331076778,0.360467577967454,0.0
59.89737528228882,9.80260407798962,4.666052685205541,165.6458636146124,0.33018105589428626,0.0
61.90855949404881,9.314755216114456,7.7218828728938025,190.20966296422833,0.2096784958559182,0.0
46.55945681659706,11.782627778933723,5.549397757293159,167.0113037409948,0.21537741644456856,0.0
81.78021454980929,47.6848820418847,7.35080838946098,76.74818478548761,0.7948693306066777,1.0
39.032357182414586,13.81318344309657,3.731117323071255,127.34578128509568,0.061956584449981145,0.0
77.44538399329429,37.11268149778369,7.075257812877677,72.713645677227,0.849111686085752,1.0
69.13116871405549,12.833573269611382,8.294877709669185,139.2817163418639,0.35303068569048196,0.0
88.9608837630023,4.57549707855714,7.309165655011498,170.36839342595005,0.28865594295919805,0.0
65.93209279899882,6.84625941830167,8.374712327998306,148.34702753232042,0.1707841457911623,0.0
54.893007994667286,18.074232123967523,2.832184092056619,142.7193113275955,0.2905360058014895,0.0
82.33811362697494,42.43144651603938,8.027212795775956,76.12624715194323,0.8001389285940976,1.0
109.51899383428893,32.67480490099334,-1.7003568888974918,63.57549162751701,0.7597434157964138,1.0
55.612498425147905,3.2151389210571777,4.611553750487662,153.71974519004613,0.3764439470922357,0.0
118.71017572468153,38.121002430728964,26.017217178207314,65.44475432452568,0.9315934578296571,1.0
106.30905044843189,43.53108598667968,14.93837377491102,55.61878433254938,0.7533635090896077,1.0
74.846341566098,8.137625868575412,5.8873627959217645,162.80365725460493,0.22224691360303112,0.0
84.08845277666003,9.819631524692667,4.57179861310588,189.7922665530628,0.38231481631041564,0.0
133.38386387546515,32.59760012572035,20.709016123831276,63.45116122902357,0.7830107422998815,1.0
48.13047800778395,6.9207258694669855,4.202312016046572,174.13035261237857,0.09893397179698182,0.0
50.39489974218206,3.5409257591602223,5.3283428179643275,161.90262690353427,0.3034914906098631,0.0
60.177761823699605,7.192141252312113,4.262483673631268,159.0633455840963,0.26909578858353533,0.0
52.82794864326825,14.642685013608004,7.036448921842014,134.61342624626485,0.28477814065050155,0.0
99.60333084388523,44.760044686961045,17.33565341186878,69.87197831255182,0.7109946925049679,1.0
57.59532279728355,9.483893364478211,6.806677507448292,162.82831286546997,0.2530399988801895,0.0
98.11435448175405,14.205555931324723,5.661508099268069,135.53737970322854,0.40970909638772374,0.0
66.13666238337106,13.212266825114156,4.761436263683637,146.23565426897164,0.3189204142953121,0.0
123.89728258225783,39.01347478112718,16.927725702670703,78.4240986453999,0.7764214402415734,1.0
95.4085163638944,44.10640895434998,17.701814305900967,66.82200674737831,0.816124574140797,1.0
139.06676687271755,41.83972051445866,16.27686514562105,69.79564988909131,0.6779296673851302,1.0
122.59660700304991,39.73326015284133,20.74062444733954,65.0547436912186,0.7946635395262945,1.0
76.10907265356931,8.659473959111034,2.76977932763594,156.97284283751375,0.24175409661919517,0.0
97.43883479888515,47.74616847170051,6.020698652848807,64.84526509960227,0.685135920401616,1.0
50.350287483264914,-3.3871467482377593,5.663963693032198,148.6956420733161,0.20098771035263466,0.0
57.71183618933629,3.8471601989514115,0.999334824377411,123.3678135670257,0.2813505500262988,0.0
36.76259970766448,18.83131008833979,4.885297932175058,187.13338106561702,0.27517518901728716,0.0
113.84995150463126,47.57551628081327,12.69891296745786,55.02175705021436,0.8357172905149142,1.0
117.06394451823174,36.75041755347043,15.302289069593042,88.97413492895208,0.8958303480881213,1.0
92.8854128793497,49.255617318229405,7.359817940849499,48.74035847245759,1.070878582655364,1.0
72.05144842736034,7.519760554755766,1.5382389255215805,148.8108154891532,0.3495864856330383,0.0
66.33432547554699,18.077078051909105,9.857777630867862,128.4365226575922,0.11323630769300047,0.0
59.597383666856196,14.526950986265192,5.018331224706771,194.64458851349445,0.47507078167457184,0.0
122.01795404020882,42.52969819079058,23.661186011526063,74.09539910804273,0.8109490340344961,1.0
99.09037276036946,48.37653139867098,14.783318477848704,64.34570165470568,0.8310143917734942,1.0
50.782504744956896,8.26409455622265,6.928439595443228,129.6085307085072,0.3033720016826802,0.0
36.51802291709069,8.66456717413322,4.7870058809030525,172.4456904902269,0.46798516060127404,0.0
117.6279043792592,36.49568307028843,15.765305555772771,90.51288545662523,0.8172730117348918,1.0
114.72259734494031,31.87790686790017,12.682076312807503,69.43755879716001,0.7392953949397899,1.0
147.80303167016888,41.038977594339755,14.530436370203173,70.4251567867181,0.80183556226488,1.0
107.46289261492284,41.151785816967596,1.0158920536193463,70.60570247511453,0.6973689389047175,1.0
85.590466262508,5.463006026760787,2.7577766044122782,138.2500902769597,0.25275502179065124,0.0
65.7384649520976,8.14207430681562,4.55285387603419,124.72277449589228,0.2757829082795575,0.0
112.91962196969104,39.462534432958854,13.958821653533468,68.00811172869899,0.9125775895080741,1.0
62.61750145970511,14.757689760049908,6.391891498689579,147.20980757531888,0.18015738313538643,0.0
81.18073196775535,44.37487839800776,4.470489955637362,67.89005254083794,0.6880378862891492,1.0
70.32559527485142,17.020285011149586,3.1857507582756988,159.5959425881231,0.47324693616442787,0.0
134.99545127438063,30.874442113455736,17.19145743310315,67.69707024851905,0.7105887856805118,1.0
51.88311300561575,6.530160073265611,2.9711055275175737,107.05854422732418,0.503304281886933,0.0
39.59132107977939,11.003432605608316,4.748242231461718,169.05965091739213,0.3438577081467994,0.0
99.55353309629133,38.03503443076624,9.440265701542476,80.59743681507447,0.6068557978918431,1.0
128.6849819375584,51.96764812720234,5.297749562109029,82.88988052031404,0.7277009616022232,1.0
56.582156107426314,19.67410957489183,2.890303071100334,128.13882118978032,0.48435319301933677,0.0
47.82077152457842,12.999187189770002,5.187628691876537,141.35885664701013,0.2892377546753514,0.0
123.59362235777616,46.728155444335265,18.226447843999654,71.90640580841756,0.8037146881057716,1.0
115.59274553253586,19.738959086097488,13.301204325050765,81.90953285252981,0.5491536797896934,1.0
111.08977931221295,34.18238372359755,21.24350110170977,65.4774520396103,0.7462534546701071,1.0
49.479446320796356,8.29906955136515,3.9498868455492113,160.93417279896258,0.17908785824405615,0.0
53.98160310403434,11.515340003695117,4.572673264034819,191.38646005452438,0.33656034583688726,0.0
92.63522605267039,37.553533869038844,16.0189819981098,60.81959681524472,0.779250486752777,1.0
120.81077589749027,35.23513181219279,2.531935643499377,54.12858928087553,0.876184975367285,1.0
57.07446788443123,14.43297926611855,5.853736250661037,166.45502809028903,0.3142147135918582,0.0
113.77683821633237,44.05683697376721,14.102647322838436,54.50775030624422,0.9715033446435691,1.0
122.89276191984942,42.45133466855643,5.3750503369710625,69.37694580232488,0.6922481185320037,1.0
71.57195051153494,8.824460068551753,3.835577571512396,121.88754981347024,0.211803515913226,0.0
72.47362665928381,9.571919204879364,8.646668957873763,156.63876820553804,0.21920072336668825,0.0
57.84368682259098,17.499684245281937,6.502684407199628,157.7210570790543,0.3196013085428081,0.0
84.65090936753894,37.71375515399135,12.824510833537326,57.527139333952164,0.9187182538597104,1.0
134.72394757777406,40.35101601827015,17.87551794087532,63.81111605630255,0.8818137066671154,1.0
75.17662362690594,10.780373969834178,5.766862023890299,110.95314846687184,0.3226138585875898,0.0
73.18431735757945,17.43696233577775,9.431999815219541,132.34014027702193,0.2266677103350086,0.0
115.64257122303144,49.09135654726582,1.3886936027826593,76.23734326044438,0.7538019176979368,1.0
66.59737979880575,5.73112344699462,7.056293607412156,120.3887551095233,0.1869287871656904,0.0
126.61076378465935,48.29541981818513,15.320519045192746,78.19042320254572,0.9452840862853104,1.0
119.90108432384265,41.13063548034659,10.659689115737953,81.34065657471797,0.6874623178712391,1.0
144.78769082505448,35.358445737056506,4.253107310594427,63.729674149862674,0.7131187852117457,1.0
136.625039502796,46.76740592064523,17.44778808217131,70.50126059930562,0.8462765977961688,1.0
95.64397941041882,24.24236627908778,16.372255269685297,69.56336727573064,0.7771991801437392,1.0
83.37473525447348,6.362428847070406,5.438901486261312,147.5159930575081,0.3923947556930994,0.0
58.572677366552526,5.970759407666598,2.568495825888078,141.31618848771848,0.2475719400013404,0.0
110.52661411032804,29.68951241848623,7.829400907744704,60.264051739033306,0.7295711060826147,1.0
115.11953530493346,21.02686968927951,12.550108269224317,84.93749445957143,0.7402761682757627,1.0
137.93179612346614,49.39123791798767,11.418038999547008,63.52835530277174,0.8363115710998361,1.0
56.426304603079416,14.16892329669087,7.207422396162518,163.6890439393541,0.33543312501736916,0.0
126.64586932030937,48.19855611618698,20.201500564771287,82.73823763285337,0.9613472723730067,1.0
74.27729960503939,48.96362089424113,14.45477496823275,76.58909172269921,0.7874900776376412,1.0
116.15382557651739,36.80249520144894,16.832781387403173,75.43831479557498,0.7731198565993376,1.0
119.42890460713645,54.21569933929051,15.31301500490601,61.87238152399427,0.6328541951344435,1.0
126.52580378979061,50.83855437404446,8.57974981103959,71.77954657360132,0.79227952008307,1.0
74.34834475306516,12.184166171822842,2.581321099053309,176.77920203010294,0.24292169177136677,0.0
144.80789120980808,35.14768924697691,11.588787744301841,80.709357551303,0.7919719001829492,1.0
107.89604742726249,45.719700708174884,13.316424592567367,80.57391996332129,0.8903094783614692,1.0
37.89885646472824,15.82620871512452,3.222500375138238,151.7462717633135,0.30934843181586463,0.0
135.5612841327929,27.71015530460577,14.629891588063284,54.4101554673025,0.7832148788058779,1.0
129.70267940734797,37.22058095031179,14.561435624308013,67.89806025359003,0.8588643626310855,1.0
63.361654347511,10.861290894730988,1.9137260793484798,167.05482974441753,0.2826316147163607,0.0
56.57428324749863,11.341022897061627,5.143518338256366,176.880410110547,0.3183419382745135,0.0
112.90749825167296,43.92728937027969,21.836711567668864,52.498387432606826,0.8528120382719137,1.0
92.73089250135466,61.5159276681593,16.623506483442075,59.18700157858949,0.7788054615549855,1.0
62.278774180558585,22.167765009352912,5.078785913921115,169.80047752260364,0.28084094248405,0.0
139.13643026615472,39.608491757511246,19.844023020854305,75.49493938495881,0.583881078516612,1.0
46.34386031718161,3.3068848430911775,1.5795369629285227,166.5182934018985,0.17527694873708943,0.0
85.41723115133146,35.665043775941996,21.64872543539098,64.43439954897157,1.0272043031808606,1.0
122.03936222400318,57.12341657471974,23.941903698250762,51.75667358268353,0.94867204595121,1.0
87.65996514091592,36.25648372307854,17.79003504392878,76.79306050925499,0.8177008769941919,1.0
60.51189271614395,0.0372942600706736,5.74313525464254,171.86164746375573,0.13187987676771495,0.0
110.26982972600956,61.11475774140032,21.26709342015274,62.474088968284704,0.8551104525223682,1.0
92.01725354315454,25.073555338060572,14.022897440384986,65.56886582048989,0.7102609581552273,1.0
139.43479798698334,31.964391607923012,17.191010107625214,85.29536696109686,0.8454316254403262,1.0
106.24673127125007,39.85968068523441,6.8065580427728385,71.14993315925062,0.8718111976447873,1.0
79.61893224141964,49.040659648895115,20.38783681646592,71.09403470399928,0.7359399892745624,1.0
96.9670026328034,27.458438309750555,8.202768453817068,77.8480792593701,0.8370249578477775,1.0
45.30771081994613,13.169477811964308,6.7709233149446355,160.58561004607364,0.30183699872162967,0.0
41.327031190561435,13.282030230993978,7.035915943835874,128.41857770790423,0.2836733433523698,0.0
60.176853300894564,8.19114885045877,3.909848395278299,132.47477293092044,0.2141859715002908,0.0
142.46116957359231,51.927627015822736,11.391128167316536,57.58280758604095,0.8374479297265349,1.0
52.21475504176819,11.670736785364227,2.01124443391232,147.71669251572695,0.24144042177957858,0.0
67.79959151907838,6.176075302905953,5.7390254596631465,128.9216103830594,0.1057881083084305,0.0
78.20255239151308,5.580093357421166,2.9430074709541407,164.55484320009785,0.3786645404759691,0.0
97.19425093246295,32.494174006851,15.490506298540605,67.06163277624562,0.668223640739726,1.0
52.26571578891047,23.275217772727743,3.3920289679845874,147.6336738299253,0.18518198467841443,0.0
152.84043032773732,43.56322715763308,15.10239630404544,62.044525020969544,0.8342677629386067,1.0
50.24586909078806,10.547634479444499,4.750412611699481,169.32466118105057,0.2585046034951626,0.0
129.98999126034087,38.7869492766433,11.814854733234247,61.152928018914615,0.5725503710419648,1.0
131.50379489638505,49.62821642292568,17.35670349139323,72.90893918225349,0.8916986643464913,1.0
125.94069718519653,45.65643312011947,16.68347360251635,67.67864343753217,0.7934823171074362,1.0
51.77973359628977,14.248646773280266,5.171997845048636,146.17489874442964,0.3922944877954161,0.0
63.751407315709876,43.05928580062815,18.36974872297159,60.05523986402466,0.5344874198067653,1.0
119.7654352177833,31.037677288887785,14.777514829509125,63.01688926721411,0.9332138137348408,1.0
26.753039205957343,10.568115012604915,7.958696186185997,171.92447177247925,0.3170503726587632,0.0
125.98911532577476,45.96183597906315,24.973638825632687,80.66701919287716,0.776455679644514,1.0
84.13419157368979,42.47665109013372,14.447706325994806,81.94836608134285,0.5996020002937867,1.0
49.220098119180456,16.11801029456527,6.786245059242626,139.6445222463807,0.18459022667610464,0.0
116.88369662263112,40.15455071873946,14.044264097222424,66.58987281002122,0.7524497603485335,1.0
58.7016423045373,4.419111866619575,7.063112251962137,172.41870378158947,0.587652782008477,0.0
81.80337958819234,9.8162714839461,1.8212383392796556,139.7408197289099,0.25996143009626943,0.0
65.21870410280972,10.799155254510156,6.877391176132996,115.64957422604016,0.45998807107635975,0.0
93.19766570980875,45.57236605661836,6.304428601981089,81.69808821380146,0.8116353954050397,1.0
125.21092781979831,47.90782574120301,6.018614054071236,91.06141990641183,0.7885638608019006,1.0
47.09146312340452,18.450540383965023,2.6157782068030513,148.01386541963538,0.27717116317731544,0.0
94.61750776962771,21.963724773659084,15.40661632303246,65.03824750508757,0.8733629756256547,1.0
110.67185701747034,45.458463140628346,7.041839845035092,77.73619014452146,0.7950178933442072,1.0
164.47931260745602,41.78733437068292,9.497830444591802,64.03567957226437,0.7153954541979813,1.0
112.27930954157966,31.356011572024535,9.919211865899177,73.12856126075674,0.7483372479909733,1.0
74.34289516718347,14.890819873061208,3.8989096588503562,121.75696764982922,0.3419420992569277,0.0
66.31892592396805,11.964567906431556,1.2589798774215106,159.33943642478377,0.30437466190549334,0.0
89.3706444093728,17.190604410760734,18.04744281406738,95.07040127645513,0.8660157945831195,1.0
57.99740853487047,11.414596566925823,5.005815853092409,193.16209169443292,0.12036419562894146,0.0
68.5362001565349,19.559885657784974,11.813681182965961,77.86198524538182,0.8661659145887419,1.0
49.15666292488204,3.9732621592159756,4.895770738980689,149.96041372486675,0.059174460294730225,0.0
47.46335696965802,14.131749072801737,5.58462593420114,193.05697354960702,0.4278651573098372,0.0
64.82386176425508,47.60281343650419,27.49612747070541,62.5201457308374,0.7831693314559057,1.0
104.19502138990458,52.09175894748107,15.079848215260904,69.28599763309474,0.9589124769236784,1.0
124.6964985013495,34.22498205842214,15.336169874273358,72.7263752787909,0.8332970261804253,1.0
61.67925109556384,4.5783885770289,4.4001454981861885,150.38591278395305,0.539637238128452,0.0
106.63907841008646,22.10565886930222,13.456232126024696,66.19691757290725,0.6244638143134756,1.0
134.25521407554265,46.75676822773859,13.569294316735078,77.45757663183059,0.7429003760956963,1.0
81.90067564819421,4.899188156490849,6.5005502622502815,157.1502518542041,0.1401082739657582,0.0
132.70777251493394,54.77596484167089,16.751445371882053,62.99255053450128,0.8080588429007712,1.0
113.64924632543183,47.424446581774085,5.245485867016994,75.10161327681499,0.870041489980576,1.0
82.32369329070912,20.000957264375764,17.340376011979576,89.77002515187036,0.9211511133776048,1.0
15.316523658245615,16.135344884945326,6.128375300899667,152.8264318489678,0.2377177298737743,0.0
52.92039617015655,10.375272874443272,3.144950423912456,154.00839242890123,0.402638728422999,0.0
51.53220767507336,7.240041346131186,4.753240322152962,117.52377287323463,0.2658933065459084,0.0
57.3970960738337,6.299199089892616,3.8633857289641775,113.72043080475547,0.3939197113718885,0.0
39.09096577642629,5.261220205091483,5.427914906075701,141.43680395880793,0.27778341694305303,0.0
106.29253624052834,36.93553081187505,17.746646813796772,65.42351358175127,0.7045290052179105,1.0
137.0778750933249,31.310680123600516,12.649376151797087,51.15254497685592,0.6846386439083915,1.0
66.62994542214771,13.77286246748298,3.5676912296774677,151.76238362236828,0.23175388847992556,0.0
134.64303340186737,27.536362317041494,7.859107672227549,75.98390594211173,0.7481657224280522,1.0
77.62424885253479,5.260851603370266,5.784622611060143,118.43368917738427,0.23793885841742604,0.0
102.38484310355544,31.22902240555525,7.371256189361483,66.93806963935405,1.0228042722624588,1.0
101.21278154175984,34.10763730827434,9.12261339766653,64.29501996243049,0.82377583684499,1.0
33.49581645795049,-0.9364756267268923,1.8160977391773043,145.56086374578538,0.1983279814796956,0.0
66.51030778143635,6.001852876810852,3.4283314707042205,149.7715154733894,0.1250203564410362,0.0
127.93765024377512,46.095026671361644,12.952489458366157,70.45243159899438,0.8432421140582633,1.0
68.7225733471783,4.155544429713172,10.452168405786377,118.43627512769848,0.28503991835556264,0.0
135.4941280264342,47.26752385201583,17.203001308196473,68.96256779891655,0.773601142189409,1.0
78.0415505097927,30.226689168498332,11.351173535570528,81.70671000089479,0.8928973659566013,1.0
132.06122078104255,42.30284344168851,11.318148788885534,66.92679376489352,1.0177566235326054,1.0
79.51404898096499,48.325484147955216,14.765856916677757,77.41576720358763,0.6406276483266635,1.0
110.86596483432052,32.700719889663745,16.648770878005738,68.53235655586478,0.7307917308611311,1.0
39.41604367378375,7.958442800449902,6.7995030957726526,145.77725160418748,0.28860270730468074,0.0
79.90527013725753,20.074149229950102,4.260644112049903,104.349959652184,-0.00472490151254612,0.0
125.57173668188149,24.070598833774135,9.36324093631617,72.44580475739954,0.8780349840028663,1.0
56.19751719061855,4.714789356757273,4.1043824104715245,143.4199536743816,0.30670994622065106,0.0
86.88222250620727,32.88514395512161,13.101038753623765,67.40041421891695,0.926568140292303,1.0
95.02850670057383,4.402642869516064,4.267816142913131,131.55710516914155,0.36624812237992005,0.0
113.63408553864672,35.040611910922316,16.46036741314783,71.63930135106206,0.8010530633409809,1.0
53.75916979001666,18.485980110550962,7.555589491730265,138.16467713093135,0.29754266792312056,0.0
61.155700400394416,-0.9140463417458804,7.150571683730167,171.67913209068456,0.3596787770673752,0.0
109.26641979551873,56.52387504326421,24.097317795728078,78.36298972686978,0.6831642788458889,1.0
125.05549573935255,38.120217473912014,13.850652745457433,72.69401517425624,0.8685378071790526,1.0
126.71881949295523,37.843479790577476,4.767011453551806,84.14195234473044,0.6523926735425245,1.0
125.76516801802747,41.07031347606744,8.819094897512914,83.05036805557108,0.9466667334032602,1.0
52.68010589196313,7.401427005691135,1.8344466439651264,131.6946502157885,0.3961650091126154,0.0
75.69497500263866,17.044081652296867,2.7451006458000924,185.1904009621689,0.1876673830644504,0.0
66.8345002734537,41.24290863622146,15.030608033378126,72.96285670333656,0.9467339053468062,1.0
47.34785242835234,12.737852193875323,3.355257879634119,187.12158059410928,0.31896956924612296,0.0
139.21796797132902,53.72965365464759,19.104513833003864,66.28577062186402,0.866075990341524,1.0
101.29887433558682,38.92094514590647,13.597969561657198,70.0124054040284,0.9758639786845565,1.0
139.6524009505227,35.65672950280077,21.004480152745256,67.56953621795392,1.0010777161848732,1.0
104.55468731099516,48.93550896603097,12.774757599788469,69.88033234938172,0.646716008236726,1.0
52.316889404476,2.8402221792599116,2.318945905425772,166.0278999388146,0.2887080278877437,0.0
63.676605555563306,11.166577278938151,2.297586704447945,176.1562098242789,0.31883868210746197,0.0
72.97383329959577,12.862438784616852,3.861923962051568,124.27906140428513,0.29248726697027805,0.0
112.51872863574818,37.347367984352644,10.681705488836878,72.22704372244594,0.7662151667925802,1.0
104.99345449522797,39.8755452507554,9.940171761102533,65.29795883663635,0.782375573484172,1.0
147.1330152047386,55.64428534347482,19.569705191001933,73.00748396705026,0.847137105452652,1.0
44.70569854277949,14.464464926056163,5.956740843943439,128.86623230961163,0.2895615878415167,0.0
73.348602240455,2.4291998544646916,2.337931410620007,127.96518719428357,0.17761855333228366,0.0
72.1492211959316,20.870286805639644,4.6086610749009385,210.65859562887664,0.2526125107011949,0.0
56.13041529147288,0.0648081922519701,2.1284744933456197,159.79070362539352,0.550766123015527,0.0
72.5760330004353,12.648561726748778,3.583976762984194,137.01751492444563,0.21090014938542356,0.0
127.73193707961823,23.977446433659914,15.870985727517384,85.90176710815686,0.6609184693312529,1.0
66.91499027099483,11.043939614273684,3.5256553239465274,116.4589940540206,0.21428325972712803,0.0
128.58839245878013,41.25595219128286,10.148749238840752,72.37864752371436,0.6644689728824226,1.0
91.10804837186915,19.258225423734338,4.808261577431054,166.19329741316955,0.0949780267276685,0.0
55.86590070813705,16.433423398011705,5.048527722217351,139.55303549683512,0.29029782441428587,0.0
82.85904874767446,44.85337040951083,11.237381089974916,73.74022791147752,0.6961276332805603,1.0
44.75918552746778,15.116756642553865,7.386213966535941,151.18816521185033,0.4444918767836765,0.0
71.65219462981908,2.815437159219762,3.644306447369371,138.3185615282433,0.3496913522149753,0.0
22.484053687011155,5.784328986366595,4.375551889377153,152.14476677399588,0.25635720150207875,0.0
52.032632869690445,12.093154510449454,6.366985233471549,165.07757710636096,0.1686013644271099,0.0
37.67243253813802,13.291539518874357,3.0986647780327825,157.45169087017348,0.3546331173876518,0.0
119.25028193901436,47.89926474521669,16.070833317312978,64.23226010340876,0.8912765225722176,1.0
110.00061779093458,29.13076888988555,23.291534215423205,59.992968795631214,0.8939366990512799,1.0
70.18046466238576,8.690656173105118,4.4152069450914535,136.38829595887324,0.36143726430670925,0.0
118.95798371923097,35.70964485934137,11.868803122906076,55.25458119604774,0.67138091122091,1.0
87.6238346262902,34.753554162470046,9.50824119827363,79.902632566227,0.8227095902191381,1.0
45.694611214150264,4.122276488932632,7.62419848714796,160.25202136635068,0.36185952964131307,0.0
68.40093946486428,13.166005723688434,4.001923911770326,151.96824794758678,0.3690897853060865,0.0
112.52340182458882,38.6585525473402,10.045364611366146,54.61170866947525,0.7155841408697164,1.0
81.8983564040321,27.174505569595397,15.067860081065149,52.33625858294011,0.7325763791039078,1.0
72.15700503114904,8.984063533971597,2.6289591397311503,157.44130948398313,0.2887882248431353,0.0
33.08953530201405,3.350955136465612,3.608082016060269,172.9234519276019,0.26117984137012823,0.0
69.67101435191216,5.6796020130992675,2.9130713558871317,145.75631260663812,0.3008768243137057,0.0
108.41620852889716,35.67233389239224,14.370009587087239,57.01939476796305,0.7217507011301085,1.0
129.7083656006791,45.14820490431222,11.150189371808786,57.29678748709213,0.7684975131461611,1.0
140.4727622140696,31.615711032889443,11.763512097068727,78.77764240771931,0.6448860982109846,1.0
102.16866018601462,41.951509113920466,12.085465537827188,73.82324080007655,0.7178071120931416,1.0
31.51032361994558,18.908620127273004,6.296340325963503,145.29536151401933,0.2209490702611599,0.0
126.87539954898861,46.068079126440374,19.49014016133824,73.63882161361462,0.7291470827797302,1.0
118.23076993682763,60.22312120670642,19.825969195681132,81.0455413939073,0.8686631601377559,1.0
69.34373428469873,13.171829392489755,2.5979348451198754,150.13850542033904,0.39416857622467716,0.0
109.47838093384522,25.74451650816107,20.513253875092325,88.72148328938222,0.9024975071190214,1.0
120.5799898722003,37.773369274120874,15.599925095847968,73.95768490783992,0.779545641610262,1.0
112.26542907434816,37.338541485997254,14.347474411983809,72.49450566875859,0.6903436761153061,1.0
149.48103654744756,40.320653090956355,21.674667272368467,76.18622791691908,0.8058779796327619,1.0
41.59989075392345,10.560262783938512,2.7264367578569373,150.81620010642573,0.3573409203632507,0.0
47.77077100848526,8.615539209504975,4.004042196911522,175.03262127001437,0.27632863218258163,0.0
111.01790722329872,44.80528224144148,13.884597119106338,50.598093716151446,0.6491625296930088,1.0
36.02091588532677,8.032110470499989,5.176511189640361,156.57650282908713,0.45912190992462365,0.0
39.62348731381492,17.932220170484673,4.92196019509269,152.7842832080606,0.2878820463132897,0.0
73.16824902130588,12.437815913891647,3.5701780965701557,135.6690808227736,0.16850663219976977,0.0
72.31052414431646,1.3823099782020662,7.881351634294408,141.2129934650448,0.39483264475152835,0.0
117.29543404889404,25.403098736344525,9.226582370054366,70.86803423504921,0.794828349049873,1.0
67.10511869361233,4.075426020370801,4.9151439902025125,166.72411759879594,0.4061829385250538,0.0
54.883848700063204,19.954433642766865,0.8117658248494353,152.3210103770852,0.3231777975325117,0.0
55.276221873384976,13.02881096735971,4.836484459654852,158.02042420978137,0.20244555182991714,0.0
64.49540617926046,15.526931218543526,1.7244762179541282,172.21204988902056,0.3355616879612558,0.0
105.6334777728111,17.374795526063878,4.060935118051968,135.70044369983043,0.26357210069455717,0.0
103.84697663237448,40.93215975815689,20.396525821685678,75.08450678289209,0.733351048367226,1.0
67.5307831889331,13.693076925593815,5.448497501245374,129.05663408560304,0.227829295388335,0.0
58.1216877137875,11.498202266780906,0.2433986164755062,156.65662552634703,0.310863724238633,0.0
120.11649275313259,31.772741443117337,11.600099662861654,70.7579440329627,0.8573821543010443,1.0
126.86676998437079,31.768494832296227,17.518774021265262,67.61436831831574,0.7624338797763557,1.0
107.0632048613875,26.03472665648082,18.425546766261036,64.60589971623021,0.7797677181745155,1.0
68.25169368934534,10.127111022000417,4.613124499305393,128.00780618922522,0.37811983125771154,0.0
82.52049322899705,35.731131260153916,19.594906890517056,68.5430969153401,0.7027423305109596,1.0
70.6242631768145,19.711739897431677,4.524167443740477,128.53398386259747,0.2366757778837354,0.0
116.78585785647097,32.2754262963703,18.632231242110446,71.01788793735321,0.8916270383134796,1.0
143.54481830804048,33.753626547440206,16.173915970485766,63.22155940749565,1.0760778592196099,1.0
48.89830928246849,3.545627840816725,3.3349596167776143,164.6361316522873,0.1938686659364795,0.0
75.49217070290646,25.780352272866185,7.867449022581692,66.66781175313196,0.8643754003645945,1.0
102.87009315668557,48.32827367350069,22.04364699109263,70.08194656454121,0.8554670882958824,1.0
93.4541146997675,38.17782493719348,18.850704832566205,56.548338724448975,0.960274978903339,1.0
62.662109720227726,5.834350779647034,8.78847890964216,123.959171367706,0.2939276844844152,0.0
67.40470072037287,6.314105784228969,10.829673725543241,153.11349193797486,0.3886250480546137,0.0
80.86471880463864,10.605660317950457,4.2808765722031445,133.4623997451403,0.1316705048931895,0.0
140.7097324653648,52.172147157621964,11.44885287886896,62.183360347963166,0.7453171478485023,1.0
133.8820671590684,36.10155976760812,15.546278497515466,69.04800174777927,0.8529906393217797,1.0
85.5882031701488,10.146464540854367,0.9488413704354723,145.76261651043183,0.3702552318010389,0.0
96.66808223513846,47.173998042805835,12.46955342642717,68.77605360168003,0.8400958790197343,1.0
71.70502590577699,15.594609122854477,4.313702220752568,184.07606229649602,0.21911930813721078,0.0
48.739888910043426,4.8313027737992105,3.244655323652993,135.8014307889469,0.1347797423080232,0.0
50.45020904266297,18.749504421432995,5.837752167142896,138.1602440401429,0.3255492695559099,0.0
86.63385187873037,11.88812975750258,4.900783919884136,127.37225227193255,0.35997553547520783,0.0
105.63102090081293,22.02272129344808,10.68628232902691,93.29761287402889,0.8812083731914471,1.0
59.18773955777884,4.68226986405654,2.85407647820088,150.3249298963808,0.3748713326631085,0.0
70.13434347313128,17.225942609891256,6.748992377165482,176.8312011297312,0.14286105066308916,0.0
115.81209099698032,30.730508231074165,11.798263780634178,64.58456018345213,0.8988728027328197,1.0
52.80884113029942,6.10479020595033,2.2851241343239415,136.76747744455486,0.22454156596751274,0.0
65.19097873910253,5.564848474470053,7.598301244081057,194.6617773013303,0.3890535046999598,0.0
128.6316376093319,56.962414685801164,17.73934557196077,55.1061929916974,0.8781178154028223,1.0
93.91632773720721,35.960341732529436,14.155746427314524,57.3239372417454,0.568581622536755,1.0
69.99146325028556,6.48413642762795,6.829012968897677,133.10674098755797,0.361500617329428,0.0
61.30517952258638,1.7317339997189336,2.5075130606241696,124.9830418578905,0.19499140129204512,0.0
45.91966191395492,0.4967286444813688,8.041163004499637,174.0518639719936,0.5608688097915798,0.0
38.9606772075207,5.2655977228088,6.131185518049708,132.14688980864491,0.19186101467206707,0.0
124.54494876969166,30.67275100374808,19.156251600482932,69.44831120027787,0.788333911061699,1.0
82.10116246608854,40.14221969543697,13.965549720949875,66.18163775134767,0.8587485502104429,1.0
137.29904375000046,44.92841241165833,10.980962336397734,68.46995047613315,0.6881600841308767,1.0
94.48645235938449,64.879496317999,13.272037504678968,68.92962789541927,0.8029812705655309,1.0
88.28518353994218,27.348057361250603,18.265226649846866,64.76449895051104,0.6622445533542217,1.0
160.24306146705044,15.32527269061131,15.62412094594897,61.81711763085248,0.7017761059560886,1.0
113.65455945617492,44.819027548376084,15.59507064592171,74.76479220986778,0.8846379680170008,1.0
43.611281787944,12.72787626584382,6.707766520302469,166.35232159276026,0.27871908409598406,0.0
73.02269803482113,10.619061048889654,7.365969251111304,130.66642256616385,0.3850784117031745,0.0
63.679598283641,1.7360159650804476,7.617568720991611,170.75193478349536,0.21010265551887553,0.0
63.71857920242227,23.180759756423214,0.8422869647315512,139.99231725869154,0.4831267169570503,0.0
21.682172619767655,8.333777286770154,5.57823703282021,169.04909365127492,0.3832339137866494,0.0
69.58859731465817,3.652103673732303,2.9718749346390605,143.63953094978064,0.13301745697629871,0.0
125.76476036833989,52.69310951588682,17.393297044379672,78.58024438533816,0.6270987296381463,1.0
84.89438111533448,12.345072262994137,2.984611563435898,145.9198808741271,0.39215132444839207,0.0
136.82446549535715,62.635311736657115,13.874608533031587,85.80242044696037,1.009914884293722,1.0
115.35816824373198,43.6396096579484,8.741983809272003,67.64776596723785,0.7274879466179871,1.0
95.32276937535346,43.6512561706857,11.588162463780645,58.00494345780385,0.8059451446181447,1.0
115.66045166204212,26.13047903300769,19.0808821192196,79.50144149859213,0.9194871029714131,1.0
130.4764378513434,34.86500169941405,3.7338898629396056,66.70678864461617,0.793289610408642,1.0
80.5391350645883,7.524207555361855,2.829224010368559,110.18584202743128,0.22946876077346842,0.0
78.99195088482807,11.40735653981276,5.679238235093961,141.22871516502107,0.26720221501329455,0.0
64.91137187670583,8.421112674571704,6.257664029406476,151.06939495151087,0.19663643684651588,0.0
115.63620774240488,37.690958756488484,24.420187853632875,74.05150302156078,0.7993754123347722,1.0
57.61799518431681,14.27984609398942,6.831458335050726,186.28652484791075,0.4662378213098502,0.0
117.77464036232844,41.44022618619963,22.42810015972531,81.85074002282582,0.667693199919259,1.0
146.3054394152191,59.02809311931042,15.257912756086622,71.0438257912265,0.6801831173626629,1.0
47.94011382540951,2.575289194854519,6.145456128816465,143.08124838290013,0.37846685453781137,0.0
99.07181941998965,45.09484566717964,13.540991436116192,87.26622834276395,0.7874047833679081,1.0
91.08025017633712,53.244679557342536,19.68017993091729,86.56755985878638,0.7762502405426964,1.0
123.346390226304,29.316621556065336,9.867855986796538,54.45710374371045,0.9884068616075004,1.0
112.66709447861564,33.5839552679103,15.73878671610536,65.28915581005472,0.878513199813757,1.0
61.907204144120776,9.183306166514006,6.955750435986031,161.0675717496728,0.3213251637743409,0.0
79.07042188250226,11.206725157427842,6.269719814870796,127.27967425757076,0.2925153734607574,0.0
78.83810439098258,19.32851901729653,4.312190534938061,123.85114639606543,0.3606422277030406,0.0
86.62056063400053,7.360050701415808,14.705643607842878,70.7087161162903,0.6942738776354613,1.0
82.570740021319,10.031807279760464,4.684190700170279,152.14096029288402,0.4456327241416238,0.0
141.40238775958255,48.65329858635289,17.446286438656916,58.153436327919295,0.7831738065850627,1.0
38.38701774638291,8.666036022593842,4.343241243441147,129.40747581167767,0.24883847669650566,0.0
55.88583497130381,17.28944713996129,8.049773750286437,142.46018227049098,0.22284674877107172,0.0
88.68914736326415,34.24883559440881,15.898672064302588,83.81931531501587,0.7721263840690953,1.0
85.3862000903932,50.245797707971285,20.17764583196806,84.5637621314614,0.8458642266242414,1.0
62.096615361067755,10.1741083183132,4.829485833417043,125.91965504159079,0.2833385379893122,0.0
99.75844886329116,34.898909788247444,23.54891399380439,72.36337820048408,0.7099967656464063,1.0
65.63089961528063,10.222421506520172,5.3152386012721715,133.4339324529615,0.463317989319229,0.0
107.4851422217962,33.427957157143624,17.756513996197995,58.832535865069055,0.7521643287813279,1.0
53.61463581044205,17.612107295775097,5.635254986188429,161.5130352106262,0.2525974213467047,0.0
108.4566676325201,35.44307494999603,11.610887176433833,68.42641988312465,0.6673529012761498,1.0
85.66599719112122,46.03867522268338,15.770566543853802,57.595839518043135,0.7156210070748658,1.0
54.08866539079505,12.914338867128997,7.488505236176209,152.35646951270158,0.47065871132983617,0.0
75.12800399317973,11.070829661433851,7.613410986090763,158.9431312084711,0.24321564445309,0.0
117.33327092685641,36.04685512386107,20.37119910839896,64.88242626536908,0.827655774008448,1.0
50.16374800403622,14.962433201942057,2.0707102473538015,141.57661128845024,0.1546258492933101,0.0
106.57395977819195,17.20226695105536,9.954936530967514,75.27789997168438,0.9148106533955691,1.0
114.8764637071768,33.196228648221194,7.210745305535207,73.60331059722361,0.6802910825632088,1.0
60.44390693413793,6.297512863507364,4.617834273146532,132.1143339287899,0.31524542298718167,0.0
65.72496683040181,7.000539394984308,4.995306549415942,159.00415562869568,0.3176109231572258,0.0
105.28235953849608,41.41225557094119,15.70919917486649,82.10835009844112,0.8302189603776585,1.0
72.18499874106229,19.893676578553723,3.9779166314512198,125.69812106901918,0.3821504843763396,0.0
116.70499305607868,25.274639702602272,7.446633724081798,89.98293129232256,0.8879809558288122,1.0
77.80883355107602,1.7036286675923566,4.348396927799341,151.56607029685006,0.2917427981688031,0.0
111.11324154446494,62.31394527091442,14.659242399192838,82.65503086220362,1.0383588440349973,1.0
113.72676132607228,37.10289843541164,7.277142149087069,68.37758696680716,0.6181171477178511,1.0
37.761454732133956,11.035451617051962,5.4061464248603475,138.24747488600894,0.15902387816863803,0.0
116.91713965594613,54.27728825912875,20.91159378131041,61.16611960861493,0.8652477823845969,1.0
126.96829902199552,26.788460884767805,9.74586409795264,54.66900327484382,0.7386478528835686,1.0
79.77704663600143,38.02680835848806,14.529547011891285,61.91339158171392,0.7876824915486876,1.0
129.57439758010452,35.18770816969401,11.55623196857065,86.63740261557842,0.7873048995424653,1.0
114.91646282683784,42.62565801706864,6.5437345725695995,84.41868192579025,0.7207214913975509,1.0
68.78017588512651,2.6411059689101126,5.330706563226557,169.33446094544178,-4.8067931382178575e-05,0.0
107.51318549463916,25.32842665168117,25.349760740058063,78.06509665353987,0.650061797503668,1.0
138.7269603023927,49.43590111722232,19.55961385707967,64.2531478629082,0.7176783982302584,1.0
66.29990808134662,38.563446782312845,17.662968623889068,60.158077762104455,0.870730283207568,1.0
88.35228700775829,13.688482536508255,8.448122143064742,130.15068991232528,0.27391040617698265,0.0
85.60392532169682,18.79710402906866,16.870071744347392,66.57799485048398,0.8142182697161204,1.0
113.84419792470072,21.17280957338863,18.934127702756324,66.36026451363361,0.8438177919972202,1.0
60.133205523349254,8.307454677298157,4.388982398450536,153.42537019572958,0.3463694764664352,0.0
135.47375988180718,34.19078669998363,10.349393602297578,66.72077677650829,0.6822751487891945,1.0
133.3644705875185,23.365778653187732,14.731813142269218,75.83151785337628,0.8038400513283855,1.0
129.59440680924436,47.94548582971484,12.940485911333052,70.6625267765283,0.6353466000741508,1.0
128.52797745005475,25.7368444996127,20.43574025528289,65.50433793438953,0.9018030017844358,1.0
56.902479099410314,50.99393551944635,15.358125919201623,62.73510803573353,0.7824078729342092,1.0
100.13322502000636,32.055759097914475,10.684198888506616,78.01701889985603,0.681808772322682,1.0
63.5974497607641,9.533129884645021,5.9803604242874995,123.41794551704751,0.27604877825247764,0.0
59.01758870972103,10.353726637343852,4.564970030698992,130.23093434577606,0.19807271243544736,0.0
25.605956992326163,6.220997108011126,4.8032402762560835,175.7468932472,0.33826728201925876,0.0
90.54980710316347,13.402922652079019,6.957657617160813,168.1257961107832,0.20824323259158473,0.0
143.29346048587257,62.45537291576395,25.529364974133603,74.86737015720473,0.7146637430742803,1.0
62.600829893972985,11.674106336450311,4.429636516586455,172.87515322007033,0.3618128954044695,0.0
80.66330438161215,29.53766450152169,20.14642672200803,60.97214294498478,0.7098031007719944,1.0
119.83874765916002,36.31954621616361,20.894521104103163,58.952867663131464,0.9834679258325557,1.0
90.2776615602668,37.97229668881783,12.240025927711205,92.741339439814,0.808904408549423,1.0
50.16736838131176,19.612858748312547,5.088391285020283,138.21678459445053,0.2979748986243902,0.0
110.24160576133646,9.65596741004952,11.94696537887606,62.40808429130468,0.673374969908069,1.0
108.8890305826033,58.53797298560208,13.297672088671167,67.01955514509899,0.6575068432565315,1.0
110.62149371376016,39.52186571376011,27.55529226960184,72.95021471145276,0.8033694922802838,1.0
40.68700695283257,6.558629026191687,5.833496554270344,161.1792886618601,0.37632955979887395,0.0
44.05133032854927,9.570048696208037,6.279350050731925,160.25713340625896,0.40791139707559265,0.0
54.32017357988406,5.744620601813067,4.731971924299002,146.95900166048085,0.2398638562213134,0.0
36.412012641350174,10.843555169710122,3.4926075327163018,175.37941222501408,0.24974440145500643,0.0
89.56410096088389,50.6932433171508,8.704306156088604,89.77804212961009,0.7402182158408604,1.0
130.2136747521646,42.85659393156481,16.451064847297552,72.78379686581818,0.6570487805338443,1.0
105.49573076806494,51.26443416762128,15.506733486888702,80.09841271957559,0.8609102847484691,1.0
98.70177814555842,31.310091124557516,17.680938120270888,60.34500896608685,0.7456763699851566,1.0
122.45467398660604,60.45075251788191,11.633369491909786,64.46596511543696,0.8412788405467201,1.0
67.63483558372609,2.838310110326022,8.331373036326509,160.01878916398218,0.297795913523971,0.0
53.99707632084594,4.808923604130983,7.242372605061064,133.01507079608922,0.18057124329048296,0.0
70.80379323600317,44.21903538861971,12.361429869289967,83.70637797547124,0.8539527748375847,1.0
103.12022535462164,38.62902956587105,18.496324363693564,69.10910616816147,0.846438962474235,1.0
106.19614921834915,52.77075892569488,14.324279255381716,73.1062276049672,0.7677073533862154,1.0
83.54556491040307,26.686856117907148,22.374704494502232,87.90768537215035,0.6865528795234886,1.0
140.50262602241952,63.49639478674247,20.98700767874856,56.34290114991916,0.6325175440962051,1.0
69.144334673833,2.8000425592362195,4.377748301337005,164.74306937201095,0.33177284817564445,0.0
48.9693643919507,-2.8604072839006474,5.775752545669151,145.05581984724262,0.37127420152429286,0.0
107.46019658489742,45.24409054398275,5.429013234051663,47.631653778410566,0.9214534242858751,1.0
156.21244764741036,49.931249670121346,12.319643575724868,67.26738402336156,0.7131705984827228,1.0
83.40033413606085,48.75446164982626,12.326433743576112,58.69138448885921,0.9084954294894314,1.0
124.29277420450434,39.69599636292984,17.442300367570425,57.36654902011395,0.7902101925020949,1.0
110.03531244278591,41.271708203048156,15.616446581353962,71.41079413549609,0.8045614811183066,1.0
44.234403818790405,7.08098740994646,6.298270093609555,127.05548670690885,0.35553742260162113,0.0
88.11106928415111,65.58789888697791,10.519199593086638,68.61136655378957,0.9597521028103058,1.0
79.3506932385761,35.21004453588778,12.646765763439417,66.4357775770112,0.7823609385099962,1.0
95.4539015745414,50.38648011230369,20.295661048728228,52.302682949401486,0.726517801225661,1.0
62.95024931963306,13.685072149319835,5.386510876725214,151.3255906020474,0.3398482862914673,0.0
134.05231171366708,37.47280512312061,14.746999392628815,70.97200894210515,0.949188059413282,1.0
93.1808005894005,21.963117987652,15.906824471513673,89.21323647328404,0.7516039800316465,1.0
47.98376692530848,8.409140118414856,4.629199733972636,171.738193154898,0.2884515435967547,0.0
80.44853468578262,50.181139922588656,11.105887455717603,68.0096771220148,0.7976366487991758,1.0
87.27311907149843,45.90158350270529,13.740083245701276,65.86763480364688,0.6781232363721561,1.0
154.35894069504585,43.97078873756503,20.030098078333225,67.50211516770527,0.6961622672145765,1.0
92.05218565987369,39.12535527944215,11.076950630092282,68.51818150713868,0.881936406881702,1.0
133.19060627343964,48.164238205565375,11.91080833675666,75.48385688910594,0.6755038323399344,1.0
97.62706307832089,54.368828887119975,14.914619644330934,67.72310304824187,0.8577701269770396,1.0
83.1720165553243,48.80824416360859,13.030227418332382,77.96327763656993,0.6495396130003155,1.0
122.78126377645029,32.23178512033043,13.30298134926691,70.0406926549694,0.8354047843798182,1.0
97.87091142002687,52.1968229559443,11.656089812267545,73.75639390543382,0.7713744483365602,1.0
49.06044636652485,-1.3516728866950327,6.621150110019441,137.08677402263785,0.4401382718431683,0.0
61.276679485706076,12.60107818911709,-1.8007725845503026,138.32700086370232,0.23732106685083715,0.0
150.96177562397295,32.90295155241408,8.947011726177053,69.29292055992485,0.786284675330612,1.0
86.62628862118555,53.812939537185024,16.728746897274892,75.7975845033787,0.9276824536104513,1.0
102.43459538592072,33.54568603934113,12.237264598818445,69.72634551594888,0.9486381312317738,1.0
56.26473846649364,19.176774043598684,4.530300529323268,129.37342585568618,0.24478542104885323,0.0
56.549091586732494,6.692002302785615,4.099228316591885,128.20233624892114,0.47063889800534175,0.0
98.24497839538529,23.711149439887677,15.669291193875928,83.98604128029328,0.7497475760544918,1.0
37.84805951218603,5.30566219053899,5.170182635685819,204.64815938595825,0.424499979457479,0.0
101.57894289334412,28.723206596991353,18.009318074009123,67.89407347535457,0.8523926766181736,1.0
85.7781855689932,45.18064308139422,7.175601823030573,54.48642086797829,0.7227929064879883,1.0
52.19833008124932,13.313323297479847,4.143522096136335,137.80683817810348,0.2502272066922917,0.0
95.99181286384362,47.23098470736695,15.038638701824983,84.46998296531922,0.8145098990455385,1.0
105.25194461484818,50.724888261492936,10.496706701137205,69.1814962149617,0.9096072683078936,1.0
45.85648121242511,9.195164051231327,5.883006509607731,156.57417742441987,0.19489238726295421,0.0
118.27782982844906,48.19789153431077,11.048370231802243,59.361998046773884,0.7314016895653312,1.0
135.86839048819638,42.27745972551412,23.281148572784183,65.62789651974693,0.9534905017202924,1.0
70.25571972979061,1.9123970421535077,0.7134531755276727,176.09873716388364,0.23087286782426392,0.0
118.05693820245429,45.31462517766887,14.21289163993507,66.40250961098566,0.9104508005825059,1.0
53.746305632193,1.8246881721945503,-0.328021403324513,185.43185715603616,0.37206464022369296,0.0
86.33472430808374,7.993552039091197,5.272560746533756,184.91445318037813,0.3907355783898358,0.0
61.66135615965432,11.149298061262094,3.409530651497769,142.34537675869808,0.27478972381685274,0.0
71.63735060232425,12.70966541187023,5.581880277348068,161.636129126382,0.32985313010554684,0.0
79.80209817978286,32.852209186914656,21.21127371839517,67.14150988175155,0.7618198258242206,1.0
90.61825037760238,39.155286846422605,19.842585788583982,63.9378128836354,0.695790147130103,1.0
47.57597750888396,9.022093411886674,4.332734654187277,170.64739673853228,0.29264199341658087,0.0
59.742665263786165,8.928569203030133,7.4378807044306035,192.85610130809852,0.28987946158612393,0.0
53.94445809707417,14.475052451954543,1.6130776632031698,132.12950812001597,0.3098786407965636,0.0
101.16909683288611,36.690326746736325,18.299238793932513,64.73701676494937,0.737348233665359,1.0
87.49508831820113,29.191801828150147,24.787766498460506,73.83746312213468,0.8021778156357926,1.0
129.72278147619855,41.70725561512926,11.478069223269786,90.86592529194601,0.9186953984907238,1.0
61.70448303466824,0.02550617578281411,4.839453649020755,133.95696039819018,0.37375931947694685,0.0
121.03753962392163,41.850417366930664,11.639894891799747,56.35585651634996,0.7755593335308064,1.0
80.12025778876206,25.591079939259203,0.9835312705232271,165.66512660718985,0.19439788204489622,0.0
145.89549673633712,38.57082992870673,21.235828343564812,73.89691563720987,0.8350633803743323,1.0
70.7211927249204,4.392322829908515,3.7948178333216016,119.97641767295991,0.43286449949471595,0.0
75.88103668472709,15.159816989337422,8.57603536300363,178.48368218281712,0.35369927681888885,0.0
84.40544514484344,57.123293393895885,19.607050507566747,70.84095892783063,1.0268240115884364,1.0
46.49989339717848,-0.07688317388164023,3.8422132430864457,120.15658841017328,0.35329817933430485,0.0
129.23059924673953,58.411035811781936,16.73805243971054,59.49978265223887,0.8037400107109988,1.0
64.27696633781532,13.913594536780288,4.893662983615178,154.6959883392805,0.23515472830856382,0.0
124.14249150635106,14.810316608096464,18.334936727745234,58.530834701770786,0.647480405201253,1.0
75.23895078092356,19.795661832469683,12.69004669695358,61.87821698301717,0.833875183557933,1.0
63.878805818731394,16.109955261507537,6.337659503638371,181.9806059259634,0.40603324942085955,0.0
141.1328928891498,38.804127299144156,14.887638115434573,82.1080301098849,0.7267279952852401,1.0
33.53167234092516,7.861731558984378,4.946358188920427,145.59437086196823,0.2897335115048507,0.0
50.080571239550096,4.181706011280886,3.5766940779679013,139.25176952779384,0.08486620363055353,0.0
67.67063464976691,2.814237575891074,3.949625632876039,176.17322958730765,0.38766158260568023,0.0
67.73710464547077,1.7859806288026103,5.97861985294359,178.55159322866314,0.4114984961017962,0.0
54.130667234306614,11.984837876128942,4.085031050481685,153.1798836390319,0.3015506939866444,0.0
72.91557903481117,21.374281096681777,8.037233009807693,62.2104187358367,0.9168742763203348,1.0
90.78497138489554,47.115074798197185,10.802195203627496,63.7303590015198,1.0628611964519505,1.0
65.24996832831556,8.49567853902709,4.229531285096642,151.6965167974951,0.06781161835027863,0.0
58.64568478985837,8.921244872722399,5.712340364096949,150.1052935068248,0.2680221473294872,0.0
78.1484939544668,29.386098966482923,10.242123886871964,78.52519144682023,0.7639611100390075,1.0
48.12839733135242,11.017512830221598,4.971894196103586,156.8091050381913,0.40695726836738816,0.0
142.50004594411922,42.028846063728,12.582852175116981,62.83569993171913,0.7387525109195674,1.0
60.65308640904929,10.821506817695704,3.677510169296328,128.99297996276957,0.25625299874939406,0.0
71.39998721883458,13.492196887020507,8.682862776004328,156.118464011158,0.2940324326945286,0.0
59.26978560015346,54.048352494037566,16.638421073212715,67.12782545994946,0.8313471389858419,1.0
61.18887608539429,12.66838309913224,3.7619660668819135,170.0307140286822,0.349671500419136,0.0
59.49600125709408,7.336764499704463,7.0929939552943555,133.35957561883743,0.1872931873280826,0.0
110.13478939175761,41.29457510269041,11.866486398215187,74.17050512553479,0.7844440544877193,1.0
81.12527782676378,46.205952568835045,13.33642974197814,67.67368828682514,0.740980062045146,1.0
67.87824175311275,1.4995915281071266,8.633563275476964,119.20495874735342,0.12723090068404969,0.0
102.39137533379571,38.91581301942298,12.859654197594837,67.0746100832478,0.5816930237178818,1.0
81.29708902081995,28.750483090837232,22.109987239396773,65.74419479539226,0.7345637526575353,1.0
55.7276173533331,12.335212061137526,7.037396814696043,195.9742223435146,0.35246082430246156,0.0
54.13033911572734,-5.103079231343832,3.551370867173282,105.5847847751962,0.3344805581178082,0.0
36.89062916240364,8.985747317492784,3.740987290123277,161.38536338308575,0.2589045950654197,0.0
82.14301906623832,43.73241909081682,22.75735923773061,65.41913361129208,0.9868218032774221,1.0
118.94098406038775,37.75617953256295,11.912769740162647,95.34723171592506,1.0089949144018988,1.0
72.58658263448189,2.2422404500800805,7.135244721191815,170.09850937847978,0.22680597164540606,0.0
90.47977899220982,15.695125893957762,7.367722620883807,118.57913216040642,0.33367360757696923,0.0
41.73971017004206,5.968509952801996,6.174825222615064,160.22949453001127,0.36942639980929887,0.0
112.4708163993393,43.80201243051864,16.300619699994623,77.62955232987044,0.7738276005974647,1.0
52.34719241617725,6.685385324208971,1.771478381151137,169.3779744808239,0.37444850797977997,0.0
42.356602667749215,7.8743249927828645,5.222541198173493,112.675085027726,0.1979238001769468,0.0
63.428450111260254,-4.7544044581058245,6.760287845263216,142.33521131657233,0.3526940772757545,0.0
65.86605921518573,4.762623099142883,7.049554782753001,179.43543382581484,0.19761368227418596,0.0
89.19534349429995,37.78683670995379,17.990018363173316,51.36321137897991,0.7682758820004749,1.0
111.49786516930502,39.88991351474867,3.111593067174443,77.20250164838082,0.7683687654667017,1.0
108.75612047910512,35.1904658381146,17.34276616412202,71.91720307714426,0.8538312985046024,1.0
150.5356014041263,42.47109083324339,16.987481105587154,57.608672205681586,0.9076599911833573,1.0
46.98620989617395,7.391228747232725,7.713411620776057,147.16355601432676,0.3018589460849651,0.0
87.81417232091832,43.909905813370216,13.79179814926438,62.193485796533466,0.7729356606794071,1.0
114.58815895166657,31.626425215448762,22.396639743685906,54.23774419816816,0.7724580504438433,1.0
114.55352972986692,43.265833045713585,24.07073174549551,82.6993864969736,0.7356360081507202,1.0
76.46090637701329,47.43735634896174,18.399558618443976,63.486735534540955,0.8803989268038125,1.0
119.79608301551252,31.535166597657877,4.8494336992528595,64.16031835227005,0.6941854205100838,1.0
110.0174230519163,35.873327157945454,23.97199461055351,69.1922679789216,0.824166450821821,1.0
47.796004953644584,1.2143930742870896,4.96001880186106,165.60165401970593,0.4196430837081691,0.0
49.02475164719275,8.031458029053676,4.759537395105656,124.66270042756223,0.3404764854950824,0.0
45.03725671205403,3.26907003565029,1.0898238935660123,176.68222279428372,0.3500242445921474,0.0
58.296168649796115,10.860834688143544,5.063274837872249,178.03900738658797,0.3521067619451995,0.0
74.45485104328543,5.028225163824359,9.954850105173685,154.38729063524622,0.2620428359268443,0.0
76.71699182022635,6.140568068803615,3.7493846041088785,138.30402931940003,0.10233172792167397,0.0
84.2027573051101,64.70398446662759,8.421752868015338,66.98066024122271,0.778810675617741,1.0
117.88806169367174,36.34998737874788,15.32656925059934,85.699355665194,0.8095558487297065,1.0
77.17770261411914,32.34874317752389,16.29856929124458,69.00928434804797,0.8739074024802163,1.0
44.905860239594354,3.509820900336983,6.998023003328107,175.91270023664603,0.20833659085538234,0.0
58.7678165846632,4.979212983656447,5.521125832985866,164.28537058056725,0.1721425204363731,0.0
43.30540805165596,11.083863320389344,5.903991995814464,173.27580509062918,0.2355035554627828,0.0
53.99580010295951,12.304173667225044,6.339645770079607,138.10555330512256,0.43614204970703097,0.0
78.5096288840416,12.833256146985224,6.1769348616493485,173.91243652958482,0.25353945035576914,0.0
108.20847489325001,47.90122039516775,15.120204205454485,74.48427156094445,0.7539983394058396,1.0
119.93749842826001,33.336746664840454,12.033864250674966,72.17693237653452,0.8181521330316505,1.0
118.73362506144846,48.485852134395046,5.757690491758748,81.91358523304358,0.9971122711472673,1.0
112.57088817072875,46.90183343085898,20.571041444388932,66.2151966105528,0.896269068688368,1.0
40.662078813179576,20.472683292298385,6.988654691771553,151.80881633884576,0.3173311507701605,0.0
118.14768279728534,29.777593615604673,19.405213187850627,65.24822573499605,0.993996523251338,1.0
52.041781081162775,0.8445367832368227,6.86728551934911,150.17312194005527,0.264117824965373,0.0
99.79688320985146,45.60444227446126,8.516885728672623,69.03380427161335,0.7715101206246985,1.0
102.26945518637902,38.329197018288184,12.579074712152702,72.36037487913856,0.8002997337240898,1.0
94.33853021038762,53.88004384536325,12.516139641745319,85.56024825874123,0.7795330225296765,1.0
71.40887837175123,6.643852666596629,6.820883127351523,145.84972482771883,0.04199401496962496,0.0
66.48313422805428,18.265718465540647,7.3303585876269395,149.6176342244615,0.4135261007117982,0.0
132.48554245065134,44.140463388702074,9.962175700770413,59.70895245212719,0.80721281400938,1.0
100.23957686398956,33.496625669747694,17.48626886039255,72.67273792396949,0.8647440386514668,1.0
53.60367669174967,-2.6582810288672416,4.630929631440503,162.18455333624206,0.29856018398597356,0.0
37.412632475656984,10.667558097495826,6.146918370990889,148.4844812293565,0.3670713602142437,0.0
102.5850184632619,38.978427810832706,13.224763419582999,74.05341598428335,0.7778127426398078,1.0
77.32277626458688,10.099394104169992,4.976496669847375,130.93666866479867,0.18866602126451337,0.0
70.21984272674071,16.49201684906094,6.840673215242116,148.30008576518483,0.26956736651611035,0.0
42.457538580194424,10.47898099679462,6.279464010252219,96.4282095970508,0.3618036600512678,0.0
38.21507979815993,14.15785291267822,4.668604805798026,155.4697054123849,0.3859171402161444,0.0
63.730715879606116,9.6338900574413,2.7763349195498153,169.34708864095396,0.18653817952221818,0.0
102.41446787105284,54.89136740981149,8.01817005589701,71.16267281682657,0.8540810810109957,1.0
124.41238170030017,55.22574440731251,17.025404048825553,62.04296777853411,0.7795858100792693,1.0
68.06481631347859,7.951995321886635,3.780516992387892,122.3836803074029,0.3482005049559177,0.0
50.20344627015355,16.55032539991415,4.231083056682897,124.08105468345397,0.25856195103068363,0.0
80.36966194305502,10.414905713281424,4.589945464752913,119.93389836370494,0.06020010624497252,0.0
86.8446428546423,49.104516258221906,9.434893699685212,73.46587598791007,0.8890382289332569,1.0
92.769785467685,40.603609226774694,18.63818805176356,68.42416226852278,0.6847291400790385,1.0
71.44799221488869,5.469040585237143,6.041196760442289,136.02016859568627,0.26316111056718045,0.0
61.79927812983782,1.3416159295627992,3.8277648901875168,122.88560630121216,0.2851284493125684,0.0
62.1739811683709,1.1116161722263875,3.900986816840338,169.74132604297117,0.3388507701815451,0.0
108.91676538814451,44.84564217202356,19.880567820108723,67.26083897199653,0.873887461116568,1.0
63.16887050568917,13.429478267075876,4.748751432773242,172.41922963997607,0.3359399486115988,0.0
114.58009231802791,41.79709640298709,20.811218132593464,83.55034950752288,0.6563996270337564,1.0
39.87514826568076,3.6594930556524723,5.385250782925645,148.5285691376313,0.5225025074460771,0.0
110.3134874731099,32.86835144946093,17.14508968257001,77.3752602329797,0.7908321175113056,1.0
118.32783082037875,25.808216856712903,10.268680782012105,69.10913351472843,0.7344547206300056,1.0
121.20357978916176,50.802954351292534,6.212100634714103,66.29630234367346,0.8084145891534741,1.0
80.36125144211641,10.46643463948369,4.58222782342551,157.483169866006,0.3805028084689913,0.0
53.188462006496934,19.86270509604531,4.2104859170468965,176.62446273278,0.26722357691697995,0.0
56.22390945842724,11.747786323333804,7.182254705875288,168.4572689459617,0.4109399082785259,0.0
130.87166675157948,41.39849844847224,14.446612481029163,64.35619739131357,0.5764426862998441,1.0
83.15446643491471,31.75531681184026,16.07418270736224,79.99532638228132,0.865038152442795,1.0
123.62635869676562,39.59470780934549,18.40407073819189,69.25907035298759,0.8187223575433361,1.0
68.8952615961795,39.00202472637062,17.008624563158996,67.5892819906283,0.7254323887089507,1.0
105.47808080518173,38.85694259260444,5.850812704916523,74.18065573222553,0.8227527947563062,1.0
54.304958850899894,12.728140557731132,9.354668561303635,114.97404510358913,0.21166649996751769,0.0
88.61499396200597,22.115632939692226,13.482969364977073,78.87462111307728,0.7583521143355363,1.0
68.91929668124487,49.52688176950838,22.867069572222576,85.28920827737808,0.8451743522261448,1.0
95.5076963947667,39.03097618888407,14.638562714019548,63.76760425420165,0.7472497338770403,1.0
123.6322696315554,40.829122336921024,13.493562407781347,83.47084401653815,0.7048631022382725,1.0
122.60879560342327,44.0436677646635,9.05730173448662,74.1829876034174,0.6963179457332862,1.0
98.44031126015417,29.653373003413623,14.861312785828813,65.09800075368246,0.8290522554344969,1.0
51.87416498596994,9.643056009071687,4.798687110657605,169.09202445630922,0.27974130939865394,0.0
63.219613084719754,31.735507271290405,9.614827454022485,77.22588686131678,0.7621499037497849,1.0
71.58879552021324,11.898392111228402,3.4755617213289898,137.11124135751515,0.39416818848589796,0.0
80.77739696341129,10.541969980468608,5.248440622016535,160.84064567324117,0.23965908538785752,0.0
97.44505962246832,26.713692341924865,16.78195448172824,76.2513045641665,0.8283065206606636,1.0
107.9331099159898,45.129627413520524,17.481257147553112,68.11447204456849,0.9267583043540454,1.0
97.1479834512396,47.36832746561437,12.319404403686463,72.11392998699148,0.6398678579278506,1.0
116.31488024462243,41.387424935717696,12.689610168420293,61.909738058513526,0.6869823201888721,1.0
138.06324426839066,61.5306032414639,19.94978013991171,83.07399683577833,0.7904135916132204,1.0
74.20126801284965,11.941870738841352,4.276172694962731,184.064982607632,0.20563675218874414,0.0
82.9425765588837,31.57128897298867,17.56172500685074,55.22371723140556,0.8526582218629176,1.0
126.58666035095672,38.27292432473541,12.42641656967007,93.96329026177096,0.7609932339315029,1.0
104.69841041687593,50.89657258130269,12.817558304604198,85.59954924558096,1.0104640390450572,1.0
69.92649337283103,13.047455494140989,2.2702634370355175,154.60195548076408,0.4066774262026034,0.0
63.76647961064016,14.900289152369439,3.230479195204345,140.7360397568529,0.2231848781241272,0.0
41.773200914974936,19.32721745825432,4.80135174298285,139.38537499627594,0.24466531949192102,0.0
82.65762769874047,38.612583988121685,14.52172217088261,69.03043611417411,0.8133653541185754,1.0
75.59497733147236,8.421947363608007,3.6536112070860076,107.26607292248121,0.33760904289069676,0.0
106.20793070162136,29.558392998227877,14.708534148392255,63.10104673933223,0.9563807830882126,1.0
88.41278219072626,34.99097724871062,13.60339667035477,95.54946845769909,0.8076855443966154,1.0
57.61526494506439,20.103177102578087,4.4859446747570635,178.27696284795127,0.16936763344442574,0.0
131.33961808467186,39.92608695075088,14.117282428344417,74.02699224298894,0.8607803067856261,1.0
59.423702754798036,19.739307044388873,9.000431140524743,149.0420637216763,0.2590361517154565,0.0
62.55328233349598,8.317345708192644,8.27546720605851,135.60169735956845,0.28385378024049873,0.0
43.256473117355185,10.55016312545622,6.013154852331132,131.17399821420517,0.22304751904962172,0.0
110.62387597764437,30.496601174190026,14.397379254525942,70.23380341251332,0.9469545707728689,1.0
105.88372079618922,42.582691223679205,25.876137939962323,86.5993862716492,0.7691770304257365,1.0
103.63697677284331,47.55238502594993,15.149568437261147,87.62411519222798,0.7704074938692009,1.0
96.85955481162071,22.80269141972001,4.289896052666883,171.64643045163734,0.24267073246709542,0.0
62.79805627002692,13.603726931042088,6.225387339885145,132.17723006452715,0.2775060349727577,0.0
76.2050878453537,41.36936975585626,15.452284888451311,70.91430136862391,0.8097617042304941,1.0
60.77045401338074,6.979380453408366,3.2812556479513084,209.1394991352534,0.46800736622106615,0.0
74.40195406074918,7.553024688650754,4.139925994322638,155.36163135493928,0.32866621949134633,0.0
76.78781416454031,10.919195189240536,7.630815172271661,159.104013122116,0.4719351441714519,0.0
78.02434766795348,2.273512571934803,1.803687621672911,153.4410665185121,0.25390445972320835,0.0
92.56587835060608,38.372152951950355,12.705983024327974,73.14960911460413,0.9021664265302447,1.0
100.77583490818114,43.135287778637824,13.461716460229516,90.59913580057642,0.9070112532317537,1.0
111.30672750028415,33.80212398968004,8.437389233377923,60.758590735004134,0.795038014195141,1.0
41.77258459710982,-0.03466538594486934,7.828209784257538,120.21078725101674,0.4230520707316681,0.0
126.74347866561037,45.97550527860614,14.70793051467819,59.51661491144925,0.7581991615168358,1.0
66.91509458274479,7.382933150706964,4.936737554231226,135.16502051303854,0.3838557952104441,0.0
74.95632276223557,29.211320272861087,22.25777021756535,72.18405517400565,0.8616999663772501,1.0
48.77517391636988,6.431018788352278,7.262031429819199,149.18319210616164,0.3622749640424896,0.0
125.64523683102283,43.535667478932425,16.581007280327967,64.82364721757271,0.7716275146478939,1.0
59.650067152796616,9.400512711950228,0.39190581961581916,165.0916362643403,0.40432415000933475,0.0
97.0376236660336,52.76218072572754,19.49629173934098,73.00849382499864,0.9152988737947338,1.0
48.46734422462642,15.580710795485597,5.9444075559661105,154.15642205282293,0.29905199562781076,0.0
91.1481324657344,37.89838750571134,11.306858616896251,53.34364641417474,0.683100237819833,1.0
93.21393154955854,26.366866926228756,9.238063889159056,77.94343039914472,0.7878638913609552,1.0
121.27341990021937,48.391233209659035,16.15027334480261,57.86396662569725,0.8523281434987939,1.0
127.69212410109282,59.16091715423303,12.935683492762859,75.6497062027715,0.6763781033209737,1.0
92.1942382555527,48.24361681580638,12.901721641515142,81.77007272462681,0.6608946694658587,1.0
66.05617507732507,10.29925120091333,6.122768944483735,159.64633596945075,0.3505087628228507,0.0
54.051166515328426,11.791582931523344,1.1157796795939827,125.3467160006133,0.2788377517454069,0.0
57.11310087116765,18.38898603649064,4.2558415367992914,153.21894112094515,0.224902558893727,0.0
119.95816350065762,40.41300731572386,7.112093900202488,62.14271189190984,0.8868560289787251,1.0
84.18595865645025,63.06281214582514,5.9712231552375545,57.08828616666921,1.0064593552040422,1.0
70.01941571685569,1.3353207257975246,4.541257696489944,149.47592788283524,0.42913236154180223,0.0
85.29420863529086,2.4117112338582185,0.31861065633021735,162.0242508514031,0.28583905062406967,0.0
79.23628383649496,1.0909796063251118,4.9659046314727835,104.95665285473814,0.23986634945126803,0.0
114.8247578516489,43.92125647417834,14.047844271074506,62.82463561236894,0.6935431193419123,1.0
131.66068150780748,42.485910844061,12.087063855467292,85.01011973461206,0.7298189532136351,1.0
76.17728129482066,2.994122129632501,4.129729367989684,150.97565407879867,0.25346352434689007,0.0
79.43024274299677,10.212754163928546,6.522626788588287,151.15105226272945,0.24988521494034552,0.0
46.0679073999814,13.790919324548224,3.9155892351035178,172.44599596844736,0.21703465485052784,0.0
47.07585432172338,10.653914526465213,2.926118041089692,112.43749917778479,0.3094207991769911,0.0
45.54290401682956,11.242595412773518,5.15782476490816,155.92912002209303,0.2639482909507112,0.0
32.944629619360576,7.163000811913082,6.250274865922026,174.82879547254706,0.19998941119276437,0.0
69.25629833791345,11.375470743954356,4.518740121921134,152.7151494806407,0.3904364359136495,0.0
82.28536744673443,1.4194993295138154,8.270043128098218,151.9157405448701,0.2726534417772294,0.0
126.74344368007088,42.52377629438711,17.66434071175562,62.21009725124434,0.7664822624618188,1.0
141.73285034725453,30.32997272126466,11.08986473004989,83.85993168631364,0.8675183459193458,1.0
143.30236200907376,33.018048300100865,20.467376861251037,73.2191395612588,0.8724762491043128,1.0
110.58125761486872,28.896449842808533,15.90398476545205,69.71428801535963,0.8485585664787478,1.0
76.0707921840287,14.646218889040293,1.7196079097338854,149.49701587783701,0.3287952149588082,0.0
98.23354374458036,23.299176063347485,14.485851660121172,71.80916862056924,0.8303383000932264,1.0
72.42597407426936,10.637639739882943,6.193503651630359,151.08692416936935,0.2819322532132521,0.0
73.92088600045591,48.140324150644275,19.776792011957102,65.1462166834292,0.745898549818554,1.0
107.28210076304947,41.297749266891515,18.49399702089687,73.66193633946051,0.7125567230359824,1.0
76.49935160991092,6.1454601442613805,6.178571586836384,170.43415177650786,0.3156757134947629,0.0
27.29125257587004,10.488543569786987,6.011103873277187,128.0660830981128,0.2742644387959264,0.0
104.37689296183328,31.94518483618536,14.481607795481557,79.7834908280942,0.9438471004519157,1.0
65.44143796802774,42.41421753535834,9.855337412311307,55.217403360539194,0.6537148864668069,1.0
54.15970163308073,3.054651917541724,3.702245659359237,114.04072379083576,0.34540225302314814,0.0
75.68909011843185,9.024237011705774,2.9501569231382647,93.62497554188879,0.33400239256037334,0.0
65.42933842333514,5.931235963859271,4.055369436841263,153.973469436388,0.22693883892428404,0.0
105.82646594432137,41.97626556358276,16.509685349414575,76.17558092454578,0.6541779865211577,1.0
63.09153310606127,9.653472096014138,5.209134587473961,131.87339462878836,0.19465506913064684,0.0
101.2031546771637,34.22021192516621,11.350310518042317,74.63437204294164,0.728708535585374,1.0
16.619188247896687,10.32244656127133,2.902798248078311,152.5557222623652,0.22507179326447435,0.0
86.52798903741913,55.381960807360315,8.82426575164965,64.30999658773149,0.8924874914980021,1.0
65.10450148699282,8.79798256078452,2.840843670587972,168.75919139744232,0.30493228584666243,0.0
62.38122291311897,14.706210153652822,7.02656244687825,142.65314998263986,0.23458774406168806,0.0
68.89992910407547,11.897091875186401,3.970737689033755,135.85011981001662,0.359746225248053,0.0
61.22307356157728,7.362784735968523,0.8902960548255265,179.76373665144894,0.2586223887832534,0.0
96.61042317473988,21.211735894972602,18.303372142244953,56.19243528108262,0.6425416392253909,1.0
87.197992860552,48.38676144848847,9.796758090797201,69.68143825630031,0.8650080352515158,1.0
84.88520649608803,47.677947893949494,20.85449753516146,78.51313574859348,0.8264267496915998,1.0
109.67185248419068,30.27823475068875,14.693221091017742,71.43050624828714,0.6387604880662004,1.0
84.87375020654105,46.716366820981705,15.308715425044486,79.76486142916215,0.8011780974710824,1.0
103.617106571824,48.54902989564936,21.32653288548645,61.17163629223242,1.018648178030913,1.0
130.2506881253815,32.38764727651653,17.710272719201356,72.8296375483421,0.8607789067431214,1.0
127.28696719699236,39.107341177011286,9.242500123220857,76.37449762145368,0.8727404857652865,1.0
68.2388000598664,7.802469961416415,2.3505356724932294,156.58022763671397,0.42269525695730403,0.0
124.3965939712761,30.14298273844615,13.858414887347243,81.36779849271164,0.6288428667490382,1.0
106.79551814743522,35.40783398216736,20.56634383428553,84.93722981171979,0.760201999325464,1.0
41.947323653147194,14.88164493706125,7.628884905119337,177.6152102915496,0.34374243046840436,0.0
116.91655861142027,58.66674195776072,12.069139472045816,59.06965796919749,0.873855879191905,1.0
133.5981881961162,32.860080263473044,10.370777802938495,64.18129917344586,0.8355766757230463,1.0
56.03360104724923,6.366532777396575,3.99562752461,134.97255126782704,0.14598163705408113,0.0
37.80772838004624,8.122422119693141,7.850129950390164,150.03528628682923,0.26787919313538056,0.0
47.9666057541931,14.91321689532288,5.076723336224125,149.77881328300845,0.1658178689072963,0.0
93.24410586165592,4.1804834551739445,8.466996682560351,155.41415034942523,0.20384165327337847,0.0
78.49228976255934,11.140822073589979,1.6107249994516515,149.0900447784356,0.33703065613252264,0.0
106.31627452833332,52.99471609436235,15.953480713631544,104.03950659125982,0.8174655528820429,1.0
80.37923835795186,41.100088073177396,7.760400422631454,77.30038470333668,0.8657077544577675,1.0
77.70111346246851,61.60569032630049,6.616777523688228,55.41802483451487,0.7680282751732889,1.0
104.48073697585119,36.75452238991937,19.014565498228905,69.70932744861724,0.8709195174712889,1.0
90.88659316539777,13.000518468468641,3.1111401175137816,191.64945681966196,0.2749984003687442,0.0
50.021116198545,16.383642653716073,4.546081249861124,179.7156431417795,0.4835053274479536,0.0
68.29037957579551,33.36326635739362,14.256675770231322,56.359728999318946,0.807406464371786,1.0
143.73876121953634,48.08926548067238,14.623206190302135,55.25982397652891,0.6934636608794659,1.0
116.50364601211012,50.0675916131605,13.703840160086363,59.29158016754877,0.7210756712164524,1.0
43.06364483977501,13.601907627133905,4.6690444184586495,153.86179341985326,0.36820949270438985,0.0
63.10902925602893,12.171004989429024,3.3236453844025524,125.65638444401628,0.41683072959811407,0.0
34.32626610849755,14.74383723275117,3.2396818103667115,145.57407716892607,0.319359306481106,0.0
103.08482848680717,42.27097003094374,11.001675837745752,84.10146313570792,0.8465322601599328,1.0
120.31199824503983,46.342508164605775,22.129130629604976,57.925233707645106,0.6230733591837658,1.0
78.01712331006904,2.2776136053372964,6.087071770598531,152.42117393062776,0.23668375952226717,0.0
59.386874871635655,9.59686042243909,7.691446468490943,165.36537026789688,0.30902983716932425,0.0
53.48864704345408,6.073885814343074,7.521726295338249,144.31308880892854,0.14971539133889122,0.0
91.4312334084077,15.13138052065985,5.7130367611064905,67.24544844084924,0.8827318671425377,1.0
101.32624397915744,35.58119743859377,19.362341714275676,51.276613710804924,0.9464595649590627,1.0
63.3607584003778,13.778332797552867,3.3231182994504262,182.05908022664187,0.31890484906033956,0.0
62.62876820562678,11.232889842810748,3.150826595036765,123.11690168961417,0.0837680903273127,0.0
126.8875357701135,42.958686392108845,7.274646056833623,71.57081920249834,0.833344280843009,1.0
94.20167513872235,41.756517283691856,20.129787748328766,49.62138347565631,0.8389489272014918,1.0
105.07847425585969,51.04824423250565,12.698371868474258,48.58410177375245,0.7976033668038459,1.0
69.11569269681345,5.692711247287916,6.139656762743565,153.90367292333528,0.3420924003147554,0.0
92.08434813445382,30.690683512372555,15.286509887255704,61.70186959281502,0.7630977019234032,1.0
100.48724767166007,11.73781868430298,5.1597423248615515,168.74923652593586,0.20687353585526752,0.0
102.27783324815462,31.962671993907193,2.122983261590335,64.67020007474781,0.83193982034563,1.0
58.79070786782741,7.0931546409744435,4.054824468192739,174.51633871255348,0.3398777945382759,0.0
55.96069148491355,13.919707265376227,1.4061594721745618,136.1370444247772,0.27453493900206,0.0
96.03896582253775,23.55035820080253,10.025973792318663,53.56777254800958,0.786892816489345,1.0
110.50145584242486,40.302773319584986,9.995777230964752,60.954170853201845,0.8317299225049996,1.0
93.73821766231785,26.270404527393843,6.865390026544166,60.66437776596069,0.6288700569972414,1.0
75.16662490811503,1.5978507313604275,6.962020871522372,168.48162818721292,0.21880005075686182,0.0
90.9783963981657,50.41661590362659,23.257823894155518,66.85872575517232,0.7917467436396424,1.0
72.90003524673376,6.013577119666673,3.1385961478776228,138.46034521795528,0.20746698338549774,0.0
111.23362332376271,45.41343731352793,14.275772270016612,65.38907180442034,0.7387034851098322,1.0
40.16052348134322,20.53228522024161,7.545147889447701,163.04009832513643,0.4262889163436505,0.0
61.51899335804207,36.867925039953256,14.109214650460885,64.85580529155204,0.874080484941104,1.0
65.37751398963933,42.24953489728079,3.438249552084798,65.17603094668556,0.7335774917339969,1.0
95.75025379389498,54.431974888045815,16.75383336479228,71.6503529319482,0.6651650961412052,1.0
17.671483551981275,10.191127471129128,4.341445611539449,152.3707033566282,0.28861317573612805,0.0
32.32150271505549,5.205316888054884,1.7237013408847566,115.65552736709778,0.17599039042284176,0.0
54.9178150906034,6.904353927937205,5.563698136118003,177.33096491640748,0.2621795656368253,0.0
126.49297051133034,51.58925944654538,18.838985330251635,76.76453546256457,0.7518821478451794,1.0
99.16757413026825,27.25645631606423,23.73361304968258,72.04894699060911,0.8054570324542827,1.0
90.5533476682071,58.93917287261641,15.322763274172136,78.89786589579722,0.8530254879152062,1.0
124.70698379678525,40.721242788629695,22.524056289286836,83.00053954597462,0.8201707507915458,1.0
44.95148899468769,16.421893966887072,4.88791127658416,124.02231639108504,0.1991352366424858,0.0
99.62377921404786,51.08294718044098,11.018088584244385,65.75756723363675,0.9427339902994752,1.0
121.35320149022333,28.0302747049412,14.099107156506374,76.52487234083769,0.688808946682598,1.0
117.45140457396728,35.41914880297783,9.034569551500228,55.47045120034087,0.6949423710186423,1.0
24.91254104509119,10.236507960398717,4.621248093259619,123.50633707125857,0.23030426807199705,0.0
48.93260274040285,8.507856872068071,5.698960539688461,155.18795537447699,0.31848694569451086,0.0
53.26346182053186,15.585542126375817,3.6870657253560752,99.89465691123713,0.2667812907622313,0.0
90.50204897091217,59.09891613158926,3.8839361331083424,77.56343095167244,0.687770553162806,1.0
105.38704647411248,27.12344307589452,17.758440193738323,68.18718827715563,0.8860093276316072,1.0
69.36800516184177,19.577290622823007,6.548557860362517,127.28937429532962,0.32335011252952106,0.0
59.9605573252502,15.045605954779553,4.980969486189327,92.14020439513087,0.14861556546333016,0.0
79.22625469542164,26.0624601789849,14.794706295073299,82.27402403961857,0.685166956259532,1.0
88.76652843730457,7.72482610732871,5.386055848978305,185.93076897148424,0.4087711185750212,0.0
83.02207149234783,7.36584927281449,5.084915576133564,159.5659316230263,0.4499977882272489,0.0
119.18724254582983,39.043214298903756,22.379879287831105,65.08515241506824,0.7828144163414387,1.0
86.43897825084389,36.290155104481144,16.90366664347741,76.11157804794256,0.7202436781710628,1.0
38.84400959235159,4.171098851402194,7.349343816697958,168.21628828314397,0.29462483869945016,0.0
101.13808886858438,35.466745611058194,19.28553071072411,83.14530908569925,0.7987798550784556,1.0
112.63798475005733,21.041458324269122,14.32828382467319,72.8850254657451,0.7747411822586666,1.0
44.79982538568669,10.021193057319747,3.879354187787609,142.27969527281843,0.37649228315437816,0.0
53.17113745189066,9.030098462418112,6.195517501007878,149.09484183651003,0.3440040187081675,0.0
46.25256742411072,8.905973218380513,2.70089366359567,129.92414411375498,0.3153538592268881,0.0
74.2507622732974,10.876154617549165,2.7560941527745353,151.90579350048023,0.4638738845274122,0.0
56.466619428582426,7.098244109958138,-1.7462830370955933,152.55736408941266,0.3482605640684917,0.0
41.44386197994818,9.49921772376511,6.142385037367788,146.7224957476167,0.26052662594289067,0.0
58.16527522303242,14.000872615119897,3.5145242190201538,162.68164034247945,0.17700748188480658,0.0
54.45986345316359,10.135030868256328,5.754825040390013,122.62278847500373,0.3135981151548659,0.0
99.3221863291047,34.470444977560774,13.140109569184593,63.447613021851424,0.7409865394115055,1.0
76.73290928801453,12.146118645469581,6.9778085389917734,138.4000255315135,0.23413337464947342,0.0
130.88913272242192,34.10411878488404,16.468350903426686,59.50755397752223,0.9069987784703102,1.0
56.31743306337863,9.67726444337107,8.061460557615662,132.33692013263823,0.1571808583549313,0.0
131.72617144178946,49.41454221516534,3.4707542762746755,57.479000877048655,0.8352562770943968,1.0
93.16685741591488,55.86648816159365,14.32173187655446,87.59647521580578,0.8973364814153769,1.0
95.81881510968596,28.88964112246093,19.93310946897026,68.09887967573498,0.9895660205602892,1.0
123.91998586042504,26.303410808602177,11.291094866871369,58.74788449621571,0.8814031895681487,1.0
113.06711505749917,52.715048819469224,20.979733159014508,89.66343742594009,0.9416319864968015,1.0
53.05845652424057,15.775985566796233,8.058523327554253,139.90889010730857,0.3675423447174101,0.0
49.01075941489526,15.785521368482932,5.339193424779037,151.17157477763323,0.3245533356182172,0.0
62.678302025726104,15.071478843230548,3.895010756347372,176.90234651692694,0.3247222596798395,0.0
104.42818639339805,28.960552181886648,8.18127194208695,69.84601364579501,0.7793436311593865,1.0
55.59309727111586,12.07038139362082,3.424175603911852,177.99649853848555,0.2996687396305052,0.0
46.29347917523859,0.20363348418446137,6.224380743462458,128.43702680900734,0.47394999970269336,0.0
68.03152727389828,6.628093336031455,4.317294751672304,158.7080805788885,0.2980834876892021,0.0
47.65937596355927,1.141269702231659,4.587916828320165,103.68475388254159,0.26550838224689055,0.0
92.54899245646091,34.439109641316456,15.746059837985968,56.0309675793286,0.9736491884999265,1.0
97.2002633032368,10.46437595029457,9.053311945531668,136.35758915707808,0.3616411374186987,0.0
103.90183308084202,43.44140690792237,18.660989761440632,72.30939929306363,0.7040567421208587,1.0
69.26916636831888,9.405484870660338,4.788169551583503,145.04241978736803,0.2925899499214615,0.0
104.5491832753863,53.06552970901707,2.1510105644908712,63.44972939857515,0.6957138423628866,1.0
119.7742678020952,31.75246701921528,19.267237316198013,58.35633266114026,0.7906148034858893,1.0
64.20923728800199,9.48486735875708,4.0834623447907346,135.58714894628682,0.2869554922953582,0.0
53.87808133964661,16.89560818737008,6.389719276376472,149.09771430439875,0.3624123996895771,0.0
40.19388839513106,2.726305226461239,5.621088545187513,149.39682345787466,0.2419670092791747,0.0
42.899108505049284,6.968347236112445,9.53352982239689,167.6754383038202,0.5102748771790038,0.0
99.24668231532269,37.750058816932004,19.24695856038986,60.560647745637034,0.9245492499495765,1.0
91.85591475360803,43.68696776013181,13.605459249034386,62.426551558591974,0.8941044408138642,1.0
126.20005493222095,22.660884788195894,16.685960149855987,67.21292978137309,0.7806177506373866,1.0
114.01036749106206,41.438337970136175,19.485455272561623,61.16529294029347,0.838578241997651,1.0
157.39306097704926,30.255047798239374,11.237057353825882,65.87559462104578,0.6692340505836072,1.0
94.84600958391384,37.21382035404283,16.6049866323898,63.879320114838904,0.906380839667223,1.0
102.31463428037931,39.86043481152464,13.984630469477707,76.90551810946131,0.6918974122059165,1.0
64.36517106783062,14.659474488531743,5.258704752445702,144.05155808009087,0.08103453527295909,0.0
57.519693654432885,8.208528307628747,3.8922117176992854,154.8017738750209,0.33277147370350924,0.0
111.92017201116875,63.270729514780164,14.982156435371417,84.52239570028372,0.9095906634582487,1.0
94.9259436058122,9.523140867599242,6.342865599588049,166.4382914453019,0.10537440817013888,0.0
107.36888479550717,31.993078510416623,14.830216786622021,85.17069605132438,0.8647301778764128,1.0
125.15134900969024,27.18566687645108,11.091487296274625,72.93545278190058,0.7654411911696266,1.0
40.87679850795807,6.65935168016342,4.613068567796073,157.5203372500934,0.2917616386408696,0.0
88.27893008326325,36.371058527877565,8.247072201595117,67.54277466963194,0.7744521869640745,1.0
67.46841143569954,11.012773958852792,4.649179012445278,104.31841159183011,0.32003651101106445,0.0
131.94444819202118,54.012732484539896,19.998665613656186,71.73967788436003,0.6800398010772328,1.0
61.330938873571256,15.578250821009776,4.616236060672095,134.83056285033547,0.3494827348605741,0.0
41.467317750903135,7.1450416988189,7.556415772490476,184.8852536386873,0.2211616261998939,0.0
82.11404838131949,13.352975325737038,6.159843042001503,164.45830771031012,0.38779603266096496,0.0
108.33004694798407,37.96348104160765,11.61087210060788,68.20246618888221,0.7818815951692153,1.0
62.91955116684666,13.483168633107699,6.799305328276128,165.04709016762448,0.19686560790432106,0.0
41.132183447084415,7.592724336248663,2.260813842441087,146.28038003648297,0.34023774858979416,0.0
114.90493435285822,58.59401818377477,17.17268838691593,90.8663672129329,0.6396456293319991,1.0
61.28250117494985,8.702103699418684,6.830272692968333,130.56045073597625,0.17332333377057568,0.0
33.7812978484604,8.003143962371748,3.7633323088689554,170.21512027664642,0.10920632257665319,0.0
98.13006847883705,42.53119119189512,8.994776735582775,78.52909738273269,0.6078205281988102,1.0
86.954078748325,12.22272315582754,4.4065065539376524,129.09514709040775,0.34215161845225606,0.0
113.14312934499353,47.05134182901294,14.48962514636321,71.37994608989752,0.6811781295057739,1.0
96.48097209157238,28.372731550192054,17.775471041646362,70.45133367629978,0.7069299609391818,1.0
86.43884498860302,44.201229140563846,12.55200068792189,63.770965623276126,0.6789747599641286,1.0
81.2377459913333,6.864785222572143,-1.2971669192543,157.82062309256202,0.2697048257321772,0.0
137.5917281539221,43.18412491405302,9.866640916171988,63.790948478143875,0.9337520458688562,1.0
53.701748982140714,14.820541665290143,2.7895930977741994,133.86348324424787,0.4725502771917738,0.0
147.3932863641251,51.10794674848098,13.35937630850057,70.89346098543307,0.8180698722558285,1.0
120.7727535904445,39.91277749095487,7.281831987916495,48.26646094392842,0.7200344707553439,1.0
63.05923086480163,12.26192445932148,6.23489082281849,124.04562353397229,0.3676602115483336,0.0
124.83070417434567,43.8050588646233,17.19319017709542,46.000603667513346,0.6678449681162028,1.0
68.39223422677917,17.223345951507213,7.790693142610458,116.2813812339073,0.13985774936721213,0.0
121.12613087699151,54.669177445089424,5.878511350848063,68.31153294589714,0.9603547704912814,1.0
102.48797275566287,38.82840194493655,6.772323934623985,66.70537404065843,0.9537531665231247,1.0
122.97672594599322,39.66535333257071,22.790322169488515,81.0295342017982,0.705662443348381,1.0
75.54711685838296,12.040593147612057,3.4605395975915343,170.80769136815346,0.19117777875200906,0.0
99.06625342670951,38.82259970003924,8.300653496614338,68.20054354856276,0.8589573073930126,1.0
110.66072845399303,37.177184474534165,23.75721573147158,81.77600327568652,0.6633297092857601,1.0
105.24929646859857,36.99179327945488,21.500635276904802,87.55728624963125,0.83381593621229,1.0
101.02965178616031,44.82041507862983,11.419907253073209,67.7798428307119,0.985294032621507,1.0
121.4859349976358,48.26105165614203,22.660912628662288,76.00240885047299,0.6476001538059055,1.0
100.43278667545843,46.824075820936535,16.181648038018032,60.54513416504905,0.8520292090178764,1.0
57.30271597967688,10.526548637050835,6.864088518569986,143.75360486217502,0.3107310790743041,0.0
138.23694672814884,34.22219005602523,7.361771461906485,76.22484642713985,0.7263342192229051,1.0
113.85819326356665,44.58202705790075,11.233837794696756,73.74024238788597,0.8735145453242936,1.0
117.4981994544788,38.73112284150271,24.87140329938422,80.84510096159765,1.019878802182162,1.0
53.057191402268295,7.2012350910923235,5.8168613360400485,167.63103359464603,0.34256836445538763,0.0
105.24302354208058,29.395487424320216,19.622697559925342,64.0122596641649,0.970248453427519,1.0
114.57724945374075,33.821291577298794,25.76069756454509,71.14225877116002,0.8563218922312835,1.0
85.95627420330229,40.632065475239735,14.061110744325246,56.051883673019844,0.8959068469120194,1.0
23.680180029622136,17.66453955060094,2.050679615061331,164.00621648058294,0.4070727867754356,0.0
89.86004677437212,53.900662116582396,14.330861286893441,81.24191961821316,0.9722504721367422,1.0
105.51568807398189,45.777102582923376,14.7732301857522,66.141004159915,0.6619809716585551,1.0
62.624363730280564,12.830551601739808,5.3016320448920045,169.1691570387527,0.25292539097958516,0.0
60.43736321062543,16.824859631607875,3.2216480475937845,172.5993773567529,0.27050437356703977,0.0
67.71088934748997,11.126149755832342,3.026535915141749,184.05632749228025,0.3843934287282471,0.0
101.50539340342458,24.870122787461995,9.010629537983446,93.94759805811259,0.9146454750537579,1.0
102.92218699536409,39.57182716373022,21.749122798822604,65.94885758092404,0.8594587875117448,1.0
88.52122411623535,14.334183072063402,5.3471191614098,151.4035592009524,0.2864462752628699,0.0
133.98794593747067,56.36591154409025,17.32957182933075,67.52521942786342,0.7022108420580209,1.0
70.55103351414823,6.4619079259782275,5.701989885670328,135.25518929849656,0.396040432570786,0.0
36.87812584114023,13.73429908922013,5.054317775538927,161.5702819689756,0.3432825968131523,0.0
80.57450382743218,11.582517808390806,5.816079236241409,187.77504472798788,0.35661335417984263,0.0
78.8366700938669,7.867643455418911,2.4193259881288083,120.9181508894045,0.4909472024784633,0.0
42.194535696087996,17.07987259208009,4.671612462749902,138.06965518673115,0.18681773756020298,0.0
107.90659634162978,47.70173079930794,14.790840973973687,56.76976348098576,0.8861198092718137,1.0
90.78719952099509,36.47221167372547,10.078549198814216,75.38608616021368,0.8139612211686711,1.0
71.73883852408647,15.065383941846457,7.549723644906987,140.47632093343975,0.26566127657615035,0.0
87.32048066045974,13.379735954934432,9.135177333330883,204.38928372331188,0.347205105114087,0.0
71.75374907758025,4.448998807376913,2.4861302697161287,112.94744286441599,0.37794217338610375,0.0
52.90664351468863,15.494874506183702,4.121731532348004,147.7056381326014,0.2579711123903817,0.0
36.70011548369342,15.52226940643239,8.652439745553377,189.19306376116998,0.2416759657207809,0.0
67.11925961981709,3.602259278075632,5.917770680847684,149.09828446396378,0.24468344608868792,0.0
107.71107770747342,30.923149246331757,22.05718353511639,74.4767828787684,0.8504583532395442,1.0
77.23452119866232,10.753057695954269,7.3700474846094775,131.54397931572473,0.2108842066030595,0.0
123.45649702451469,39.14141876827367,14.981882676538733,75.0819412927564,0.8312171240341851,1.0
111.66690122856852,29.319538997869905,20.29496383428822,62.93692518005858,0.8364516492107196,1.0
46.36422828226145,6.752433834380957,5.270377487908334,153.53591704740515,0.2176017216539623,0.0
108.63183517960918,16.91852191990529,20.26095227043741,64.21197465655919,0.7721411871241124,1.0
105.73991499806101,33.913895618868956,19.728384760296002,73.33501960441086,0.7412984171191107,1.0
67.39793658687364,8.787990832901496,1.8308746560187639,158.54590786857898,0.26427035294037443,0.0
49.51376459839123,2.412320780885546,5.090985927104172,156.58159274238992,0.24121884831205415,0.0
107.02648682324156,28.25837422336629,13.978838151935374,64.10013632732696,0.7729396449401769,1.0
114.37087747074307,33.24508759109506,13.078347751325033,70.18725229287072,0.8411660718129431,1.0
124.23177730347788,53.26065955027449,13.363655313971135,83.93272777640682,0.8560382098690581,1.0
128.69021404649595,43.880315998856894,10.561867241815149,82.5556283480634,0.7554165722855463,1.0
73.27791985532575,7.958855755698582,3.0142717535643095,149.10272232704708,0.12007791668231727,0.0
93.57466079821678,26.59029990831553,14.728304285028907,80.8352121590879,0.7704560174956077,1.0
59.761450073894245,7.315646572356593,3.5886020358101205,129.96149331938884,0.1987985059537506,0.0
165.0828166117019,41.97886573157777,8.674050361601466,92.44880937214094,0.7827204065863994,1.0
137.61333202055815,43.95574616268357,13.131821264076402,65.07745571703816,0.8044371947910579,1.0
83.44429565080179,14.605153950649086,4.230409843879313,160.82247788984026,0.18070835099236005,0.0
39.28229888044824,14.173688421910565,8.27571235700242,125.55026382516894,0.3683509575692691,0.0
136.52673559877115,64.27729473837132,8.942141688333184,78.50036489765972,0.9233820727521558,1.0
72.02687886052301,10.73119361126922,4.934792952293747,159.51164121886978,0.4245002718735995,0.0
36.62367196630136,20.63506660939005,7.515675017523742,130.2104256159877,0.307303544411738,0.0
121.3024793303162,45.696822653894166,17.793325251178388,71.03167862985423,0.865154534690759,1.0
44.18262076245282,23.331684182370687,3.5031364582970075,126.07751111309867,0.2475230003884573,0.0
99.69837700509761,50.30377352445603,16.685666692650976,75.78899050200434,0.8446233237730076,1.0
52.07205835956342,8.677261291246179,4.37485638512088,107.53702671327363,0.2671334069359577,0.0
69.59747311037708,36.04211205682441,17.53127409822265,65.77466476834414,0.49955499644054946,1.0
130.03118188272023,33.09076610780848,27.676601404138953,54.00288620835108,0.7164940910825407,1.0
59.25993363622029,0.6354277050262134,5.11028300544671,163.0864861377608,0.12165550214903115,0.0
97.9856214370041,47.09046286268656,22.248274984880204,88.39917773736205,0.8179953193796337,1.0
137.2224153680355,34.577657064558096,9.717478000138648,73.35638784209557,0.8485502510148737,1.0
68.70698441018102,19.673591442898434,3.133301100718442,144.5983282820866,0.4600864374574943,0.0
121.64414643979914,48.49266989329932,5.299441682178772,80.0437086887377,0.895546816769495,1.0
97.31993680625403,43.78996937473833,16.122278266771442,68.3744690432371,0.8399504565116861,1.0
56.6019740494186,18.142506041867687,3.6975829159113025,171.6659569301635,0.3262180088354303,0.0
101.91897412380015,24.122416850333636,18.879280870320073,51.66389548553751,0.9876349286697632,1.0
106.90448202082926,32.77393591087805,24.902419930178134,74.29815484141731,0.7453303657421653,1.0
105.36262235364455,39.937056312260374,15.114519865676646,70.74408810084466,0.7425184818649005,1.0
36.67812520574347,11.822334019304739,1.8585421112413063,175.873085667425,0.4428103703809231,0.0
78.15669165414914,3.888332227567104,5.096237613017008,143.44353382746732,0.3453940202949204,0.0
57.14968457340849,2.3036325276849547,6.240109720162579,158.98913238599025,0.20881365996902576,0.0
52.23401251766428,11.301195785615484,2.0818443810495904,194.69193677270331,0.40173968243998753,0.0
138.60881661226318,24.98932739546614,15.73822682473545,68.49147022376665,0.7849382878771994,1.0
54.15257442014544,7.390978834120894,3.6187167928792623,97.44798379302524,0.4176270686931599,0.0
72.5762987803987,48.04664068564042,14.167630681786356,57.81126497886371,0.7722669227614678,1.0
102.43108544447036,33.696516034068445,23.88324694057429,47.0445924406815,0.8809887927158359,1.0
73.02004089443582,10.519138372186308,4.168503878805077,136.6686503342266,0.336736055189892,0.0
61.975063868318315,10.234246337978341,3.8874910145318147,133.77597754170029,0.20588966119801783,0.0
107.9566546503636,36.424509920710015,6.964362827414618,72.27547789918609,0.6949258672620966,1.0
61.20575622305534,5.444716068147047,5.420291558297777,159.0637182842851,0.21213523120877528,0.0
58.29404543414151,5.89747475332661,2.271905541402291,160.27212781251015,0.2977930108084125,0.0
119.13227696802639,46.96912870960706,7.4095318567293695,58.675495720287216,0.8344491715364051,1.0
133.25037097303323,25.113017908588876,7.544537374060708,74.74027174851712,0.7140438621214511,1.0
133.48626642083252,34.243794794438216,11.829587151311102,55.09523344168467,0.7576937286495424,1.0
87.6023235365421,37.91426243737137,10.899466410112392,63.36182548619313,0.9336105809546353,1.0
98.22657682765625,40.78267517597332,29.16686008349678,60.80004836462742,0.8771421453591988,1.0
51.23864204494219,-3.273837290196015,10.45329856321155,161.13986503149434,0.20937960101093855,0.0
73.8534804937446,31.514529673530994,9.434961601462346,53.94165703364957,0.8556494103029008,1.0
53.09974064516694,15.722566115182643,2.261241753218426,164.25027354089403,0.1996579524181724,0.0
57.08307520579824,15.893495408894735,4.96875213188046,179.82701361568527,0.26733578711955974,0.0
117.71158275821955,62.50671617609263,16.61285083487228,56.81499984011983,0.9973053049425052,1.0
99.66445252756,40.9679397969847,18.509680281117316,65.6044284735656,0.8601484336812453,1.0
63.147522421127974,9.435399983574705,7.055226430182515,165.1502782746688,0.34614065070343414,0.0
60.15920457087793,13.03823136392062,4.576235372651863,109.4388259380033,0.19282858960326932,0.0
100.42347511095896,39.61914192689634,18.07361960195077,65.27042517256801,0.7501563237329031,1.0
62.533960031047485,0.10774485450594717,6.933433467725552,159.59724488996525,0.43451982197275796,0.0
107.66379775063977,43.55761817131643,12.73671507646667,73.93354213918842,0.7765710180177401,1.0
93.68432552733807,44.991964344838536,15.012759924280065,88.5316185210143,0.7342187897597273,1.0
128.50173775929315,45.099010345358266,10.536848970943305,83.79231601362712,0.8565666291928222,1.0
121.37387787733854,53.99381954430574,17.270700167227275,63.390189395718586,0.7582509981792787,1.0
126.94389036903848,59.092552759845375,16.631111299762527,55.88564295164577,0.8836068297238037,1.0
100.52056373743464,64.89762387548714,15.59628010426915,69.38914770779317,0.7407516224102184,1.0
62.523231758751336,8.230899974655504,3.5730883070415342,160.78333019048446,0.3068337848514648,0.0
152.68682325373106,77.37669597370656,14.578568480012011,74.58258526704083,0.6629207567618334,1.0
104.18746167738918,45.10141149796554,20.73412765922665,62.09522142352216,0.7674027546839515,1.0
135.20314861135563,35.925546611535864,4.91756167040271,60.548010208672146,0.7848585696890905,1.0
42.801800067521654,12.581992180347974,5.90927558722303,169.285426947596,0.12809174294531459,0.0
131.26021155463815,62.9979233578254,16.94985015224358,68.1607912702076,0.8159680294337911,1.0
76.1492937472686,7.7075791979255825,4.526744751583676,164.2226439115732,0.2595087165726973,0.0
132.03178302956306,43.728038457731685,13.264165581192206,59.354608675491534,0.8291831646037201,1.0
134.9474117998702,15.779781168767354,14.065934491506091,73.5543873409589,0.671781041054805,1.0
119.90985022811009,34.08170784895092,17.31966091255598,82.58861782370434,0.8612658601794988,1.0
73.14461044028629,13.423804796342102,4.1973933362943585,141.4132316101831,0.12617585632955533,0.0
124.89854186966353,48.07569994046406,15.87372677650731,68.5208570003437,0.7781807688308962,1.0
71.70974063106445,13.954676732746634,6.193368755377652,183.65435965757226,0.33600233656705203,0.0
122.37577117040755,56.269256907902445,19.845843328580685,59.2760077047568,0.690907556541785,1.0
80.93977320449623,5.437733285750574,6.482099767964144,139.3174306381803,0.3330469371716332,0.0
41.23961103660223,17.669622070624413,1.433969357667002,142.45243358273507,0.28822658270400603,0.0
123.06402753474687,33.069719266843904,14.731021007497649,59.734833197222166,0.6811858634925412,1.0
110.35657971466763,57.0758389704737,13.510852062387688,81.33622294775385,0.8603416438602584,1.0
59.711372934159556,13.555619208187284,4.536113521378589,188.59748338925394,0.5528540272664957,0.0
119.21335802832672,30.747222736846908,20.24521159802944,66.68587234747568,0.8039121110710266,1.0
95.25469199870491,8.718944429093506,2.2556478069160386,137.25156909477397,0.26219502793691113,0.0
78.03859081696827,12.567008151609034,3.2634391644319245,144.23962151430612,0.5427006631898323,0.0
44.57246643470373,14.883303565095543,4.261212572206693,140.277863292848,0.34918903228174014,0.0
161.41759082771955,41.753945395975364,17.561778002456162,75.7648077980667,0.973536086127238,1.0
115.03630342443309,35.511391960319706,11.438345997443408,57.92739643267343,0.7484332912285063,1.0
94.00260264033301,48.64215149372741,20.36961403983721,53.65987738278746,0.9064488735192247,1.0
119.84779259646798,40.11102227635073,10.739119971669387,58.893577135471354,0.8125293096750565,1.0
70.49057550877096,11.433886775529102,4.302379689928332,113.08450982164425,0.369812903977267,0.0
70.35874397517208,13.375753883675092,2.5772833745173505,170.11770377679534,0.4749553195652257,0.0
104.06023888070374,53.29066767694748,13.056370040385813,60.787937739099554,0.9083933873016627,1.0
148.6514177397847,32.85769315105901,21.063766607314967,69.94416258708966,0.7781720763518812,1.0
68.48427601061195,14.035046262980558,5.132181725443823,128.70538234838554,0.2615952777193158,0.0
52.41185197739891,8.473382449984076,7.286813321699362,200.57574619688143,0.38262058821851563,0.0
58.56632515853252,13.886972371138777,2.771952803691962,142.04023945826623,0.07625251515150572,0.0
84.37367553280001,31.262624541016063,13.264148752513787,77.03549056744838,0.7415388032877924,1.0
115.49026590361501,27.340121831538358,20.571417747929658,88.40976808941463,0.9658550270075177,1.0
61.167817953813824,11.374026750576327,2.4696784432926213,142.25860161977417,0.25892108946478665,0.0
52.70829909759375,12.327617208534186,7.720057648487991,142.28410122210838,0.28774073106382647,0.0
122.02124786686045,28.5834251382353,13.795824269660887,84.59685030444426,0.7257139503687624,1.0
87.06660249405512,25.218694320301438,13.175238366558473,53.010716368173945,0.8773475066927371,1.0
118.30485908747693,37.17788895863888,3.026389176727349,62.58867244065735,0.9064934337610813,1.0
134.65434597618662,37.03199453830059,17.90896597169069,66.53077314641776,0.6282746156169632,1.0
52.78033142678741,9.475615417117002,4.778070238718296,137.05924925722948,0.29491859543313886,0.0
150.29210042163356,48.65281459085508,12.102576466731737,59.35250019576883,0.7449844528576084,1.0
131.66630964633177,34.81702983677263,11.706853191674039,77.15711153099424,0.9035283100874746,1.0
106.62863729908075,28.992734618499217,10.45147091016357,65.26113160645588,0.7730104798287164,1.0
118.94885472030556,49.30377791337733,7.019524767743509,62.734807482329096,0.7030933183606696,1.0
45.97222314497071,13.064889035096925,4.448263578469184,178.26839839159743,0.37795669314616737,0.0
108.2991853226743,37.12860536636951,23.64484379614801,62.96184749044263,0.7567929921897522,1.0
72.05892377345538,7.015628067966027,2.005424309558645,145.21653491971023,0.5075709267473032,0.0
124.96197475310689,36.74651512285517,12.989916881087074,92.79465277757656,0.7244379573425349,1.0
58.323860886520905,6.18283295876446,3.4415543736311296,151.36541812902283,0.3054839396896873,0.0
82.47922754009255,11.901110086175242,6.089963414156365,175.99663500656922,0.4401695123108246,0.0
151.77885793939373,38.1962209652935,11.326899951381545,66.33978211299194,0.8474268651484661,1.0
122.22294909979331,41.38543577073717,14.411748966122127,73.32318930778051,0.7319507428747232,1.0
58.32873457232419,-1.7199505276224052,8.160759191329802,157.43128617805007,0.3089748874072393,0.0
62.211364214821884,6.811401331774146,4.524100751263954,164.56254625553066,0.1364561366232931,0.0
72.6872473315847,9.652648828374979,0.9125470322224416,141.75947799958993,0.42669678982142106,0.0
53.61600327533974,9.781506245111595,1.5872277547793874,158.45014326321325,0.45520330724896735,0.0
62.147301663488975,7.1291786797040695,4.0471197410452415,118.50227712878741,0.19530129477242952,0.0
37.78335276657444,8.672175685793981,2.7270412225189995,143.34968152792874,0.3484534882382786,0.0
108.99972388841974,26.390556333684884,22.03614848523183,68.66540739192803,0.815776477949046,1.0
82.6864872973527,9.276132883117397,5.282523108510371,102.42554061696927,0.18663137060068719,0.0
116.96075502847286,37.91580530536711,19.097297579567417,71.40754657365169,0.7300497340599583,1.0
65.92576827033477,18.724360700269646,8.676819539917835,156.83101108937464,0.47907803657997017,0.0
98.72427861498586,58.193249878558625,17.879548682776115,58.500617208155774,0.8056021084373176,1.0
61.17899154869244,12.342470383658886,3.349209296433055,170.23732955686015,0.2921575258154127,0.0
104.2089144891302,31.970758345266702,13.204525183932788,63.20016134559457,0.9048717301429711,1.0
118.33758468283825,42.99639802515897,17.453868993105534,46.10877233874659,0.9483406046718474,1.0
78.78837518974736,27.009514490267225,18.71515316090192,72.96171976450567,0.8407621301077993,1.0
111.41002345479123,25.81092511152211,14.461034774732145,77.53509074598264,0.7628283363474084,1.0
120.04991222429875,52.58717772597933,22.026420753615003,63.797467627308535,0.6684655896978727,1.0
68.57585820728501,41.86081609054826,26.894439084834556,69.35658567787279,0.8194327475269599,1.0
110.46849202423432,56.845429965111094,21.15188311598934,79.66301089851345,0.9204563921352307,1.0
127.12798269162839,47.46585569164479,9.741220221073483,63.39133376317774,0.9180022289893583,1.0
94.63904029640138,41.30231899023596,18.98893730047142,57.18357947353839,0.6788426645308557,1.0
128.64500627217566,32.36169609936201,9.651448130455774,74.06444444028625,1.050818871382857,1.0
122.94553366575579,37.68301610907234,15.204980298266305,70.28091307435565,0.8596460018654494,1.0
80.29962491588205,17.382320267472036,3.93717913539476,151.3094159112356,0.3430264824639178,0.0
108.80113692163398,52.64791632185198,19.63457122322482,60.020196387403054,0.636981329520862,1.0
79.48490483736092,56.15762780718055,11.065973591619754,77.47146427153913,0.7536176921726802,1.0
21.26530362239138,15.211331378019734,1.1305846539420514,118.02519978280492,0.16340279756655585,0.0
51.52346450196846,7.889462978672324,3.7790589551721947,154.95283586266748,0.42803253471809244,0.0
56.8449596454618,9.851552329218206,5.195801020805359,156.36728930931264,0.21702398691443603,0.0
121.99649503999592,43.168667610189075,20.488145519869178,71.55747342936768,0.8538116784340049,1.0
77.95006127453256,8.069272548129621,3.2318382192928183,127.2849315204258,0.23602650390029922,0.0
63.07731363300841,10.565574868348985,5.152319207291451,153.04066231689362,0.25778053556246416,0.0
84.9917625141288,4.686467745723438,6.699827642488836,145.3470252725657,0.2711545264176449,0.0
89.14995157496284,56.56487807847893,27.114729818243823,81.89131237878195,0.9894666990434768,1.0
56.61823491776693,3.0744931942806506,3.4274957623996074,186.23454958164672,0.2788575727269492,0.0
54.982381725154085,9.151208157425163,3.6421743036233982,140.20756184069063,0.3442000279257005,0.0
77.71739405757356,6.932235511220992,4.588353042216738,151.4079444839014,0.2727773274341091,0.0
72.85709718965873,16.955905119594306,6.821364839665752,142.0119665990543,0.3815467667890631,0.0
76.42122103235356,6.976445842613356,3.6687535590924703,160.99409897637372,0.12451104286412618,0.0
49.059600214086004,8.583001049142128,5.880395619853387,174.9189344251468,0.47266608295907503,0.0
124.9538130067461,42.82545411159871,9.056201700104225,84.96112342970126,0.7078463846350882,1.0
121.27730774520126,42.32309140573852,15.780561337280453,73.7348971837716,0.7593420504118213,1.0
129.19877863633795,20.257508782358148,1.9502262040493044,54.46805482146489,0.835604979602473,1.0
43.59231501184055,9.608743938242794,4.456981346110691,168.67097395630748,0.16509259769364615,0.0
41.39770971019073,12.39549670326166,6.324133775566663,137.810105518197,0.3094483990422605,0.0
63.15417551185468,12.596795711830179,3.6933809363922783,159.386037726968,0.6265420503536028,0.0
70.3545431381783,10.522414353270062,3.7875980589392046,146.1931015710195,0.39659083665925027,0.0
42.303254543189965,15.403646212368376,4.506973694770796,166.1949892988902,0.423684573958931,0.0
56.55251023044238,9.457665131707582,9.78459515328473,137.11576018864474,0.29813895407566565,0.0
86.36551322366086,52.13159896031509,19.198098946762947,73.94829491513728,0.8187453349420769,1.0
39.965679682123344,4.551283388909506,6.105402637715363,167.09912350847907,0.3954697589544837,0.0
93.70814342509806,21.590191252192035,10.940613097339853,63.98026417446954,0.974575389366699,1.0
96.69137439903378,42.309959467690035,12.581957800348498,67.76500856116974,0.8939815790785491,1.0
118.54339605700021,38.60632654088777,16.097854089157995,67.22941526827901,0.7711828719870243,1.0
74.42156526775372,1.141767112202558,9.173537571905943,125.0961099571074,0.13796538643225567,0.0
74.56160761061788,13.577692847267771,4.93768363003677,160.1881411773147,0.22596772893144484,0.0
130.45302413294118,36.54477575264644,9.74854875694627,68.44615427309621,0.7618725895831779,1.0
99.01458221767773,46.57032793473222,13.270291950454556,65.01943289783723,0.7665973137451034,1.0
111.18184725749892,38.65261441937178,22.960814745799922,77.03025610456918,0.875613882839331,1.0
66.28470390872299,15.87944893404629,1.1622686896314147,106.94936890076184,0.2265362765110309,0.0
95.72311149362399,5.567392067893427,2.087764996837241,137.6304669660124,0.24781372241275637,0.0
63.3098756899778,14.996281112198366,6.4646970656141765,121.81751090205637,0.26564574506579325,0.0
76.67899338263712,-0.4352493519559886,6.210757493359658,125.35795157732318,0.43685552562844454,0.0
130.77227937294083,39.270682212650264,21.224835706924125,79.51854538209406,0.6311051631940174,1.0
39.09393838299546,0.9773407078703436,5.3423763838943366,153.54252408361398,0.321447470985929,0.0
91.98786558758212,46.098332537804325,21.43991704882398,64.10801675174223,0.7571762038007338,1.0
56.45225659939637,13.478917849131472,7.898911355522024,161.93866719239728,0.13274261770093226,0.0
136.44736175385066,35.02463950677455,9.06686095899387,65.00330978927666,0.9044957677315353,1.0
103.90729543248257,38.51223069872541,14.530413339505246,68.0693465545155,0.7210235329862177,1.0
80.98303944184828,53.00895414657906,25.087498603513925,66.7137675554481,0.7570220938563214,1.0
46.35323406139641,8.571626344920592,1.8126899070977478,194.20536382540226,0.26629610730688036,0.0
116.56860995196121,29.575080290579145,8.650039299041675,70.98481649452671,0.8088391520363403,1.0
64.53330601672027,14.425624570936103,6.616689899136428,148.6440680126553,0.2664964981857819,0.0
64.97843641176655,8.818292006464008,5.490278042164407,119.17768796000252,0.22221704707255735,0.0
77.04049274406668,11.23353668018878,6.074013654236003,171.54831196455407,0.23579687476555122,0.0
131.86029169563392,40.56387198180523,14.184486019773004,74.35015348763302,0.9998209288630575,1.0
56.75690397996974,11.884778202080597,4.195848668614244,160.03645178060268,0.248491366751666,0.0
114.21705141471625,35.93613560429827,21.415113136901148,76.85344588567249,0.741868273921248,1.0
109.04517791239849,36.40048370128842,15.56506842424101,70.41504796257797,0.9436324086972119,1.0
68.14605201027335,4.904791909118246,7.396295000182881,153.77506391951758,0.23814815277003074,0.0
70.22493578143137,14.717084962889583,9.684319194405017,116.14235827246281,0.3277775436592902,0.0
35.96118468125721,9.537002542076785,5.097887621578388,112.3206772134633,0.18059881835905128,0.0
43.26634314095553,18.069474404922396,7.7581010753604325,153.6054987590013,0.22499555372497493,0.0
54.44432705044101,12.731101462659932,8.021061071313126,163.13290583770018,0.24690911710036564,0.0
114.23927898877926,47.82306861354101,10.77320375445359,58.91690176030006,0.8236874067162933,1.0
91.68791361482415,46.92977702564843,20.620061690514678,63.809970905827925,0.709659536067088,1.0
57.99828171667213,10.670437247760333,4.9680078510043595,149.6708824226979,0.23849845915316256,0.0
97.29752577470745,32.14912524230528,17.456321154114562,82.75773536009041,1.0277064660635902,1.0
76.33777764707668,10.65648301329655,4.599218936146104,160.7030236119979,0.277197662141522,0.0
58.27577258771392,7.216949808283392,6.223650908256518,163.873163514069,0.24787138616393398,0.0
112.45061994592221,38.080355913027624,21.823072810180143,71.06238038140475,0.7042166189792363,1.0
65.924165247164,5.688648365242364,6.146938516295693,181.1029789920883,0.16061716549954805,0.0
93.24418552848884,38.63706334436,13.066638107402886,74.8021608337242,0.6356447760763193,1.0
89.41729901309725,55.835259023413485,15.482321602926016,73.83805514986778,0.9405424085670658,1.0
92.01524592670155,30.394451192533648,8.31286929146683,73.59500764142929,0.8248819765014227,1.0
101.7245550986947,45.14663629908422,12.015536943631076,59.82490860642895,0.8476533087235254,1.0
135.52773138765144,37.06183121676577,11.042921684637195,69.00999353592411,0.8151861218754558,1.0
109.22273185231273,55.179330095676534,12.565543572379852,54.37135198748804,0.8840652481147129,1.0
100.09443656374825,48.65052482082521,25.315814490800108,61.166605637966214,0.7595175941662056,1.0
55.21996996638822,6.268434462255549,6.2739370774111,146.06007844101848,0.18716031667483474,0.0
93.23362381097151,45.79549339085425,18.388896506423634,56.39357677973874,0.8551868472912534,1.0
125.63963809436015,44.541764484377985,12.273122945977104,60.352228765437545,0.7692513431750844,1.0
70.99607841129685,9.80288708237273,4.994338318294277,94.5836690844562,0.26953072598183303,0.0
92.34814091773914,36.036428950636875,21.735817341320434,92.96912123324256,1.0220151073276953,1.0
42.85736557757878,14.043143853375664,1.731852466285296,139.67382865926135,0.2765969638653642,0.0
112.4489870354468,39.99340650616004,9.338593257521502,69.4590408650944,0.8125079536192772,1.0
74.56451404612862,44.39091060027263,18.173963445066974,74.2699868079381,0.8017115639380714,1.0
114.75314596256729,33.257053771337425,17.191065704361883,83.7302076614474,0.7490898604779558,1.0
39.26393848578184,4.5376402656640735,6.5398142582380006,149.69546152868023,0.19369027819306078,0.0
52.10734172345068,7.9233357788832866,7.74215239646918,156.6870669447713,0.4554770231423633,0.0
68.57923855375988,11.736368952724233,5.074096449447403,158.62913699606963,0.23563738463348427,0.0
96.1046584131289,33.680799624050714,19.45969810947278,64.8714652232457,0.8297935062595134,1.0
63.67812267706084,-1.6730515054876012,6.907048636106906,154.8233141832436,0.4297955547973177,0.0
96.75224639306361,22.42178504858273,21.512282055939114,69.66582844916118,0.665014346577002,1.0
125.46292207097667,49.27693722823525,21.84987190889014,68.25538167421124,0.6989591770128214,1.0
111.92222434140719,27.70321055973885,21.386884275930388,54.07481607229729,0.8088212098371473,1.0
127.106461344917,31.391828834215488,13.84744633210733,64.81377441400078,0.8892746591007578,1.0
145.6124780837523,34.45764301680494,10.55374671785907,81.28206972227245,0.6177999448620892,1.0
96.38687758060593,26.33130146434218,10.712322684584173,73.44257880737565,0.8391389639089414,1.0
126.92032527813453,44.597589413081714,11.29020733904865,69.48467000237967,0.8874041733248484,1.0
67.60130521568588,14.246782972364429,6.168840782896557,188.857287372615,0.46241858630010035,0.0
100.16620437413171,43.0996706410313,20.1693484607626,57.62381535926143,0.8574490501709783,1.0
81.73107895617358,21.129824516933773,3.9988401580443247,158.53226148464924,0.361206904111624,0.0
110.11662968321401,35.62812591241574,16.18986666733383,69.04881192075713,0.8245391389847103,1.0
120.03491128643087,37.80583224639911,15.275024270723822,65.11501111763226,0.4853654212014972,1.0
98.01190147201845,21.60526813238734,3.7522049012835,151.0199502445208,0.2708385787937301,0.0
60.70844585687205,13.200078700696459,4.309841814704129,152.08844836110336,0.19715951947374755,0.0
69.51513169499198,7.688182463251313,7.062741107683614,147.5243952111685,0.3528539049950693,0.0
76.57311994198173,14.548774840235684,3.3191676294087697,176.0005419165178,0.1961404155394876,0.0
41.26448714948318,17.795243348037552,7.868174460766937,159.41139725635492,0.3834822670750951,0.0
143.68676211896096,29.22745217242266,3.423715101002591,75.10266769159828,0.6327591925265471,1.0
60.60609087180021,9.387839788888531,7.241593047424405,170.31292325174704,0.3139992941905657,0.0
126.50822766609295,45.68213070274154,20.136655773397898,62.543681777805986,0.841105145533849,1.0
61.54728893710818,36.00500723509477,16.915525426546363,84.03304014644468,0.756290813176616,1.0
101.86767135759226,30.459198951832484,18.45741594006933,64.81218279424708,0.8863121771475961,1.0
95.05044664094748,49.721977547455985,15.828085090040812,63.42901980593079,0.6699566079162802,1.0
146.4024157005804,47.03552863077246,18.52214436495906,69.8593316972383,0.7237703142717509,1.0
52.13422941104699,2.7878094350220444,4.03186644557992,168.73913681166744,0.21264573322850017,0.0
73.06913647743234,12.717918031046832,5.18075053280478,156.36988376795844,0.27470451450001104,0.0
64.9024851828078,41.98380602193553,17.722453024038945,58.97430427943107,0.8229961968206759,1.0
63.54832415826589,14.797791763227863,4.5627600227765335,201.98364940602255,0.24549482034432404,0.0
51.88960118669232,13.700224918745416,4.6374922305076645,131.7896996732884,0.28076975453525965,0.0
132.8533810853479,39.63049395593738,11.335703886731443,83.38350702973183,0.7054882756547209,1.0
75.16355299944655,48.99978520737723,20.274725061184835,72.13749364899938,0.8290936086535128,1.0
125.67788719219308,41.65327644017665,14.182340051164351,73.95311189382574,0.7082065832518738,1.0
81.02158124612416,12.057702106646904,4.828945159843102,174.73519822435597,0.2699369013391374,0.0
132.1525268914628,45.76521275589945,13.23831032129796,64.95628440374689,0.9883210701378803,1.0
52.897373700366614,16.925605657009495,7.854625776121452,120.01929504101824,0.23006469566824359,0.0
78.54302081008454,9.089409727337005,3.9874449873233457,172.13212506050513,0.3250235641667717,0.0
105.53192942484198,38.93394043597781,22.95674182776671,84.88086564283553,0.8064337152805496,1.0
106.63836493625134,50.952848440165766,6.249418104636641,64.00636190614823,0.8469450310849176,1.0
123.78170707970077,34.84138544623473,9.253037583909553,58.16708478133272,0.6912607032534771,1.0
84.30128500499578,12.695111472956535,1.8611337299653123,140.58625453979437,0.16425327004316348,0.0
79.98194583653512,56.480535177240355,10.668128892910822,65.72379247446632,0.7075269239181516,1.0
110.79556940508232,14.091306712369374,15.528664998420439,64.24859377891238,0.6291014619567633,1.0
56.318749638357694,15.525836204181607,8.26430736146187,140.84543059701576,0.39246173937332973,0.0
49.18109116758821,6.029964926537967,7.202484293606117,131.979939773212,0.3155487675814767,0.0
68.49382486089848,23.76536043448001,5.17524584480536,155.03284059156724,0.4409792696524558,0.0
74.0996319909551,0.29084471844639737,5.520458133838694,156.0522634222954,0.3257568937095646,0.0
54.62531695738866,1.6535189702744475,6.98797606720689,155.96488501604543,0.4714515236248633,0.0
66.69678482971696,11.820347741901307,3.338309681752035,150.8178443517343,0.1259738213024501,0.0
67.29409270348293,28.56541777406464,24.964997373127105,72.42957464116431,0.8163675974148575,1.0
105.77986400020657,34.12443762053902,9.444262979347204,68.16102429760372,0.8702447057827836,1.0
63.01955745477198,20.497350343319496,6.681949740585798,127.07046383582887,0.3187225639923377,0.0
131.4477682468506,35.58061477356922,15.762441739582707,64.60430071067204,0.8956573755061247,1.0
71.65778020623156,13.530282410957302,1.7105977535129622,152.43853249970698,0.3724399177730714,0.0
66.69997304361091,13.274629901335402,3.530127414859402,170.96059462548843,0.3687923583350321,0.0
130.16019838212372,30.55686726346393,14.846412990933526,78.32196558164513,0.8090631536193291,1.0
122.951539672567,43.62701576326412,11.332065144620326,55.826156468202846,0.829187080434433,1.0
85.75136383313145,40.90578812730121,22.019459266818476,72.71911512725009,0.6627150862260403,1.0
53.6996455811166,6.444397120453712,5.339667161239478,179.02799107331919,0.5972013047743073,0.0
32.7961060762578,10.314462059488108,5.346326970726644,145.2857693951972,0.08823938272044421,0.0
141.7762570236489,19.255840880990377,6.623093163767701,67.24729416600913,0.6673948567295931,1.0
86.72707822891951,39.60135407829974,12.0561527079892,69.66275320875302,0.8596216076410559,1.0
124.41376812397597,55.05575409447815,4.66264795755308,68.28013631614125,0.7270839188273645,1.0
59.0897993126764,8.4181302670618,3.3085695345060238,124.64933879182318,0.42893785416261043,0.0
61.31291372482217,9.52532510231111,4.847925495982879,161.50501600942152,0.3178569689850562,0.0
88.02533944693269,38.59200094953131,0.6750543848739774,79.41349610355586,0.9029056760689601,1.0
124.74334928259044,46.63994719867188,15.459890937828018,76.22565588065677,0.7611230467106863,1.0
55.8342135725301,7.94567864056831,2.063580406579824,114.57086637865444,0.41595005480707437,0.0
84.74448057340358,33.87019969170781,18.741194685172594,60.03555003806901,0.8224652881403514,1.0
125.443878638894,51.260742627313945,14.825597570294441,83.07805569748061,0.7843557224752111,1.0
115.46863504667776,29.636247319553913,22.28645810050185,61.43124490216554,0.7943024733298333,1.0
113.65269317432735,49.53621148250377,12.846762497061226,82.40689624610513,0.7805925284235279,1.0
126.0069345563044,48.651505382001645,13.338289690247777,78.4195099549022,0.8133553419604653,1.0
136.7119312714559,35.99064415773203,16.19047169201792,68.11335357372165,0.7056330375848867,1.0
67.1888281757757,11.7613646614386,3.7518460569420626,108.09793507169364,0.3084060645170965,0.0
121.41520314050733,34.66950484700798,8.839948236597198,62.27088986794425,0.7273012564874741,1.0
135.11635107606435,38.24698873774612,4.566237075108912,63.63215736954918,0.7296838720004712,1.0
96.80339829563967,30.920099921525093,14.674381457957065,67.47530534779871,0.9253203010691325,1.0
78.2517557315027,11.898451143232718,5.047133482207951,152.25674563256572,0.32618747589418456,0.0
76.47022220329303,31.131252098461673,7.2620511847689215,71.07210743649387,0.7288057855586464,1.0
58.165292437062526,19.520313134525335,7.195322983879333,171.46619823369772,0.330240062346576,0.0
81.39832143567494,11.999845691568693,2.717703546217616,184.92120868953296,0.39853592404732086,0.0
147.5585265161018,31.56226702192319,11.261817347643273,83.73606777417753,0.7307509114830828,1.0
68.00792585931289,7.303728096074822,8.947345702584268,129.4504950806146,0.25553906027053674,0.0
81.28489518190713,49.058590960042736,14.375905936771469,62.75986038946396,0.8763414002101984,1.0
47.35757800759183,7.991861987375106,3.2894998924324086,149.02911825411067,0.30827765966732856,0.0
116.73829380300165,53.33500919503456,11.998387040245204,77.3610417434814,0.7451727264481525,1.0
86.84129136344409,48.04202968685692,3.613785666584109,70.22920436114609,0.9285457993754253,1.0
164.4174694416451,83.00552774021102,5.805925624412593,56.33077448604844,0.7638360774113604,1.0
42.09205266472314,15.543893793812645,3.0206941181273153,173.18624840114387,0.4416558127454984,0.0
66.43093785780145,14.816734141049924,4.022876056571905,167.10594239071287,0.3798611166512904,0.0
58.46291026904121,1.0749419717448188,4.117059774412539,183.3013814734736,0.3393794831773828,0.0
104.62571880856756,26.357729630583805,25.730451820832435,66.92143655403501,0.809561883366297,1.0
37.66858432843888,9.068479727869851,7.94664275445086,151.8309258451875,0.15566949395418878,0.0
65.30238312429984,7.010037804531617,5.195293360825799,124.73785838392097,0.2986463615988466,0.0
55.447104770691276,10.95109417872448,3.079197802123792,181.76896403989116,0.23474670850017865,0.0
55.3453547769975,9.265481653141144,4.556515378279394,147.93469814290216,0.3768458062855073,0.0
72.70081051009012,26.844230990675193,12.208199002291401,69.88862762123352,1.0045528456837443,1.0
70.88764243722589,8.651206767971654,7.484279823249075,192.10712808245393,0.13769591465401562,0.0
86.63861683123773,44.61714516685016,7.539583007536872,67.0352168137,0.9134057463765873,1.0
59.76499796326861,12.22044645207646,8.088508149067101,190.3607035111351,0.44494592547203177,0.0
128.71919600591846,33.153490656938814,16.05185718540017,71.67993673311835,0.8359215398845112,1.0
100.04580764697069,38.719261649561815,13.493539630562928,76.15046625635546,0.7547497645551091,1.0
60.75191905503097,17.55671780559939,8.494055622777415,129.81376462605533,0.2720705956925355,0.0
113.10486425638415,45.42641419598591,3.6742568318425555,82.63221965985619,0.8015232166638827,1.0
69.0537938595243,6.704627715657701,6.01511142925832,144.74851509460947,0.1622480806207866,0.0
82.23924243214749,41.484714807542346,11.612292666257641,62.22257495774399,0.6788168563581286,1.0
120.6615233856377,29.180365628282047,20.960920899562236,76.4612748838958,0.8543070098324689,1.0
112.28265757364127,35.39742929365967,18.695277119195076,69.10411508085294,0.7779997515585126,1.0
46.862830264335344,9.333461359901184,3.525032571896611,148.15067590818575,0.3603481472619397,0.0
76.33581875600275,8.430874642193974,6.661322582852195,123.77464716885551,0.20038373577344412,0.0
129.25189179165255,51.44873764849236,16.5683503411032,71.30518884673803,0.6466682616275897,1.0
126.06677089970023,34.74860917307154,9.54501453817317,63.44261462752094,0.7917844458325463,1.0
68.06469507502538,12.131203561742272,7.2662153676704655,132.6979309592929,0.20279868542219925,0.0
107.67672251854523,36.745505510468995,12.848834413995775,59.66884279803682,0.70576581828621,1.0
102.40321808710858,44.68835614404996,15.049413237275441,66.96039599773758,1.0428834459791945,1.0
41.45076366417512,10.038354237375207,4.608091242511622,146.33417373313245,0.13745969147946888,0.0
65.12882701697997,3.4047612159685414,5.4798486491937615,140.8610105987104,0.17191154970160324,0.0
66.21578494336849,6.502359916100183,5.252477766893191,145.45063863816824,0.2257443520305058,0.0
56.26237025206133,4.443359151023687,5.103775322876026,158.2466033341176,0.40196508092056404,0.0
89.17229637937149,35.27022825622322,12.00376085124674,63.9747306606218,0.768095718620429,1.0
125.93611857511262,35.99132835763985,21.211073993009272,75.39948029802977,0.7545042023434319,1.0
145.67982092869002,31.247903354053893,15.208469200848791,77.01568697536156,0.7815414127874118,1.0
98.70783622751117,27.401115888702364,15.441559819111978,69.28077177615042,0.7855393307201537,1.0
96.97774629354487,50.29690531508058,11.78171217177876,66.25138875035725,0.8637884044224009,1.0
119.12206916456697,41.50772709987912,14.818843558199157,75.98475518697158,0.5737363336513401,1.0
57.796367666286024,6.087868862980695,4.589868411504862,179.77094545887942,0.0870060172682755,0.0
101.17358972774359,33.510145567059354,12.669121809960133,81.56732261723825,0.9359418952910594,1.0
88.09020444202378,41.51722775425239,13.422559412590624,76.10769714029561,0.922113220048813,1.0
112.85154557698579,41.94384438026726,14.039085992941084,77.5618114629408,0.7182259048831744,1.0
106.66880546539953,47.65274275758141,16.58094675887032,60.12696068420105,0.7452919236574108,1.0
111.10177277227346,49.16002331337764,6.456056494858602,65.32001209147484,0.9200741543730675,1.0
90.53798400575445,7.0054555413165875,5.987359519215577,154.7460153647809,0.21675797638768798,0.0
35.07249005383223,10.18781847193764,1.0568954971001348,134.5340818449523,0.14400579974727154,0.0
121.53241787406641,48.35436035106417,0.8816239558946712,58.635259160786475,0.6124897044197424,1.0
88.59543839047704,1.0548751420648532,5.93766994746465,120.05164929043592,0.27182352843709584,0.0
69.90266496384119,10.901319371789421,4.949547918210375,143.69693718694379,0.33991490773742905,0.0
48.38729187608334,8.356064060895577,6.32475531371408,153.12294200719148,0.36874886399325496,0.0
107.13903591651774,40.20571532502269,18.799853149595716,67.95676489967656,0.6276398422507922,1.0
81.21458522304994,7.416919951921921,6.426145651182699,156.40043331253662,0.20692204814049092,0.0
43.38270631832447,11.683216508715216,4.471259591242726,175.07788435906576,0.1360449588341868,0.0
36.83912403183594,16.789041014625386,3.042854245977606,140.41701647063672,0.29398373936431416,0.0
83.68956329323419,16.334732838590618,6.970683231940755,163.32636052287643,0.5017953295109308,0.0
109.81452952406731,52.757790300791086,12.959708607466963,63.57745746110161,0.6966455089551356,1.0
72.26172554472984,55.61985521286863,17.58396465742866,79.834808236734,0.7305874627034692,1.0
57.8024625137468,10.974116506314362,3.539529819822144,145.50556072221897,0.37545013420139683,0.0
120.32717144621424,36.70373583233491,21.052374948687255,68.6403218545852,0.7753229005992074,1.0
101.61756796258939,33.258778035753515,23.078570053900254,69.72619783614533,0.7037337193689329,1.0
84.72838756608236,3.96134585340681,4.157957806638781,147.47854156875408,0.2971943718954852,0.0
86.49251593604964,33.57360025736656,15.034394367940646,71.95071463384747,0.8201697077889418,1.0
46.71633320660581,5.752566006139527,6.684273869653991,145.40411085200424,0.337282465906322,0.0
114.1973148698935,43.49120556205801,14.291488195753168,74.55336040068894,0.9525900631925592,1.0
107.70001270305295,44.21207749484996,14.730413522911501,73.40968922373806,0.945749524250934,1.0
59.361222711421675,8.560809386529225,5.8784066209898045,141.53020755802203,0.34261053669513913,0.0
60.08278233765379,5.145024501868001,6.182463931557816,130.71928487912925,0.12416561585379002,0.0
60.9839985541941,12.105257953425548,3.7582121004584623,203.79726177413795,0.3341921026309377,0.0
67.23253840918042,12.06391855090948,7.85245245117069,149.98631608043013,0.3675109265549667,0.0
87.12099511054042,41.33095787843173,12.172385849120424,78.88327603284327,0.8805655300922955,1.0
133.4527612384954,42.627002359042635,9.229557830529139,61.324714591047815,0.6792904639965123,1.0
91.45337247286179,22.633407855274438,13.874489035582162,79.5819492262682,0.8170769801432175,1.0
42.07026374605151,6.852296231728916,0.9068515988732999,147.6808219617404,0.1758793580974109,0.0
39.208286577567314,3.719033618371901,8.100722161400565,144.7087489742897,0.18779566742157988,0.0
70.519592791632,10.575418181284011,5.962966446844061,118.70128733219515,0.1641029443875753,0.0
72.01218456437051,7.638589543693996,6.1046024723196375,160.59488329661016,0.21878561178354897,0.0
98.82633572775623,50.813493258610215,16.77094254941167,87.53958785231374,0.6974618407274615,1.0
94.35063051811308,46.575518062367,9.270885189255633,60.366189422532855,0.6488915166151029,1.0
45.42456629864306,5.3984395287686535,3.5676979808268614,189.31254545533315,0.3495748861825204,0.0
146.4958368696415,37.91532546472565,12.75674339331297,64.42837982022175,0.7338812154040886,1.0
57.13493966632185,6.6146217739666096,6.631019886805779,173.41799731506302,0.3717073178656107,0.0
100.46635179091614,22.215450172270227,18.398128837556285,72.60503993760112,0.8092635858692325,1.0
37.13882349705772,18.397495462872005,4.158594890789084,147.1037448519493,0.21976897899904724,0.0
140.1061621264387,37.026529046539665,11.620949524132048,76.95783806663339,0.960595229160019,1.0
126.35559818992539,36.58847755486626,8.815794032181907,79.73034020811987,0.7273158469595952,1.0
61.12424054089326,6.91367287241779,5.265841165703222,182.7485515065564,0.28273569407001,0.0
98.80935962822046,29.043466070235795,15.558788184827135,70.06443273835683,0.7427657121102773,1.0
60.86062992099007,3.5363065586497866,5.105231422190131,131.2530940098509,0.24898097329446706,0.0
47.44177951478974,9.837920283674151,6.821476840879207,144.55916815123942,0.2937563604913599,0.0
68.10679897659487,16.258321039072758,9.646242129339155,175.1502370704314,0.034512353492377024,0.0
124.35477764574209,22.445687943546297,10.571590508529674,62.7027411686285,1.0275145067633569,1.0
69.1387361488608,15.369526190534557,5.311200509445263,155.8065580617949,0.40488074277524677,0.0
108.30807885068819,42.695300977991984,11.690637992943103,63.06686034777289,0.7145898229614492,1.0
82.6454764499748,48.51700000086851,15.3075422929387,60.99760338563252,0.8073438186390739,1.0
130.46243275704106,26.961193727563845,12.481337765303284,78.6330224700319,0.7594725578251039,1.0
68.42592196408663,14.025058902082456,3.3370584418535882,162.9423794182454,0.46722286944125463,0.0
62.090461315010565,5.587317652155966,0.6550297379188255,173.99037686217167,0.4063785765992711,0.0
60.998981574780245,14.918790614281175,5.739099063414094,132.48838341497418,0.4411493396276436,0.0
63.72077486954862,9.010392038083584,3.78042561499195,121.66838476269334,0.332847701547193,0.0
58.380727552139085,-0.27267607589670106,4.26348405524135,161.25953063813347,0.288546523752212,0.0
109.97657473248374,47.42848590812119,19.78561514715606,61.51305075792697,0.6101785307224755,1.0
96.96381736957308,35.30873211855266,11.427009433201816,85.50859326849312,0.6726890493481408,1.0
50.793282864607676,14.767604695850196,4.089950965248994,174.83327425905708,0.32126139485078314,0.0
110.39348200258786,25.811891307096616,13.817729986783789,79.16906611638348,0.7353087145496847,1.0
119.24954876479117,43.909439264642316,23.782999771654197,73.03789930006994,0.8332355283539845,1.0
71.42620062422742,3.533668470418654,3.0361691653583036,182.21105336522606,0.2635711681863197,0.0
54.19898283566995,3.3925233793704033,6.29053624386746,177.3763103177657,0.41643386848816916,0.0
80.6872460355909,44.59719291282981,9.053453583603025,63.3092351407779,0.7551844374588019,1.0
125.84821632584014,37.4216279875058,7.014820344930342,66.647429792933,0.7026875138936102,1.0
106.11221011927611,34.92454541922881,19.429070847258615,62.812014848371525,0.6970768703806609,1.0
65.85259582205006,50.04043796990571,14.768314600490715,66.69558108205155,0.9587182851154671,1.0
101.64762517865859,42.96626170490006,9.973761022113266,55.54623207221112,0.732414558730447,1.0
69.58774524624494,10.012705525440111,3.5098579616554053,121.59374791210035,0.4397088573846746,0.0
98.51914332784916,35.64372279372296,16.924793856372215,65.15840567325657,0.7865109870752174,1.0
137.05502595521588,49.47139890542702,23.158298251678158,89.93446870212318,0.8076206463047219,1.0
45.41540793841054,17.443362825468114,4.652986339814411,152.75819014253844,0.29269111179382623,0.0
95.62080635329997,35.57727861027292,11.954367700235668,83.81128152536934,0.8997071412861959,1.0
97.9950490844409,42.38574151454128,10.486700902291236,77.8491510935245,0.7555858211057171,1.0
68.2966028332757,8.449433903571823,3.056694464840885,148.62433667192133,0.2238325935841094,0.0
105.13558015762034,23.126602707883816,19.92146172482538,53.30927678546387,0.9005662824075472,1.0
86.39229181911007,10.870294490753365,4.726568630168757,147.00751186892768,0.15084786461242758,0.0
16.77583197013545,8.746854793719226,8.23615428497896,158.95529303764488,0.32664446559396026,0.0
89.99377204892477,16.202087130691773,12.500964382757637,48.82842802971382,0.6459068169604925,1.0
76.04346741227488,46.15583723685916,-2.1792220119072994,65.251675995326,0.6655268549828752,1.0
46.69993432145653,30.596155638243044,13.655247482376494,65.82196146756283,0.7455811185180173,1.0
64.27527011638614,14.96381464906368,4.226322411207057,159.61588825596016,0.3877970404153077,0.0
77.46394471750989,10.75542416220022,4.648442631539677,140.43977488749547,0.31607932083800194,0.0
108.94171622776659,44.43298410441099,18.798086732224004,60.89540181544113,0.6267029635794974,1.0
125.134610564855,35.27714349369263,20.457641201430505,67.32305284302598,0.7598516020475237,1.0
113.91680844543299,49.266687035451135,20.044534955961492,74.59366179478656,0.8420651706726955,1.0
81.64004671020963,4.421823386367986,2.1121293761634683,142.14664379649923,0.22763293411445296,0.0
70.8480674854261,29.7651655738444,11.825471215939931,63.56048925584253,0.7954207266771437,1.0
74.65018544213646,10.31648320384738,4.2227312823705825,159.4914470945543,0.23733586453943334,0.0
58.28106486582978,16.502012310511002,6.648004080547474,153.5407726827836,0.35927006725527333,0.0
78.41000368954445,32.41352845075274,11.92463628772618,64.6988460067376,0.7688651658111884,1.0
93.52894915054263,45.906117848115926,29.040743331477387,69.54988234448128,0.7187745771706767,1.0
119.74340442069528,38.26707154153549,17.456270333112002,89.58060501329119,0.9295003013540876,1.0
78.11412567496117,20.281136117459187,2.5738716886005064,135.64848120328932,0.40207444219480243,0.0
115.30794115748519,37.71500093371957,20.15175778876231,69.8642540854809,0.822691927173492,1.0
62.548740534523176,10.733703204898541,5.5675773599912475,143.948611409516,0.18179919145316742,0.0
99.67914236317789,31.64720585149801,4.0144046886638804,61.89782014516029,0.9198799517583951,1.0
73.1484165665254,8.33190568412293,5.108945108512982,140.69005069341003,0.26959983670102927,0.0
61.55881304685483,19.601643973653346,9.29853588497409,124.9306302681442,0.25096713708886587,0.0
85.7778565911925,42.88174637489711,20.570579242351535,72.53548436903128,0.7574318169442456,1.0
110.20356763163068,34.71193886954348,8.63703695529319,77.7824957834198,0.8095124468579382,1.0
56.14936474751293,10.253615702938914,4.198239607955723,148.24854729156323,0.28307966937634754,0.0
78.88070820971649,7.497127042690276,2.155720087879589,168.27504884451866,0.2890460141751593,0.0
43.27762009586324,6.385698123062087,5.2856855029254035,134.39816157755254,0.2677645656617427,0.0
123.35801913530919,48.88268284722574,9.993962433965066,72.01607162854366,0.780593373393318,1.0
107.50221913894579,32.831992675266875,16.150063998705118,74.88057443962151,0.862842739844121,1.0
55.46832498560305,3.7333357074856677,5.961781443897991,136.87472430055908,0.19472129260643015,0.0
135.72532856494706,35.654035968302864,22.155578626827428,75.88386525592227,0.6502547610214233,1.0
66.39896543075885,18.77897731119273,6.404438260452565,148.01550118459593,0.4231707735564863,0.0
93.17110568692496,40.11756230936384,19.046509278104573,70.49519471204384,0.6418389195548213,1.0
103.77001938553305,55.71138063202615,14.955263810378606,70.42049462657648,0.8284167046395663,1.0
76.94845227961031,11.477527457212787,4.119573717973117,142.02298004189092,0.3353842080319878,0.0
63.97717322245279,8.044685816851167,8.595548862514544,145.743499816776,0.24651023818978013,0.0
44.17229333386793,10.403408711417825,4.485347358021122,174.49659012074403,0.111634832470099,0.0
58.54624849679612,14.906051782397649,7.000976130044385,159.3412534850978,0.3832982272622041,0.0
95.41368736153994,42.506382813559334,17.491168875538577,61.68135679217002,0.7718033041443975,1.0
53.71286656017428,6.552001144551126,2.3007023216474414,136.10407120781673,0.3676230421105082,0.0
145.22887082203158,35.16095039019812,6.302150069225087,72.15847450330202,0.8380632046099679,1.0
47.387230992855194,4.5335303136977325,6.970411066799594,127.61103862025514,0.29329696231926716,0.0
82.15723982978304,13.44214727556401,4.222693041700802,127.56108173768277,0.317219997635482,0.0
50.15786552235655,7.371718674836867,7.942156689135702,140.77192827969802,0.3997778175051788,0.0
90.3176706590182,34.18589414968329,17.57579383234629,77.69079314068362,0.7337381450794871,1.0
72.870390312647,6.971453302664708,6.589214783219344,146.8578364802813,0.0950184019258703,0.0
146.73139260742235,12.053764521452202,8.265759522071484,65.7754850413175,0.9123598335192342,1.0
44.01054433711815,13.108675573710892,2.5370838135762908,140.3764479061419,0.5316468610724336,0.0
120.77495661607199,25.441400747327442,17.5277236751963,83.46719631520415,0.8112443817494362,1.0
51.65891177104969,9.114779136656573,5.351238794816789,118.26063906183803,0.1851437142096175,0.0
130.1515890388412,41.857443495726734,11.606985267751018,65.60422831938403,0.8326704333157074,1.0
44.31775890225127,17.640796642095978,5.378047534922397,154.14486893665514,0.2882843848756059,0.0
109.13175903038382,19.314892916417904,19.9841452202343,63.827009870505194,0.6894494926491412,1.0
72.86080353979148,5.660598483767913,1.8833609424415325,200.7409126448267,0.30068166693195325,0.0
85.10720271621061,34.81947909078211,19.636981842955294,74.78469360386906,0.7410180425920951,1.0
47.73548784180404,6.368573185641461,9.339642150781883,132.3364723730739,0.2517287208443704,0.0
106.03456694444411,47.00850061784412,16.15575178085396,74.44071341562633,0.8421527486914986,1.0
61.78414360431488,9.04941008576452,9.780288957148144,159.08064919864162,0.2681860033120831,0.0
110.70527511338182,42.483759443585704,17.73331087336473,62.307019258575835,0.8409575397452389,1.0
78.5916884525774,5.139063433550033,7.640017305883484,141.41735435112807,0.2225849036300921,0.0
113.92755663415294,64.17259858468995,17.136328009625313,68.07560084302253,0.8223620694943362,1.0
102.59170372708657,35.99762536003293,26.528659956817172,65.54353939963471,0.7970484431158154,1.0
80.7626133589806,20.877488874521575,2.3668878842618954,169.99093030428025,0.26792172729412844,0.0
136.71347741614576,43.00169801348106,10.125081046524372,61.71967953664773,0.9566419611381158,1.0
143.21966791770313,36.371048420745005,15.355027447491914,75.5421409675341,0.6921794061310058,1.0
145.54677259945106,40.94772597345038,14.379326555167143,85.10549290233881,0.7795582465475345,1.0
61.78251925720202,11.571708414864219,4.364573553649226,154.2426834529431,0.4334550106524675,0.0
55.684269165661824,7.207782389762827,0.5734917532559081,165.52832686115542,0.34643936465104164,0.0
72.83661104724925,14.53474242195217,6.132723038545686,118.24935887887932,0.4381037571204768,0.0
62.84216709935203,-3.463807551031845,8.350261327549912,147.57834262241602,0.29298835691247305,0.0
92.94172523071568,34.913814198267225,12.765092848770868,69.26968057782312,0.791778530151305,1.0
70.48188210632216,4.863276568637787,7.76854779494632,179.33078992380845,0.1112892775532976,0.0
138.37170608397017,56.79794779091326,21.984086555611366,51.08534276377246,0.8360968619298581,1.0
56.53334735554445,5.791334823575822,4.059730119584215,154.75482911799034,0.32296211274883263,0.0
66.8224108503035,-0.6144974793922593,2.50279999737311,130.5912616240485,0.3898251844358756,0.0
42.122239195719054,9.430360840844708,2.8065299437579765,152.08763766489383,0.020217944877419014,0.0
66.0551914945644,5.659920995991511,7.820460955555616,165.40625418729434,0.3343877074016294,0.0
67.40734430418833,8.55411658489958,6.315950444152975,151.13233860767286,0.40705216340593764,0.0
62.117254094523716,8.213306644033375,5.815606268188279,171.9762194690712,0.25442781724760977,0.0
46.26066929640163,-1.2841409037436264,6.962328881198934,98.23895805638465,0.3139696633221491,0.0
124.20330478367164,44.73886653266786,17.773206732780366,83.91005349359584,0.903217453918114,1.0
61.604144501130875,3.223438207133851,9.173617272049695,147.17837772556524,0.2540640422571986,0.0
118.50631600285568,33.4817760064312,13.704039936367254,63.96743801788074,0.8032682328084598,1.0
56.71767958629671,7.718586571182874,5.179658198276994,172.89623620750143,0.3898186638679525,0.0
75.49478263932588,43.612955567459316,16.75864479297653,58.327669138869354,0.6976695682111175,1.0
61.27516060281245,18.33713818054256,3.9475034134680893,146.08399766593195,0.3456091223777527,0.0
62.291352160301734,14.071570243515257,6.593175074146883,128.34221434264012,0.4256079688387263,0.0
90.52822841864958,14.181406560851585,6.387435097596153,145.04089174272076,0.38365928973892355,0.0
94.18281558228779,29.065210627499578,14.087407194620338,77.59594545513718,0.7216687202919929,1.0
69.13427431072714,15.376590532507409,4.793642662026656,146.04671132273347,0.06834798839961459,0.0
116.38865222274748,43.8584613379925,12.911018185057486,64.97214671675867,0.8740316240788297,1.0
72.73220392476324,9.458350922425373,6.147490662826224,122.85899597284379,0.3164133847123187,0.0
50.35982307357523,10.424837735090096,5.501229872607964,185.28461347981198,0.31492699132986934,0.0
60.07227938384571,11.270239995253135,9.545906515038874,139.0902824404651,0.34564841960661075,0.0
49.628144796689625,12.584464744645214,3.6018405076121507,173.57318917311062,0.3000783108992014,0.0
127.55531900877011,61.79191222760588,8.35168248312642,61.82727952693249,0.8470840624316377,1.0
124.06607051382665,48.2083296805032,15.193152855361607,74.01996290783573,0.9919760823926816,1.0
50.27322427560818,4.167326283407485,4.305353918458182,165.5430249303797,0.3775215190196487,0.0
67.91303693279248,11.315157831917292,3.011951731833475,152.2056986190108,0.31210470180796707,0.0
93.6440480241117,11.992677319104668,5.842242179003024,143.87833371275173,0.3985344462551368,0.0
82.33346251391407,51.07852728203621,8.809948275482325,65.22643919756841,0.8843917124994646,1.0
44.352254959107135,15.42114029162241,3.8845307420541326,152.62568625206478,0.3075395202999585,0.0
56.06757871090301,12.577300305733836,6.667239369148361,147.80786939256544,0.27380852510997233,0.0
110.74430047374081,27.65450093452234,14.16755271151087,66.15444575243767,0.8382805421866446,1.0
122.18466948823837,41.29393803321014,27.032105896214617,70.51528340751602,0.5972531706829014,1.0
68.73224818242718,9.054254150034865,2.7564543364344147,142.37791583658347,0.2953266030951978,0.0
72.79587302298154,32.594894321882535,15.60191512179006,71.78550694743457,1.023231452629845,1.0
48.909844344163126,12.594381530276573,3.3442938324054126,100.66119966176963,0.26073961586340544,0.0
60.589616457302775,-2.148412642668802,6.371337958876646,174.75142989732933,0.4273040185714731,0.0
57.219474347903386,7.122309230788029,8.532772478380583,175.52819449677145,0.07937509993027086,0.0
53.626020212829246,15.682607884112514,5.354292323056478,144.88657828806046,0.5371775001672321,0.0
64.04623022743569,3.553271816338225,3.546957433492482,165.93013890907105,0.2256821459620274,0.0
77.80668370231106,8.295154519988284,3.8081490155076327,148.13365729057233,0.41144311866859257,0.0
108.64871803115425,25.96221917424403,17.675011514216067,84.00022394536997,0.8052468744942358,1.0
93.7636468285793,34.33371403119109,15.441053253369127,54.07690767910519,1.0282779218091025,1.0
133.29792655962294,48.93146861541834,12.118602617977157,71.73338517760502,0.8674815881158529,1.0
104.05063528196636,48.81507805066137,6.690482747474579,64.86258616098064,0.7233232994243368,1.0
122.01974458084807,51.619166131008704,23.287424001205476,71.02746556182422,0.9179874609850684,1.0
43.33546025544447,8.684134011829597,5.255638213765467,157.29698852222842,0.47944931042236405,0.0
100.46286128376062,41.30318050415626,20.382555686986684,65.28103106959361,0.9901743878579157,1.0
68.40245762256734,7.112848487709704,5.50170729241474,153.6221870903698,0.2250459917859371,0.0
49.501627593346285,8.600304381750549,8.453503257098433,149.97185181394286,0.1600285782375739,0.0
43.819543597118226,16.131625480350788,4.228105619670523,175.51169874119498,-0.04218302209832414,0.0
59.37201496414679,6.671952986177981,5.726878094949869,163.69440528258596,0.3388698361135192,0.0
78.57461041342661,45.36987884546185,15.348397278558528,84.0654453467336,0.8055805933579254,1.0
127.45378692884827,37.93342179719605,14.585633112642284,68.90398788565597,0.7157982555454097,1.0
98.00903391429524,27.8872799558373,11.715263730076298,57.25278731621172,0.6667320388505892,1.0
85.8895691281698,59.0899243931005,10.957433945892355,61.66405602963592,0.810585148171621,1.0
42.14695037082782,12.218729272875821,6.478074141440718,141.23694994731227,0.5592422353937407,0.0
98.66277532296537,37.76739362945297,8.042052731784164,67.56625570661974,0.679306925698403,1.0
121.06084728793208,27.607419184405757,8.098177570718597,60.856415192875694,0.7839264840998428,1.0
53.61881922607237,3.5530442320696567,4.9981183000448155,159.90944688522728,0.3694483513525439,0.0
49.19577789835539,10.81873152494701,3.6767587120108156,176.63484059581307,0.23802008678820272,0.0
59.68532626058268,13.844853612092939,4.291537763446027,144.9317243353538,0.3547905990872503,0.0
73.3702413164043,18.120938829911065,4.210998165695157,188.23177719393948,0.26440456050102484,0.0
135.99448749637654,33.03163818546278,21.3265878691189,70.03245243506856,0.5520128098443068,1.0
65.78690234953896,7.38682962679729,9.379395117288126,167.19730924168093,0.20532818417918314,0.0
93.10877093099953,55.907972697094195,14.236679851642116,84.72967240354382,0.6437124605948011,1.0
59.888639782901,6.459837807698546,1.3906711337280275,165.7404842184396,0.3634805178025515,0.0
108.46804239041717,41.48082821728012,11.28759700991979,64.4348523015342,0.8790969836827898,1.0
73.29580796348186,8.087137817018407,7.9454548368557845,128.4956657232145,0.19453523738130862,0.0
48.514436032154606,10.21507272953739,7.408291770782093,115.9320564185609,0.22581795868928867,0.0
75.99487950228504,6.407997200623679,5.621746583129715,113.3010380519082,0.22992982501455062,0.0
78.27635303160197,6.888403067066315,5.257519869189483,136.06672112124542,0.24653138580677952,0.0
111.35206350814374,38.805822089065465,20.176001046728786,63.186205685945076,0.9634329677213783,1.0
133.92265448243737,36.36877336181852,5.5788020047802505,67.95685885727364,0.6404989794331558,1.0
61.50900687588174,10.262061987772764,4.926483623426445,143.13945720746628,0.3898317449841766,0.0
137.4214839948512,46.28436307150967,12.546253285609962,89.50111149681663,0.6519152840291828,1.0
67.01597739785417,19.12742177589471,2.692634202220046,132.24694862516841,0.32668438699735713,0.0
60.24953123118521,11.065226089662756,3.797578764521623,186.78444223885833,0.3426477199882452,0.0
86.99335199616203,33.82722426981821,19.7803059547343,60.695519513879944,0.7383055124795093,1.0
83.35531426148296,13.8337812448205,6.4128276468294905,130.98137476196257,0.26830699642871814,0.0
92.35494175308078,32.69049065552615,12.601630424351974,48.973571321793415,0.7837465210487665,1.0
65.42799677740487,4.046734828820053,5.980133165357593,186.60643012240146,0.4445054887774713,0.0
57.9248322428426,6.563379161143112,5.955915687990973,125.09347388787837,0.25973317924418404,0.0
68.77997087257157,16.09814436078789,7.402495181176498,141.37868006411694,0.2767197920089218,0.0
125.8652899093159,33.802321509464946,15.922775768649357,70.41567169308472,0.7670970959176057,1.0
91.62250164699186,50.78678519855087,10.290556751122713,69.26015041248212,0.7602344107212325,1.0
111.43965195776364,44.69007062370328,16.06147698306772,75.34275265089398,0.7162201895005292,1.0
59.93577350525797,15.555809502261955,3.523547732905386,133.8114341258637,0.11136749663522416,0.0
40.33986607536442,19.392770280164317,4.106296382253005,121.1029111966606,0.4236344332503877,0.0
127.80386452587567,44.13956538588562,21.09005325886495,90.12540975947655,0.8314941431824291,1.0
113.19004614812866,47.81784792884003,10.482027913639392,61.96107369364623,0.7729364711663933,1.0
58.10342209341331,10.735481923572719,8.273711693742026,176.35932941624142,0.27736071150629593,0.0
94.52902322570827,39.89367808347281,15.473103750788097,74.67853088516073,0.7095054757303005,1.0
102.03641324000539,39.69731631595016,24.648648599051477,90.41187992258136,0.8445142391001463,1.0
41.49079123436884,7.411113506613166,4.8591298504102935,158.09728060797175,0.34382193646629655,0.0
104.83113129429552,50.17989628364895,18.557118589505393,63.38779330454731,0.7838371348358621,1.0
89.79385969092566,22.793861163612004,5.142362708157932,171.2984487454721,0.30207534120462876,0.0
94.75330913408504,30.06562353775176,12.081038946531427,61.316578855364455,0.5608076971178075,1.0
57.96028311526933,10.374558199246021,4.760610613459798,132.02846363599002,0.30569080851113306,0.0
127.08093836538092,36.339528568680336,10.774629624917917,70.05086011262418,0.7795818199843733,1.0
51.775063506585774,15.270165151394481,2.6987805865769023,158.97511346988438,0.25134776689003274,0.0
34.785112541459,16.180832451006495,1.9339764429495152,146.5076914328024,0.49302485313193123,0.0
44.821466786632996,5.146552289588479,6.425327243317926,160.40396319233827,0.4813796092801539,0.0
118.14135871690468,31.645319721241908,17.846658264673803,74.58162948432023,0.8704531756659397,1.0
88.83874894504183,7.211933571356084,4.632974954599811,172.63208522566796,0.2557902462059831,0.0
58.60779513016534,7.752406522081038,5.70551881720274,164.42345172300975,0.4450569673889505,0.0
37.56564336531573,15.074078006322285,2.2672047826052597,161.67228558818465,0.24683788452418498,0.0
130.89770681371957,40.47151449023114,22.736283848387853,79.35200395815409,0.69954021309101,1.0
47.13132732236502,14.379079884160916,5.129957978310853,162.82342254812443,0.4075461297030054,0.0
75.8208922648057,23.540619160865965,17.659347605279468,69.93141818985714,0.9765956417479973,1.0
36.18702638351017,10.51892706934321,5.308106314834032,162.53074023153457,0.15107227986463984,0.0
80.74943050920928,47.78432652263607,17.25752102543957,77.59481216077803,0.7834267059738946,1.0
89.16893224736518,45.58656828162968,6.72892477411785,78.41678010045496,0.7945144240221664,1.0
74.345104407122,14.558641003763402,4.900264078195376,158.95564385555244,0.2976662881658044,0.0
87.840994804368,51.545048378227705,16.732185175540543,69.19668400490653,0.9101192042731445,1.0
72.69616738090386,9.032942432849516,3.7744992484490156,129.28397976405168,0.4921058407527442,0.0
51.4072879709876,40.073621744947324,7.324782012246157,89.33752937630108,0.7682079992641352,1.0
59.54505836820264,2.3338065331102165,6.773527973084877,180.14533502515346,0.10346881083109358,0.0
84.38927623201083,39.00275640437348,20.46542572767259,79.44496929091216,0.8540619818898132,1.0
94.10079654452149,36.412855123311694,11.768315878619436,76.53746400379387,0.8022158364650946,1.0
137.24912518106456,56.97479435976304,21.96964312291486,82.783005351875,0.7338427508213772,1.0
108.86830688700022,45.949921357751705,9.35602811265911,79.8045943873963,0.6596679365223225,1.0
50.64961258219219,3.727342496189081,5.2273032377605935,169.99907156303635,0.319275692363317,0.0
61.82366086701489,12.80008777442351,2.7261069056005947,160.69936008185914,0.24925928849731216,0.0
56.49077636625121,10.115963573024104,5.942971265815261,127.3037672211871,0.4127664406068015,0.0
50.337795742521095,6.863211318352338,4.184321039737812,121.38430282996475,0.31586007258817905,0.0
80.68141633180292,-1.8477606879449446,5.929737041050708,104.4504585118227,0.35609806026384694,0.0
89.01717938038155,1.4082979545406396,3.541389764999461,167.37415848727693,0.31085264831203685,0.0
87.11161248547975,50.605721397755715,11.235179388405385,76.122384734744,0.6805389010425691,1.0
74.87443508380498,7.295026619201284,4.285575440633216,134.3822117539242,0.25159498597181484,0.0
134.2329959780549,17.357817777686538,6.444888597402368,68.56132954233284,0.9534036377693452,1.0
42.231319858249506,2.4399613015806487,5.941056905958237,166.62497739235783,0.42198114954416865,0.0
38.484535246865136,16.6816992573058,4.248111168004114,147.28076324631732,0.25989163489530176,0.0
125.58798058779792,36.30525672958952,13.190910957887807,72.42539731527359,0.8500453566161355,1.0
112.18788768276306,51.24387975111986,7.88369066554175,63.759053128731736,0.6127641258558252,1.0
134.95650626275534,46.562825541497254,16.640375199000143,81.17051492726084,0.7844831905195885,1.0
81.6206021197012,12.178356391706753,5.298012475332492,179.77235767542575,0.4845193386843443,0.0
52.31552225707334,10.987626711354775,5.041657599902251,149.59611154603164,0.4068895550594628,0.0
73.2163895917612,16.434592322709083,3.071561698560515,180.38532333091337,0.29805840545696594,0.0
102.82064397349794,38.08331488714966,9.589678797840756,81.43588285374112,0.6561765888629664,1.0
154.88715302053328,41.785463470282394,17.651461989705297,69.33431408759594,0.837158971029759,1.0
80.52270324847306,1.2812794153955736,6.483359507980001,154.52231772393253,0.25152189460333274,0.0
59.82426567292241,6.8268950476532035,1.9377674113268033,154.15862378320625,0.18567592796802324,0.0
77.56252604362926,9.761947135478628,4.691074443900537,190.11065271077644,0.25566174482281007,0.0
62.0367784494272,6.145182494822668,9.586870227201114,149.74416142121214,0.30006575425539067,0.0
101.5258162863488,32.81742631587845,10.38445865862629,66.84054551829853,0.8661774608182056,1.0
69.21561989126528,8.2435634001629,2.3530334880182475,145.48922152344744,0.26202201602885267,0.0
52.81287053192194,14.658358667667907,6.2439656416598694,126.92683440743309,0.3719263699684654,0.0
60.21876239592524,9.286410655815429,6.378665635550076,140.5107870297071,0.24090541185982753,0.0
43.491904899988626,3.7010560426792036,4.333329668805161,176.18695217806672,0.2120425045783193,0.0
75.54628044628066,3.2165000335693357,4.943006467907762,164.33458114493197,0.2622671248129051,0.0
100.31191882561508,19.404037945435192,15.594529563683023,70.3322949060399,0.8169308379533395,1.0
98.32853544582755,42.94553514943001,13.226595967535804,65.96424140483632,0.8421314035138161,1.0
72.39866583956051,8.11842482620971,6.574804270402937,133.0738853571016,0.4224941074333841,0.0
89.96318155390202,15.606095881833769,4.970662160502538,99.11865876822034,0.49053404847367404,0.0
124.22198571450978,18.742494509406946,16.026350100253946,84.17642476265907,0.7179936929630114,1.0
99.70061169733671,33.06789190709962,17.810319474508336,60.81580639783826,0.8250273147471469,1.0
114.09988196071745,39.662241883439876,17.327555484609988,82.57525266953103,0.8348518814122227,1.0
55.56877896434875,2.539707784971732,4.331664815643423,129.44676041351036,0.4184089222958176,0.0
43.5841288948803,7.6448703955506705,5.4201383939545895,141.2129099363664,0.2935381735784599,0.0
67.74186156972696,10.213389650935204,4.154322725423416,186.41037122269336,0.5034005365986238,0.0
102.10173539606356,35.65620148620698,10.572693356640098,64.79476754934126,0.6877070607881564,1.0
42.724346011870054,13.290171588798298,4.5042049603075265,140.17868900400111,0.28900914130771516,0.0
80.39224744120641,8.885777408901435,2.4683204583992433,151.29112050116214,0.38729790000940056,0.0
50.31873017330092,6.766993956626317,4.048375669667007,164.33915347159027,0.4656219987170985,0.0
49.45434116953087,10.523469766389097,-0.18687933658369804,182.8652654375757,0.5504608709699808,0.0
88.26407570479667,23.1806785129713,17.54889412270629,69.38641322210624,0.8266035427950114,1.0
80.89929091762733,15.510065505538078,7.333330607122935,130.22797742092587,0.3299733568323689,0.0
61.68647773388185,10.551781202875024,4.400798415970767,167.44893165906225,0.1544201715315488,0.0
85.67923341716958,14.360063090679448,4.4745250811179975,163.38808717170318,0.41021218676446736,0.0
59.901399894106284,4.3287405908174055,3.8005750222098467,163.0157926076766,0.3481248603318512,0.0
74.28488367073525,11.077370652861214,4.466550001675703,178.84526219362485,0.23747115132209068,0.0
28.375550197425877,2.227158226903656,5.063521919652523,162.0877430917763,0.24836246866730588,0.0
110.61411327824351,45.546393855636055,17.95975968080462,80.02008993085305,0.7392123550871441,1.0
64.20812434639136,10.862861393852883,4.709078752344898,153.10284148771822,0.4060950607587244,0.0
76.46730669219329,3.692485241696276,3.6976740470803686,140.7918873540261,0.26334132505111074,0.0
83.97669456859816,9.113348330319795,2.4706480084697566,171.62680781749816,0.2524680233802734,0.0
104.01093920030817,46.62033517157227,19.56568016307299,67.09560738100222,0.8215884172551584,1.0
54.96826040799142,7.089781388834581,3.324531704203512,143.86855221474607,0.27702253155592793,0.0
126.59871830159459,41.64027484387696,20.59951129804657,68.8628357846024,0.7755167660510363,1.0
151.14576467640893,26.336688770912232,6.823357568350804,77.29902427068927,0.7982296821217942,1.0
106.72793949438228,21.468072120517064,12.26658529116797,67.25179019752055,0.8408851163983772,1.0
129.67978118224573,49.05277633494561,18.669537981161515,59.47976120288285,0.8224083389392056,1.0
83.32569599029387,14.253831588471225,1.2364086635959795,112.08518817159032,0.2851587101033266,0.0
55.22807743978315,20.644903688297283,4.357206991435968,186.01075642691683,0.13972923455633962,0.0
127.69865967441368,58.75568822386202,17.035556033786893,58.277089649551236,0.881766308781529,1.0
49.46524926321192,11.09294590418142,3.637647176775247,104.8774595227921,0.314392995800052,0.0
91.48719551094587,11.083615859966653,4.981813390922442,155.1922666361515,0.2749443757035566,0.0
88.03256686442452,53.93546071439928,19.554896969999398,49.37050545762271,0.7666012197535617,1.0
100.71734579514234,42.74474401463051,9.85676172150696,70.01568006713606,0.6246090470547879,1.0
136.20952073443863,43.30061928747612,14.096226490507956,72.78050888071027,0.7262744248258126,1.0
122.10205246823261,49.360915945598784,22.40081034272923,65.02361162375902,0.7718597060184215,1.0
45.30372271984767,10.552311966218658,4.865855825414783,145.03696404713432,0.1898838634971735,0.0
72.5159090354604,14.938462133302426,1.8112567075548682,210.2651254733756,0.139690625999273,0.0
133.37687954437112,35.374533540815975,10.38434741156247,73.24133384296891,0.8712358828880187,1.0
96.8255462454135,34.01106115381674,16.061696732680122,84.35833723932143,0.7420989964362731,1.0
93.93926949553119,48.96510018376172,29.473074889003072,59.59770492646086,0.6912179998009791,1.0
97.36573863002502,49.594716312692185,12.522164996921981,75.79226855036153,0.9332798744951942,1.0
72.02811170986092,12.687154339134679,6.156651675579566,170.0404096222582,0.16668552651740073,0.0
48.693649359873476,12.96934272377391,5.4765010334180335,157.2085150080189,0.3120365937101314,0.0
150.11529038179575,53.464832577587025,27.10323563419308,68.74539217150803,0.6897167398347951,1.0
60.38776714641124,10.351789880997554,3.607935476701796,154.61746648061404,0.3261084634741685,0.0
69.50625554932725,10.651297141758509,7.197537140078271,126.48786235841143,0.195065753622866,0.0
67.21153524173187,11.170604918258517,2.952001071942141,130.1763939992714,0.4974069995974444,0.0
51.22909551837329,8.743593169714918,4.079077836712575,174.3431022886916,0.35391462048469824,0.0
74.87742867744105,13.30231489658233,7.999950613583708,135.56152775970793,0.30385493602904046,0.0
93.99359104771808,35.336560519118876,9.91828963224297,68.71353946281998,0.8228272844871739,1.0
119.4510941210574,16.723156819673974,12.633982925932676,62.74424627245376,0.9128428363054686,1.0
107.10691860235622,47.47013991082397,11.61445911996691,57.5889736540659,0.6948330972412059,1.0
120.72449064323592,42.48102508791826,15.16240973308509,70.09096035698535,0.8160363487201373,1.0
60.773373182009934,7.348478463977184,2.1950955757773305,153.89381520235295,0.085795123990282,0.0
61.32876091155497,14.898323508641873,4.541714914799275,162.23579334432463,0.14545677022521725,0.0
129.5234596098883,46.99300463913791,15.16663091987868,66.99183445639929,0.8391477386302247,1.0
43.04765925999055,9.980664717786995,7.285623307579321,154.51167678805746,0.1832070768983898,0.0
73.2069768756625,14.778561038703579,6.179138520594538,154.1978326383035,0.20953241107058687,0.0
44.20281198731148,7.902947224341073,6.047064672017974,124.4797237096209,0.09981452803584137,0.0
110.97371738929924,45.09333447020346,11.964980206689514,59.63814181556397,0.9741163555743728,1.0
134.34338309777087,56.88424051734833,9.762033669634526,46.58646609058076,0.6110834749510354,1.0
93.69127422093243,47.950302512571085,22.23865090929573,73.19486856879583,0.7449615242110413,1.0
117.91231534835072,35.064605496428555,10.234810021048846,70.65287657352779,0.8153329915834003,1.0
72.43717102218233,17.133920643963094,4.3698020283658625,180.4961951930301,0.42762949819590423,0.0
131.8077571384144,48.62792558071783,6.891803065697644,86.16301486950174,0.9632123376299556,1.0
134.6605367692269,22.86787640447544,19.97348289388426,92.72756349188654,0.7032173146660712,1.0
73.98734677695973,32.82485655896175,8.622459908145684,74.26952771566708,0.8719735804277057,1.0
112.63039791227666,42.42843273714663,18.997582523120673,87.91407520886696,0.7929087564830835,1.0
108.81471981105449,48.515105164897854,13.767471018203112,71.7832889840359,0.6133545996869632,1.0
76.08287628002051,0.3437621281959977,4.287758995096579,128.70020620249113,0.16772635106535794,0.0
128.92183589262254,52.37319152742592,12.276017224878427,76.56858130300249,0.932217507929155,1.0
71.28425765096488,12.10271174951145,4.76673482098918,134.93213595951082,0.32783043906864134,0.0
79.17967873064562,8.430679017408746,4.244202098208705,149.26083253792356,0.37462212985068766,0.0
60.325815866971574,4.673507183078838,2.3810127479744394,130.02654461607275,0.40720960482039836,0.0
100.28458935630238,44.858858205339445,12.857938054209022,80.41240234423087,0.965839640057795,1.0
74.38680611763641,2.624995394830357,5.802344546682162,162.3332554869893,0.3478816267877141,0.0
81.47436437293662,26.355950989024283,13.578129805170319,60.549454171529746,0.5611480312921235,1.0
70.04393360031628,3.026445962892005,3.7959179402360848,136.1710040615516,0.40195368745816956,0.0
65.89337782831845,12.567459516034228,5.428081882973591,158.84667445914505,0.2810694514778517,0.0
97.5643325886388,43.69741651363299,9.72955168753134,65.64906137634799,0.9728442827251583,1.0
87.21836125474798,8.41069679880723,6.257415026754977,56.09232856216939,0.8412329057375277,1.0
113.61289928806434,48.34620346270803,12.695017673564589,72.45516219673235,0.817076728000185,1.0
65.75353542533828,9.380535849571299,2.4850469780404567,136.23447309069735,0.2651059046767286,0.0
105.19501781416237,32.40267569318916,20.784340303304948,64.79873389346187,0.8871499168555925,1.0
63.86010732730715,31.83761212160183,24.50067211812462,65.53816021620675,0.8801372560215965,1.0
55.16511920800441,-4.7065288065871655,7.925773861054698,147.12658822185776,0.3611465928967655,0.0
59.48867248765069,11.308646043271173,5.679797233747517,141.39856762287218,0.36335757280403913,0.0
96.73599135821897,51.53319354967422,5.456454021766216,52.64648933908843,0.8870665209533252,1.0
35.02526187333309,0.18593707677453786,4.706166888310024,142.01621441392504,0.19212753462813295,0.0
55.93676817503829,4.09191719381184,8.234672919716338,149.7796053732922,0.14127306877153317,0.0
115.0593785519992,32.19584012768153,19.729234877072102,43.819183034764954,0.7646149211332551,1.0
105.30851036062884,19.07632815047528,17.887357464766623,70.60634857005094,0.7805351458526901,1.0
113.52325985617446,39.22422028074491,8.557638525531614,67.33985118987844,0.8565783790869798,1.0
52.78158708874044,3.772038363554975,8.836538936621022,150.33169258135675,0.16358913763891608,0.0
100.82420410684838,45.56415092094511,20.887406940656973,71.03169783426524,0.867985131745843,1.0
109.3159578516662,34.37129858478742,12.76368615325147,72.4702342458065,0.8515436628398658,1.0
43.45168310472208,10.874237632411552,5.650260658501053,135.70507773941884,0.3438617987164727,0.0
47.796796998217076,19.2716852726912,3.1287638288299844,147.42219536999875,0.14670909769542945,0.0
90.80571161590638,46.677410371721244,15.620004830307655,80.091469646326,0.9327849403856444,1.0
102.30530638395248,15.552433423657199,4.14634136949153,185.64175566175373,0.26217908621973246,0.0
112.43872083080473,35.38084055362989,14.24380512379681,48.55543080741984,0.864170757474,1.0
139.3314678971813,42.26823751116931,22.875103250244013,84.23300161865255,0.8830693334347876,1.0
58.65833967549354,-5.317246490617901,8.665879265693391,165.87379943478524,0.3122025770460331,0.0
117.94095541696512,41.92326125042482,10.56622471993595,58.291598378263046,0.7820075358231945,1.0
58.7012644401087,12.498000542412498,8.484081046614145,136.99654527549822,0.29383014028908333,0.0
125.15202711374913,31.352941100493865,16.731703474995154,76.20614530739003,0.7753984804432662,1.0
115.28070174790736,40.29794406986521,13.777870115898914,78.5918696207282,0.7069423746311818,1.0
166.37077613474833,30.733424486244502,17.84086448324527,70.71281099414074,0.6673976042778874,1.0
120.27762276502305,41.624524380431865,20.311631681624135,60.97776399562787,0.8024747837802894,1.0
128.84088186025062,46.437107127565234,13.52718122507466,62.21253806673055,0.5329458291830607,1.0
60.64027501351076,13.336271712653064,6.3217918831594275,148.91864785778134,0.29486929509069465,0.0
85.52356623074422,29.17580382646841,7.699429728792044,79.45447979014483,0.7814339952350458,1.0
51.42456072046055,7.374596587127993,3.314795638328528,141.62471111967648,0.25438132102507993,0.0
131.05416298192068,33.68799724122598,11.72172117551738,60.09529996300472,0.9115212176682124,1.0
52.082080904458714,14.237062907416203,8.711665847075274,150.54748208774544,0.49954088088439724,0.0
64.32818285871132,6.606134675398632,4.289021475781009,157.4507327344733,0.3629069546313696,0.0
97.95789276779851,49.35900763932301,11.988641950358863,65.06553406428307,0.8211191925088915,1.0
90.90350742051216,30.925470190315924,13.660056022396947,80.7526947579676,1.04701731268032,1.0
41.320898029547635,8.430553963758268,4.307926302479458,181.0857019577483,0.4389798081609967,0.0
54.430706162106006,9.703519960710558,8.63917067777263,143.5977836988259,0.25373013372787623,0.0
50.56284798475248,7.593801594464496,3.6823995698192027,151.68617581931332,0.2682733225096118,0.0
60.112631593025704,18.502955166920668,8.033000995713728,148.1006186992981,0.22868761532189052,0.0
90.26933382067529,35.63798474851258,20.10221575928489,72.46765006662375,0.6373114523599674,1.0
64.1770398480442,2.8582933546302405,3.891545715946103,153.52986157890976,0.2660534261691053,0.0
60.191263858837345,-5.591200416166135,5.718959961692752,134.37253097124577,0.263805376704443,0.0
47.551410571706725,4.516085668110534,5.41501861344925,124.2703034018541,0.3232960109896541,0.0
102.32562723868027,37.96929714773038,16.638070320964136,85.52578001865535,0.8408540401782005,1.0
74.88506114537053,12.890661680850556,6.047205791877754,146.77894277378337,0.24838539028508078,0.0
60.796305844437846,7.836494726504401,5.399496332808766,141.7527568674267,0.08093469718796717,0.0
125.34068737353223,51.37738390581609,23.356880029416402,64.82133877438129,0.82189166180379,1.0
122.22901390278864,45.55417723131616,20.690506190684417,70.76605179399029,0.8385594269258553,1.0
81.06392281614745,51.007208735759946,10.65103721018728,73.93959512366483,0.820862730156515,1.0
125.04106526411876,46.065907768228556,13.177874561311825,78.90902395108131,0.8086420850917201,1.0
98.70951622615719,35.45294682456464,17.76500317473028,68.85434867151602,0.775755684042586,1.0
136.23471975497938,54.93377216005774,19.306026365399532,81.9297950787001,0.5812685144788377,1.0
58.486641161515166,3.0089559091762137,6.858234982411806,167.51064679405212,0.3176269841552161,0.0
100.94819591683142,34.65594088835709,9.66792573074304,66.32593394343075,0.605322525384371,1.0
56.50765487902732,5.822202701473011,7.31928789550161,177.03502369536395,0.4062764474575513,0.0
47.070963346848124,11.327684764435114,3.974517333369326,168.57485991490094,0.3630315580811131,0.0
69.3005492382742,12.523792840365324,6.818558502588395,141.0616547226411,0.20367092375353824,0.0
27.055416521091146,20.675779139702893,4.7512795052280925,165.68765318195017,0.22458128967383695,0.0
120.64240308537121,28.299672789902722,13.768403085125792,58.26380302099534,1.0076069387687707,1.0
58.694769534276325,13.470354061406804,3.024432786382146,116.98379843658705,0.300099557537887,0.0
44.26746888892413,9.322807535764627,3.4796645507051682,131.4582380435733,0.33551331596403056,0.0
44.53022408256806,8.267998286612873,4.3483210125527325,169.341682300051,0.43168879655062853,0.0
150.62925101727407,44.32775241733633,17.688429768526614,84.25907659774849,0.7782936788770799,1.0
106.86000344478597,36.658770898710245,13.508078715267496,81.76780398654748,0.9533847757931029,1.0
118.12876037456093,26.4012506714175,19.573933269824536,55.82256412720756,0.7230615541728312,1.0
128.99433304498567,28.655803273362174,14.754117716379284,65.66850141983507,0.6403259775148482,1.0
131.3841782352721,21.818001428732916,9.071005167383557,63.83859754535941,0.8580974946169233,1.0
59.282251082805246,7.4591499876666125,1.8821847933164526,151.5053307259103,0.379524921952868,0.0
63.06604408178442,13.956956552549036,6.426051749917982,127.64514244382624,0.30871489783576983,0.0
94.61007870548117,46.44820560322891,19.057223272216355,80.66414172480343,0.8013070894188661,1.0
66.92425972228655,8.818170486002517,7.444913939035251,179.16477413380412,0.22744574419694713,0.0
134.70171033527572,44.2174588452043,20.591523457568073,68.65522591860139,0.6909444569037585,1.0
89.76403267375561,33.028882511386946,14.89342162203961,66.82096214647686,0.603382730340994,1.0
71.03820327084793,50.3039299252365,28.569394677385077,63.5605955253346,0.9169270073035765,1.0
81.46758631615614,12.719639159370555,5.475642136809585,155.4074234092355,0.39885244457036145,0.0
55.722000132261115,14.119209262249804,6.75358442368606,144.7879618014278,0.25341331533159905,0.0
119.78364430764266,57.33129636529888,7.604148587662502,55.044254077125075,0.7758812623553325,1.0
144.94643838080867,29.07066686017624,10.610161755328754,77.32265127366581,0.8095278103837482,1.0
46.00926443844176,15.220342491369475,5.752445677846887,114.56167098867371,0.3925255364093304,0.0
67.81832907723839,2.0333232419614102,6.327617711495812,175.10733655436405,0.2970946740849437,0.0
54.11347684349067,9.652774522742915,2.8178229405983535,156.2767124907627,0.14589556368564416,0.0
133.6725791045878,27.052963644580352,17.86609758368985,74.88768059250472,0.7942478186940976,1.0
84.27756914172141,12.413501900509326,5.633136888525781,129.07618409128966,0.2820170111862395,0.0
54.26890883953732,15.258652542980453,6.478746711489079,150.83306584271523,0.3516093933953832,0.0
48.90722049681881,9.98037188258314,5.962685965898446,149.39686829044848,0.11197878605300468,0.0
102.57633254427427,34.868196156985555,20.237773892994568,73.56748880723859,0.8560790466253535,1.0
16.94850719997804,7.602983659813702,8.178735887939562,87.55462251599636,0.22332052627072496,0.0
40.028268125573874,6.959203147190156,4.464300958606884,136.32379601122489,0.2662689342027517,0.0
74.38601986981283,5.002098859189586,5.69203909886973,161.63974080293934,0.4230079418701795,0.0
85.89836945702687,47.74323439746314,20.74866299271423,74.74295549183451,0.7782056308421982,1.0
50.32604804741312,6.957189313232651,5.314846720537806,180.28693117183406,0.3776615697779138,0.0
108.82190931683402,49.10746968884368,9.36950939243961,79.14061233716203,0.757045197298051,1.0
124.44123559907166,23.178495687927537,11.451759226790273,80.11561302047555,0.823820033694236,1.0
63.8851577872098,0.6977291656037252,4.594306887598108,160.35720944348878,0.2755359455557063,0.0
70.27400748943218,19.083984100622562,5.192265072465504,136.51558699503144,0.216193835240583,0.0
65.03973422148914,-2.308806445378085,4.837310329930134,154.22431836354554,0.45548803879048744,0.0
71.70187908477493,7.067101657250032,2.7952505640978353,120.72487401407932,0.07126475339972191,0.0
68.66122022575863,11.58770568739331,5.764684599041557,140.93840737769136,0.20808059702793727,0.0
116.20978194495964,39.33587837808633,13.66928837105325,67.66153433340872,0.6944478955550673,1.0
64.62139400914587,3.71135957791405,4.3870886663622475,100.87390773305194,0.36255866684703586,0.0
124.54570592325011,12.373972015760412,22.97535326068282,70.6971815923803,0.7431426553319957,1.0
55.44396853257307,5.0703275780849735,5.020145689782679,190.7170691642391,0.46477608496874134,0.0
92.01914415871643,60.57729314166429,3.473322340253169,64.10883137587386,1.0040300094529158,1.0
105.6442363579817,46.62842842521962,12.909894882118968,70.67475793226268,0.7043248441152042,1.0
61.35116622128563,3.75421552027552,5.276252773013481,150.1143821242691,0.12294656675257193,0.0
88.82394163785774,2.0199789485215174,8.223568627316629,147.47753121810683,0.2231092855332063,0.0
98.13700447979622,12.917008198797355,3.4724989650156592,161.6347930282022,0.21649240209945914,0.0
94.34971120069497,9.408413098762704,4.996409506024002,125.2218984512115,0.13688017333035746,0.0
103.36485911085082,26.37181251013279,11.949421670848274,66.44499594336574,0.739781327137114,1.0
84.29489837844355,19.16983419794451,16.974615336264478,62.11429811766449,0.9370848971290449,1.0
57.88501288087002,9.580584497540569,6.153031505545423,149.1620996331252,0.22321315478785161,0.0
145.34122283505053,37.489957142642325,14.346627268899454,56.498624459863464,0.8256432204686533,1.0
116.56996507560714,43.38133642372544,19.818476032490093,51.49871317974982,0.7172703488984747,1.0
60.854636396451355,10.67968261416996,7.198329191154298,140.76741799578764,0.3174778787571711,0.0
70.18490818784304,3.6997029367331535,5.0626348500805465,168.1686070368931,0.2724273602734758,0.0
65.35370127453436,18.02480309136675,8.13924477379248,171.36535260782273,0.3524968175527078,0.0
95.12295861368204,42.33316320257591,13.386533297053182,65.9058094342712,0.8381035174184509,1.0
51.020844335779394,22.872404498128432,2.78559766959336,145.04281388255652,0.42320785348784923,0.0
94.63109902898233,53.382892792349544,8.51089456706951,73.1530210817498,0.6993052186523651,1.0
43.29975217003957,9.103118366600194,3.412826784312521,156.92520477380674,0.50252353833787,0.0
158.79943171547194,38.9491469744862,18.088940895856332,72.71521102905125,0.6634875259392334,1.0
86.94124394992497,33.43697336428932,15.91427032100615,84.73068783755907,0.7621599927139253,1.0
138.64213012261072,35.742532020381105,7.406763542221207,82.73039414108679,0.8083725785350824,1.0
30.217395871279106,15.426128738235315,1.9622802394509096,113.02115122417541,0.4056420430088043,0.0
120.11301452777724,40.70228994501495,12.326375222905973,74.25675033979752,0.8662068687503853,1.0
36.2433594845461,21.384921147686754,4.519454914222802,124.34174787477465,0.18336332005124367,0.0
131.31206663990758,41.77437996303877,11.893627825754209,58.493129224567156,0.9366395497848669,1.0
132.37533704400798,49.02574976476784,9.824106935472278,76.82522807055494,0.9617681268352499,1.0
39.21991413678839,21.09093405707256,2.9657436742919514,161.06081318591959,0.4217927152716108,0.0
96.34332366516836,36.74196566937562,17.059011116941353,104.53281738202028,0.8027390576063038,1.0
126.24762222254407,41.23249798602645,14.320232799789697,78.21021643591979,0.9065521356925788,1.0
93.70678081246936,29.332704841192083,9.263218048876897,68.54622104903946,0.8627657317291044,1.0
144.74498459693424,51.26548000434073,4.886336054368538,83.06776980530586,0.7464991085834731,1.0
72.93497752940534,26.000834652678723,6.607593554947778,54.874391443683564,0.8654468333191262,1.0
35.735652806782554,6.729237981300899,2.803077816054657,162.2981859906983,0.3786353781286127,0.0
114.66982104569126,40.51531205159603,13.93536714609221,60.19673042117158,0.6203930059875049,1.0
55.664500454038524,14.374390961003545,6.073124966474359,179.8309424953772,0.26255036882441607,0.0
107.22808890244582,57.72516530945228,11.72852050738996,59.60606997498594,0.8219285468700988,1.0
54.29220179238259,11.72645440417427,7.574369509073309,142.21738421036653,0.25059953630509135,0.0
39.223947884216365,9.695593124004093,6.517172141648702,125.17926022815168,0.34269331410312015,0.0
45.56754104289064,15.94563644773795,0.49155024264455704,156.78491434375172,0.2809970124354845,0.0
101.05972739994706,47.60649508094014,22.084222158755406,56.65389011321909,0.6815646996673352,1.0
64.9946357726219,6.161170711978608,4.930062371390357,155.99386500643146,0.39426421449505117,0.0
136.92705062879037,52.453641133847384,13.951758355372345,73.0405934373535,0.771287662994835,1.0
71.38023133678601,31.89575539221493,14.474558468723618,96.22075020602313,1.0261314469084684,1.0
99.77867822948448,10.690194369029026,21.46585651433607,69.40891702801197,0.7783714732509316,1.0
82.09340805461494,36.05370426801379,11.343921526387241,66.33514146735327,0.8048863794777135,1.0
136.7931157099639,44.195237032356616,13.1938753925837,59.76361171090217,0.7358043644904301,1.0
105.33232123938477,46.87628650246775,16.497735929372592,58.570894270354934,0.8413175915859182,1.0
105.69218685706687,69.56285550581038,14.93587433688132,75.768785951822,0.9232345078115587,1.0
70.95090528087128,12.520210452372606,4.8505331007771435,139.69628410565187,0.19420479307479244,0.0
85.2008724634879,10.22973714098551,4.2175995420971235,132.63259701009892,0.10813826431152823,0.0
64.10126377958501,18.760651833367884,3.9442346316226358,193.90268501097336,0.41164313679757625,0.0
74.98892237456485,32.67842343163081,9.42092324770338,85.29561915428094,0.61678414936332,1.0
53.25113307261507,1.4307722996854118,4.059371417863802,138.53883276092654,0.3093909648630507,0.0
101.71323560008183,40.78370923855045,18.98725624017088,67.2411390643232,0.8023049331337867,1.0
108.71012561051728,33.72002078713723,13.834841385321072,81.04040613371471,0.91470802776105,1.0
110.05414993697335,41.88997289381246,18.250044622050616,86.28383936610692,0.7706904689791468,1.0
72.11245829970754,53.42354330686223,18.693718229881977,88.37019697698463,0.8485449688443051,1.0
83.10477589040877,2.520925302478389,2.231998642292876,165.2424659294493,0.40588811236063377,0.0
43.590400390263696,6.142553268204718,1.548776918790065,132.52840127727742,0.3066993089540134,0.0
41.058062894562795,2.8245434974036012,4.286160892269183,148.62693417967085,0.31305694992846334,0.0
61.27505802539063,8.079359129557275,3.7441205590659474,152.42677028336072,0.3534195022587483,0.0
84.60327322765121,12.948465461216124,5.202089117533614,144.01094387463678,0.18980156194459388,0.0
45.03031848579191,6.102557595533481,3.6481226246856595,138.11688359872727,0.3526387972964419,0.0
75.58346776318322,20.37716550437692,3.351481510457027,156.6229303428411,0.23839293756979602,0.0
50.38488500030731,12.398561328940545,4.322977990014251,133.49898614305812,0.3320009475165655,0.0
58.84896497515858,6.844317132921916,3.6606167334486406,123.76173489275905,0.4361963531893588,0.0
133.5028464590103,35.024815408203125,22.435275661771428,71.23308120936343,0.8761807784658199,1.0
50.518703264371766,11.834027276818821,2.4432274467832484,112.31860090823989,0.3297762666374619,0.0
60.865539347500416,-0.24399375313493898,5.02210037613179,133.8843901238869,0.41047834552827245,0.0
105.83720045039931,45.52067552714302,6.772030911041197,76.24257354254621,0.9042630577753079,1.0
47.852842264236756,2.1291420355816113,8.262073060316148,163.56156012084745,0.3654989142235232,0.0
61.45107907019334,23.388616715509738,11.609020163765715,82.77471072197656,0.6799799006716114,1.0
45.523585053646414,13.208244038820109,5.30687836574535,167.32004394723165,0.37141998984499347,0.0
127.12173265797014,37.19400386312726,9.462694851878364,62.87340314595303,0.8412637349707748,1.0
107.46820631082704,54.79616206619571,20.23487014335474,65.75711577722832,0.6685217771507208,1.0
45.56728691401161,11.960999846186223,4.594197516524235,142.52336464946876,0.3390353608895947,0.0
102.75299818598006,62.71343551336041,17.63045011388,79.06466995408293,0.7077509539565792,1.0
116.50266535836286,39.51596971329821,9.900697161346383,61.949811109585255,0.853048593227962,1.0
50.69767805028565,14.819153056144122,2.680390307476601,184.27126785811961,0.23760876200006,0.0
111.8309673746684,38.11220655175506,22.606321156651372,58.470358891891244,0.7479901535761669,1.0
129.5139039170124,14.32137636347018,9.564422661899442,70.30336652304473,0.7054319767917107,1.0
63.202350380702406,10.517577465795403,3.375054337574069,112.3645034554066,0.3845634718703962,0.0
119.43556738655973,32.54690329784895,13.399649316705846,87.65902138174752,0.8633167867869269,1.0
125.41864851254573,24.184971139088812,18.313352461512515,54.35360159073957,0.7529251388753008,1.0
71.90953520651414,7.9365073234893115,2.2424414375850437,153.18778990825342,0.345869866096384,0.0
65.00598583992397,10.711132903151366,4.353567433814108,123.94803785327855,0.09033271315715824,0.0
43.52809210134567,3.6639540316767203,6.047551614134486,142.68916917355773,0.20727685466974155,0.0
89.08611427159379,46.90400665431808,19.879925186844787,60.13158807859162,0.7519611692537003,1.0
75.98205201916491,43.98198555839746,16.180955177302817,69.40388865467939,0.838337482216485,1.0
55.71945642877772,3.2097520459807214,4.616555720066309,143.85136185353582,0.17585634638492012,0.0
101.02541808730182,35.54209162582033,18.025439493475016,75.86970445644704,0.7660241158808606,1.0
41.857782187810244,14.434408561105318,2.2417198316792883,186.945829541872,0.1781620142878531,0.0
96.83011718385272,18.94370350030016,21.273137770846986,63.555196540781736,0.686105424744461,1.0
70.77281425439581,14.28235191054263,8.18517420696757,120.6403939738587,0.3285319598241397,0.0
53.68368068208906,3.0184393931972604,5.166515370465348,171.28802466852255,0.18057302358266597,0.0
88.15995629801776,32.44578410331623,23.566990943614144,77.59937451258278,0.7546516648482053,1.0
129.37988563545284,25.645982918131526,22.794160878029253,67.15741143471891,0.915939645092235,1.0
57.20358238431846,9.139986242522111,4.454927032695155,164.63390157064944,0.14299381037526634,0.0
74.83177481906257,7.415283495575874,6.435769498217567,185.11361572682853,0.5721481097065598,0.0
123.68994365974834,39.76467515783128,18.41141615272357,84.45173153938642,0.7431437319169222,1.0
53.0689163021464,9.779966166942947,6.393842204783141,120.89242847006162,0.22422114154274875,0.0
74.76671014298887,13.773563055971032,2.7783077428061413,120.36898770739609,0.29939238210410923,0.0
55.64963122521931,8.475937040496575,3.7163409131338194,162.21815310217994,0.20108939314544816,0.0
69.95115352756426,3.2009427131168033,4.806614669548706,178.58010710240964,0.3087098405537625,0.0
60.34334024261605,6.818749924564852,6.685835466018014,133.9999346987172,0.1681452935074771,0.0
60.59725178150204,9.30419770951213,4.5082593735584515,131.08693334916543,0.31164093478367083,0.0
71.10170710948393,15.805595107312584,4.165887212632266,166.20959789766886,0.09818426096569416,0.0
92.37589620893522,21.774278504615552,20.855718398629453,81.09917168109708,0.7384833660055555,1.0
134.6669302612091,28.336104033563142,18.02799517436555,58.77045391290885,0.8354308274346124,1.0
82.72883553206255,41.64086523848943,28.390471535230077,77.36267955972869,0.9404459484432178,1.0
94.0806945063272,42.83894531537481,17.320606835382957,70.00450119488515,0.7421895211840466,1.0
71.61314600254194,12.059763716690526,5.984654230888686,174.42361341537685,0.3383311986788437,0.0
74.96730891551807,1.4994949283602406,4.659130234983428,139.34033784519244,0.2910629364163688,0.0
94.42845606039981,13.93390704288973,4.460087401332137,126.84120252219819,0.29314172076029316,0.0
82.73675335977322,9.723049623277552,2.6065428039650453,124.45927652377316,0.2669924737531899,0.0
68.16221170442655,2.2475868693490995,6.383766396523333,133.66584761181505,0.4414924918965708,0.0
53.60665224757551,9.54149725649365,5.221420441233068,135.89433041364697,0.2601358362165971,0.0
77.3099343674084,7.585172353485799,5.323629654925874,200.20275534463744,0.3911690794827504,0.0
113.87824923198535,37.811522384800774,16.27855598868731,57.11749370734997,0.6350629426911921,1.0
56.571227097223044,12.620556450978665,6.947259255611955,156.8042446002824,0.40530242177525555,0.0
66.66782219600435,0.6324710062186494,8.116844659570008,175.7863254737711,0.3429198785353116,0.0
35.377440333224904,7.272815536013317,5.199310992995975,119.78337252955131,0.29252847854004344,0.0
60.033849104979275,15.424705814642412,5.568354927993416,187.53867260045922,0.46623723027315334,0.0
94.87507619572995,56.66969324377763,10.14069822512236,64.14310475624544,0.7991048091215011,1.0
128.59292231713852,34.865042826677204,15.216439984470663,80.5503133704184,0.9984037353510371,1.0
94.9480781587776,28.60927931331341,18.274542583230307,74.92766597843791,0.8288206146047298,1.0
25.488287113502935,9.335583828935443,6.408213628072519,152.15650951444266,0.25478927500989185,0.0
43.2054009126831,10.920580211587042,4.127505684430679,114.29352581583828,0.3905101224419381,0.0
44.188683692269564,10.721512050383035,5.1261845446220775,108.13695537067733,0.2972615503078699,0.0
67.55841547301215,8.331777695621861,6.581438646964358,151.96308514255279,0.5816332669344983,0.0
27.68862757743789,7.5645174351403845,5.296001140914326,126.17692439167327,0.212002003019934,0.0
114.97073730808141,47.68423670665509,11.200618017721382,62.465484633932824,0.917106243575196,1.0
61.082707069822895,17.670988428332095,4.613135097382157,137.13681549047143,0.30294937105819264,0.0
88.44386984004052,40.8620332326339,17.160113215619695,66.25884132312281,0.9526676571054112,1.0
108.32849790941164,36.273645509939946,19.560357285427653,65.56791641901879,1.0095911651121812,1.0
68.68652678065324,5.764105981936493,9.990879683593253,142.18690624595257,0.25940581063513585,0.0
134.5475428234136,25.984096171976102,21.26975461104542,79.98089847550105,0.8872481048469069,1.0
71.71383109488393,6.539760476940778,6.413709540279252,126.22482294316711,0.3856741983333106,0.0
66.39426818242364,4.642855924488795,4.80039065715436,130.08262401706884,0.3955581232850699,0.0
81.70125105116534,31.904733848990944,7.041730512008261,80.391236382614,0.8830401063839337,1.0
49.63446327971573,8.111669270346264,5.088820107026223,131.14366167759454,0.18574499269702577,0.0
117.66067437924522,45.58619731683474,12.938150170754989,68.96692943845314,0.9928839472519864,1.0
122.13572082753332,41.82007404325753,25.087181131018774,58.149824833918245,0.7996926793618027,1.0
131.9327362102345,49.309182085936776,11.977932181926185,63.71781792050032,0.7528247944552842,1.0
57.320369623841145,20.265226216280855,6.685979353939792,143.55758609555784,0.20774880891850545,0.0
64.13467753159622,1.334529621722492,5.817123417867348,141.40288720480908,0.23975324852044275,0.0
94.87062140620242,32.23741614432376,7.018434165771788,66.91703660202616,0.7675603584292457,1.0
129.68286497507884,18.470788098159954,8.180818410765092,70.91520750949404,0.671741694575951,1.0
111.97982415769053,38.92070601357562,3.892682152566927,70.09502373109757,0.7987559573185361,1.0
56.569876446108154,11.09677269504843,0.7872344998516221,165.1238171530648,0.2634390831845757,0.0
123.37653330073688,13.829515760575116,10.947243283337528,80.9639057695753,0.5276361583195612,1.0
69.96506761515994,52.67982535791885,24.567722511225206,67.43068154124055,0.8705310854147528,1.0
34.18921535969298,1.619782871577165,5.233772813272358,152.15192976222974,0.3417873011523808,0.0
138.28853483054164,37.89389941695393,13.578335244054347,63.27280826906075,0.8538345166117535,1.0
123.70994110975785,50.642850247345734,9.733970379217796,65.43894284693422,0.8279013350006335,1.0
43.35770519159799,13.546414228930352,5.827323032209824,143.67905745971626,0.3932686093267561,0.0
114.2865574036837,39.8314977097896,5.51745912665522,78.05908065082079,0.7462114312513719,1.0
89.63903140731621,6.327211924079434,6.432625294585665,153.04688068486934,0.2722689854768561,0.0
136.06054308790243,40.72733182200697,15.29858930788069,86.37605697354664,0.6991199027333258,1.0
53.578365113988056,6.297089635589551,4.669764800059391,92.72439891906346,0.41305758385497204,0.0
61.21862979639844,7.953485126918031,3.8844268035338514,178.89493180552162,0.3792710052707382,0.0
40.73899565962632,4.16833722032059,3.6691602061994697,120.56279650690594,0.25774817415808204,0.0
70.2188199944411,12.916035262480008,7.885434042572203,174.2441247879482,0.3169806483008789,0.0
87.24405250625962,43.031302474503796,14.580030683172994,76.98165263542798,0.891460715234618,1.0
80.21402805366817,7.741638567660795,5.761939282528867,185.43408640747595,0.4189292208155152,0.0
98.54216900314185,44.55936671657709,16.231277447219462,77.22416009649852,0.8624466088535184,1.0
112.39172838179574,36.716430871307175,14.868301620708383,48.497209472809686,0.847084747175464,1.0
128.40170907672874,42.6455522872655,11.30313992970945,70.49186658524611,0.7343902113256402,1.0
112.52417625141717,33.32497781818686,14.701256327481417,56.07969634346999,0.6009282538524539,1.0
99.69240315991841,46.85564312772071,11.013507163315602,55.35396812614699,0.6051863033905045,1.0
64.70385176338266,11.868931434594206,2.5576348713001753,124.25977810250305,0.11233926484203643,0.0
110.9338817717539,21.844223842837597,21.4735606184718,66.50514129043047,0.8939524889777052,1.0
41.30530513954557,7.992983327977473,5.120470327880186,141.95667948804564,0.33663165167052267,0.0
97.69707206967925,62.055574326896526,10.848499545631984,57.64137652042362,0.6598370647675633,1.0
117.505400841757,67.76565909497344,9.340537110952791,70.29843459509735,0.6949882355297201,1.0
95.10056735095664,54.848617840838,21.227598386930435,72.76064336991628,0.7955724083829618,1.0
51.70512932952501,8.159349062749856,6.797104668972747,170.1155619173475,0.33410705596893253,0.0
118.60758420939499,38.90748500661867,19.841301882024492,69.41365350115744,0.890307620894501,1.0
143.507781714272,42.28531755103883,13.602342107916384,76.38767092143131,0.7063909237017869,1.0
61.546260894831086,9.274710512646793,6.388067849411588,136.9433912896519,0.36297334092293215,0.0
108.9915142535155,35.118935303304085,3.620609124386185,65.53492635399022,0.8359776619374185,1.0
61.04066282920475,8.832054414518687,5.7167145276814875,150.37707221376604,-0.02585598391537608,0.0
74.54287565392997,8.944275840984323,5.451288133713502,149.861172006558,0.33254632355929903,0.0
45.21428118809835,14.732912805518604,3.8301229855958643,177.11706701702795,0.4396371355978278,0.0
83.08897375127692,27.550780222398046,7.219707517021584,56.68554138021611,0.824884700488695,1.0
62.728443096689375,42.325579800907065,21.110037560731914,63.21964589552997,0.9697333518652785,1.0
65.42016950653272,11.033933982660894,5.076379947650885,149.61538338452823,0.2092699855759598,0.0
105.47667200753321,40.18483678988762,12.759544143480705,69.20947141072078,0.9580532703633828,1.0
137.42550378233813,25.341671608535272,11.69341278282461,77.21962388353668,0.7850841297911207,1.0
30.74407476255251,3.0806398401002966,5.8583706438394865,202.15201773618477,0.31186605038844684,0.0
111.95133102746586,61.95290802598314,14.837248610596378,63.331133740810955,0.8925792087030833,1.0
93.64695756759194,32.32452022779202,13.556134034545904,87.80692782767868,0.8545061589863606,1.0
123.76428072307884,31.56972524481333,3.176087496655704,89.46293502316252,0.9397016605017737,1.0
94.11761300396442,26.92588396217016,16.422870647984496,62.454964004946376,0.8452451165458705,1.0
43.96929286015395,6.392413916943914,10.431459180795137,132.76120361481426,0.09472305635779074,0.0
149.25050116421204,38.85092497647489,11.118430584152005,50.814327602602745,0.699260380895598,1.0
84.21764600741541,6.462462155109699,7.118653477257825,138.1924343013908,0.24380209834472386,0.0
76.75466193226532,20.86809626852296,5.559184877770827,124.16600542795794,0.32244141316051905,0.0
84.87842634098222,46.366170353907435,14.766139915871731,53.811073511204626,0.7914308880904599,1.0
75.15334972119052,14.048676843791386,8.778634195240855,153.13688020531214,0.25734224288653096,0.0
65.14917950599768,16.866337694285832,6.515779348241384,171.40176008326208,0.2943975780182951,0.0
135.05136260768518,44.39416431348015,16.642445940042585,64.72401040113539,0.6990550011797444,1.0
43.13031319338572,9.891036326323874,3.9770387886831378,139.85836820145954,0.2790175871828862,0.0
53.97573544524977,10.990235023546179,7.297807624156429,127.61885155397283,0.5627545287533486,0.0
110.46756120858754,55.84027757429698,10.347043095179192,87.69285714700929,0.90819050683677,1.0
67.54142171997651,10.760592310861531,0.2554394622602709,141.7298863632715,0.270851005862912,0.0
41.83114860048124,11.233611234119378,2.315763191777653,167.95124196555452,0.0026416089573588764,0.0
18.776305290146084,16.486853351180045,3.994522897725439,153.79685039554275,0.2146049548758877,0.0
65.8115438100254,11.953902272592668,5.153419358829894,166.82947959768003,0.3167388219540145,0.0
162.88443122134407,30.728301144808917,14.484462334123096,66.22728669711466,0.9086115135455852,1.0
39.72050223356706,13.022638735657626,7.338727657176581,147.8829955028891,0.39550317357885945,0.0
29.263832258111144,8.788747529178885,5.61128894215707,163.5018740126611,0.24885055333017514,0.0
70.45085843467977,12.602680104226497,6.446036923648179,167.67427523472355,0.3573051902454958,0.0
94.59607243660489,51.59877520185661,8.749075195473544,69.33457559849063,0.6781376338621363,1.0
63.047857008426945,9.57747458472041,-1.1174611355239028,144.13820919235263,0.3470375997147015,0.0
114.12827540171932,45.11022000991497,12.536476074208416,63.15608557048447,0.7809127519086065,1.0
81.66519062055931,11.238955041575924,3.5347550195912354,141.20897075592143,0.19103154531402988,0.0
59.38573056233381,7.3731526133970995,7.150382644178945,158.73387270204958,0.33315350092530366,0.0
78.93877370928476,-0.4893832577388739,8.105222623644465,136.24108496790885,0.40299132273798005,0.0
100.86854862660694,31.70193959918626,13.037600346986203,85.08794928659307,0.8571150582479382,1.0
102.65889839937165,42.24525116453095,18.27165950555647,61.43773488426455,1.0087331319179618,1.0
113.17321941941273,48.777428639930235,16.452137318418966,82.99830883662773,0.8682457944729727,1.0
84.72337805942381,8.153567853030335,7.384893258754864,154.44663164251315,0.08610086097645772,0.0
40.587699890688285,9.465581502398393,6.235868680306788,123.09949749613054,0.1330835046323788,0.0
83.56064550153356,38.09105005558806,19.2084307270832,57.951619704553146,0.7300912430892875,1.0
123.84387299663516,41.862173471553625,18.561430970889354,65.03638565576408,0.8563077711277234,1.0
77.29682345498017,7.026536774483334,5.310527372000465,126.01295956524407,0.32829657412144025,0.0
120.34985870676394,43.445316665688836,27.394929876577724,69.58979333897936,0.9215566180652688,1.0
97.80164011062423,31.970629323949417,7.584227067725639,61.06159400741066,0.5351011595789542,1.0
68.01463633529836,3.2554291566326317,3.7590341301792827,159.54814774042788,0.3800857643349341,0.0
126.36181595256176,48.358939384868066,9.214084348503492,54.19520406623879,0.6601288156255424,1.0
72.69046368462055,16.047193270500422,9.194590514288429,156.69543870206695,0.32047272905945623,0.0
50.54000051706259,9.310912089931419,5.404925608117599,121.44187626604347,0.4080362978728591,0.0
63.27615566546961,13.300967288079644,2.498265548295221,134.65487005071716,0.3304377159015378,0.0
47.1050058691459,12.721962925126988,5.1598671056699,194.03557932651097,0.3337592754671676,0.0
98.84068041613281,38.67051541082098,16.548153337843683,76.09742047050422,0.8487612099906813,1.0
45.072320320918436,4.552720128224853,4.076832425608723,145.8258010182553,0.39446037882532814,0.0
130.18072584842525,44.505596965357014,15.57258416209012,56.11190239921967,0.9868161364300705,1.0
95.54616090932768,49.97904225407554,12.981742478278157,64.81108324349297,0.6634133590881741,1.0
114.85222456004522,16.492411394477394,2.1057053651591637,72.92999972815863,0.6515256274103132,1.0
139.5619254856859,24.92514654893331,13.4536826704465,54.23277596868019,0.6001500904758432,1.0
141.91562449073223,63.07618666401517,21.65495899220749,57.739250528759754,0.7844393546236768,1.0
62.66546922811199,17.140425056054077,1.9223039694542678,137.22003767448808,0.377022999875249,0.0
101.99392926949983,50.96816554659685,25.269728941633282,61.104777182721854,0.7603113135532469,1.0
54.38169118885007,17.70253157235843,4.399170544798687,159.5916803849315,0.3278190573905876,0.0
144.68878728239977,54.52642852394949,6.603553386088274,64.4113650892298,0.7657453333608157,1.0
88.65311731765331,51.801437331248735,11.69219149288251,90.87557281631997,0.8491440969221555,1.0
100.8614943572007,32.08500866907342,14.606573072833278,74.75323244182515,0.670935649837305,1.0
72.5637298865523,4.255234401546567,5.432368536123216,112.70098439518372,0.31415786146970354,0.0
76.88956058115865,9.483723429079625,1.737267885522523,147.9043375965022,0.4685253205992764,0.0
135.12512799787237,30.04443215408996,5.477786589039539,70.00668938651437,0.837270335463345,1.0
115.93974857181433,31.36874054737985,11.642173914247724,53.04688509694177,0.821820200702709,1.0
113.49152666218214,38.95623916410734,18.286446044195053,62.94933157238429,0.8171091813323237,1.0
50.87409754705508,0.6325217392284976,5.213312623601847,133.38155877729855,0.2720607920180395,0.0
40.58415834340181,11.213109055263542,4.459447951694572,166.40208476216588,0.3186191375361826,0.0
78.97286439038587,49.58828120747665,10.888045620365562,79.45896222862574,0.7263507954379679,1.0
106.00606104790332,57.090584222335764,15.716681869147997,74.20654021291006,0.7781364538297483,1.0
125.26353129179503,25.532084834478926,11.951869949379448,83.78192099246141,0.7501982859568168,1.0
144.5175072904301,42.29948676524561,19.27589057449861,52.753326799358554,0.9472613328846617,1.0
51.569827142317465,15.411253791105326,6.312403777421148,136.84515683673445,0.42974216935723875,0.0
39.113919413796644,12.515955519367694,6.180726861617527,127.38660072025975,0.3918523456463986,0.0
54.53824124140159,11.02282447080905,5.723042186266146,188.81148744026055,0.24276976794700897,0.0
67.86288786329438,12.412395768483503,7.111082856129723,149.95749408941958,0.21873737727578718,0.0
135.28543847650448,26.180862426014116,12.529059983592393,77.06263051617107,0.8512161771343815,1.0
60.8286075002359,14.097413219099503,9.915869701739542,180.60517236885931,0.1348687240545553,0.0
104.35725327292154,43.97031542603035,16.10865744718884,60.344366295647994,0.7539728930738376,1.0
95.44633447764575,51.58638529917444,16.135817474872493,73.67385618197449,0.4575670446162803,1.0
113.71873627264203,62.55918314532701,9.216822557801866,70.20378002935408,0.8570328893673851,1.0
74.27371729450176,11.229803021627557,4.466744462928343,149.50057717466413,0.3776805720999211,0.0
122.95011329417085,34.616433160603435,16.540404915584894,74.93751545336842,0.6818455947828586,1.0
37.072510153058516,10.369305903275622,5.3512262945115,136.68046977966148,0.2728589726647839,0.0
36.28044943149942,14.79392680715792,2.4461135389009465,108.95293133778019,0.07450216443842456,0.0
103.38817018183597,47.6995608322779,18.17972524696638,72.93049389069083,0.9931394862395848,1.0
68.32831227561758,9.769694295504845,6.131009928002965,155.1254974098937,0.2029924265653909,0.0
83.00643696770152,5.278244592962378,1.8926564163569588,169.3423702454215,0.42539029316456667,0.0
137.63556488619298,54.3835423598112,22.67731642246726,79.4557268133663,0.8163431163175553,1.0
96.67876710536777,33.263851942370465,19.65107165883357,79.32564852805109,0.7391598059751647,1.0
30.07025486237185,14.482498339808043,4.721167942779456,145.65655956846717,0.289210051877473,0.0
81.62792924246546,14.484097322337423,4.131611763775934,118.8991806882575,0.3821209430814292,0.0
113.19625014140512,55.88089179323214,17.07048609491593,69.26669833375071,0.9065442923804555,1.0
126.98594719060061,35.35252494264928,16.364351340573954,76.64920242525226,0.8053181274685721,1.0
51.92697012610503,6.301538396746544,3.77197075947248,159.36141461655825,0.2105247998623656,0.0
59.18461002049099,16.686022866750417,4.311608583138745,125.4954635814936,0.14817204334314535,0.0
96.46804411545168,35.97224807861562,18.59982741103988,63.595483023487304,0.882435128387283,1.0
64.5772541431046,11.70045030847658,4.7648514151847285,168.6870302482533,0.3963338694482204,0.0
42.74146806314154,8.997293806184013,7.052681681559049,163.70303699113617,0.22965112558350553,0.0
107.72856067965533,19.61625366931068,11.969314974828992,78.03354440481061,0.8553474841260044,1.0
32.166258945829824,4.436382264498032,5.859977613062409,157.4075071439413,0.26863381868903974,0.0
110.2591991571984,22.224116023354444,21.590026285935586,74.76253256779353,0.7573293138932865,1.0
110.92303970240013,57.83622221856328,19.44852127579771,82.58530061072389,0.7746700277257964,1.0
125.25508712154576,31.29697829550511,20.752035808120606,61.40914644278893,0.6842278476947938,1.0
116.00321626907933,29.93493950334306,1.0031920441705733,78.96714985793933,0.8751221938912161,1.0
99.95740057837148,65.53687547727728,14.898862406920149,62.72124742679467,0.7081039928257422,1.0
70.80737903732012,22.545447694576218,11.79289613613033,75.702307119978,0.714858342025698,1.0
58.232651902935245,9.132654129729161,7.118751492174583,195.78977587326733,0.32241535387742903,0.0
75.25200201166655,3.5889642507968613,5.330406733017574,162.46456678193792,0.20242735935555572,0.0
83.19407735323854,28.84786554264271,15.73195553690675,66.821966838052,0.8551774309603066,1.0
105.27289628690019,36.939966159990625,8.779699170101402,79.93618189462902,0.963352932152185,1.0
75.68875854541923,17.008110526483918,7.224049370222019,127.03792227725154,0.1638046650623754,0.0
89.55751457137731,34.881655097939365,21.532378675521066,62.64771015186993,0.7210118952100986,1.0
92.86559167223729,8.187509028717868,4.8027260868420845,179.36665751818074,0.29679303125236395,0.0
62.51251679528786,6.299571703623672,2.263559307888867,172.5858288960567,0.17067508996841446,0.0
153.60349535865066,45.13432873133823,8.06123018803525,88.24019764328418,0.4889340637769415,1.0
115.60285383299133,40.602207680269544,20.949263640658078,87.17357566336851,0.706917107015497,1.0
38.57699297608489,5.103420549710515,2.2135750422085656,149.50535445721994,0.21985825137952275,0.0
39.04954213140675,6.055168663587369,3.9973007304654318,152.67066256465174,0.4226133104524991,0.0
117.2530126257519,44.55748611934968,21.232377744563973,78.70343953403291,0.9272971900508911,1.0
53.089516244816416,3.000505152816081,2.986951623765483,158.0259919452392,0.3100244372367711,0.0
100.51726949205512,58.061122905541126,21.006963205489004,77.01686511476618,0.7411780790312683,1.0
63.43574545892801,6.521902961276979,7.4961224365571395,162.70893115083953,0.3600220894541921,0.0
115.01142448489064,48.561730755952404,11.964028096070894,67.00936241382527,0.751572178862993,1.0
126.26295457290806,24.982236070170277,17.527381193217664,84.19734563202071,0.8104744033065684,1.0
61.94405087892018,14.51266232303222,2.7034636313727467,151.27895535560768,0.24113965698199286,0.0
61.5234551409499,-7.193751873450825,8.212786593131383,150.73649182427687,0.4266883270382452,0.0
114.87861210989361,39.90041554419052,1.9477948641401444,62.40949182330908,0.7239860749685472,1.0
74.83474309665857,6.820106805660632,5.594032311498632,154.6085649918795,0.3377598455336937,0.0
107.58956716846608,33.782382387412596,16.32498468817998,63.76164811361821,0.96470522713852,1.0
111.7850346233456,33.73627941880041,19.168969176704447,70.93707748759068,0.8299443802381952,1.0
131.40733300369814,44.86793677929008,17.282427119760616,73.21708897254045,0.8703292506018617,1.0
79.42341852154509,0.7675838285793226,1.3806877859601707,188.06146707493434,0.24723764916967195,0.0
144.1127211234706,32.42850920707201,24.102122104429235,65.22998924513415,0.8176292674747073,1.0
43.78628894631498,7.251398723614286,4.936163872812866,111.18303185731581,0.28969729602902256,0.0
51.20590059292293,5.331171156816547,8.60136979424309,129.80086283811568,0.18284819167193045,0.0
78.45150657697938,25.781619078503766,15.633223391467569,69.49546220470465,0.7429166691415887,1.0
80.82027631999297,40.18712345089836,12.643756319533829,73.78070027170808,0.6369850681681782,1.0
40.09781498002698,19.568772149530297,3.1525841130138588,120.43199920784173,0.45140941621038644,0.0
102.56177504598526,33.98604333713734,3.2029350442979183,74.88537841090445,0.8718453430911481,1.0
73.05355808768492,4.628486817039489,4.716910648938673,189.14968235171978,0.5175136261512541,0.0
85.98996361657854,8.254789582003827,5.211889193921637,141.39172567194723,0.4186967473004649,0.0
115.11914881682415,38.07380644864371,16.18128464710232,68.18510475748994,0.7372586062484565,1.0
40.90505438899855,10.455546419707705,6.105808023480777,153.4364123916135,0.17679668505469381,0.0
62.3131165345519,9.836002299435886,8.179689745469629,133.06055864476448,0.404725871725794,0.0
55.97269599539557,6.495770648440402,8.055156265771178,153.70810867930888,0.4973952768999666,0.0
66.69886944417263,2.4835882096904918,7.670130111260495,158.1371658830228,0.28768006927352996,0.0
115.90922815826622,40.08446963536772,25.611523739722127,60.20738554356864,0.9236669628271608,1.0
67.1009954969446,9.303432701461496,6.941854024048701,124.0206324382251,0.2963698867787961,0.0
126.75467766631076,40.67212656639138,13.962535643414366,68.53143813361702,1.0188615077708383,1.0
104.9314995748161,57.42870241353565,21.311951565111244,80.74517943319088,0.8788879052902143,1.0
113.58352436368452,39.161795630921716,13.277133797576635,55.07423577640704,0.8411262268885831,1.0
69.2731113409603,8.836195497954327,4.132792070799279,146.41446040134198,0.4037456185275592,0.0
59.233983661742585,18.88553660894229,3.799001178835784,130.89367254514255,0.25285688751238106,0.0
67.67446779773064,20.702099622570906,12.549588589057896,83.08115451602218,0.9473122247154757,1.0
78.43873141200449,16.00917770773772,2.86220037810609,176.2148694046532,0.24289723295120005,0.0
56.400739463836004,16.33468725668622,4.902074414073128,184.51328009763085,0.18328885031581166,0.0
51.18836705936266,10.922837181013817,4.85558989177483,168.93264155082178,0.2710698028990707,0.0
45.371070584095136,4.711048262887485,6.522061829416048,153.6210016784328,0.3268634307558661,0.0
39.62201667512952,4.290136486819113,8.4512390143253,150.15919778454335,0.2735478944754044,0.0
76.47735203225686,14.694085239457678,4.799896348358966,171.8361548205218,0.11920290239716566,0.0
71.24521893404392,11.097783951335195,4.456564134860668,188.04573379148863,0.3492929394391931,0.0
74.37535179822414,38.51394037218611,8.299771785529494,61.512708111903265,1.0401900549617753,1.0
86.73777395989858,47.82398106889706,15.731029890002505,82.17808527855647,0.7224872676763898,1.0
59.9995525422939,11.101430308896722,5.86291647660316,121.78719330932721,0.35655961636355843,0.0
53.563510495717026,4.654538812830145,7.227455478166527,142.2555540065198,0.23946654355077127,0.0
63.08651871772751,9.555601661017915,6.59125313345483,188.51612329714249,0.23507816102935358,0.0
82.02498607229955,11.932236653000214,2.7706344121259034,148.58498851654772,0.3853303691562611,0.0
118.08790625321716,34.86718719697396,8.61814782679586,85.90154435112522,0.7274439647181374,1.0
59.33755034925235,6.600925674265337,7.424109015216603,153.54224324455697,0.2410862522779017,0.0
69.78626938911155,12.311258456967055,3.4304860159763644,151.84750227626157,0.2891581081591421,0.0
61.93403371342901,7.734467353246008,6.829184580796085,165.966875008719,0.3275952568198577,0.0
61.39386257371879,9.213369801785342,7.573284945359377,126.81923935865002,0.4321310932031066,0.0
95.13653122511892,24.634526442923352,13.297678270544786,66.84205383363135,0.540373657577501,1.0
107.94698842358486,43.969294249039656,11.181257232058735,70.23281737999089,0.7904554172254581,1.0
59.25291089829242,10.16603351635692,5.393884013613808,165.0700369261341,0.2722592800079753,0.0
99.77294839888192,4.960478528480856,2.687552324259036,155.75143441435222,0.39295836945242657,0.0
121.94010832996375,37.26929095187971,22.91167622754404,63.825488809121545,0.8375134912251992,1.0
56.53293224459436,6.948181631861756,6.940531869123798,138.16878654214247,0.4194211385194424,0.0
58.065593653583036,11.798896763324343,2.4264624172223788,162.85316453505732,0.2246579901760924,0.0
36.70375832808187,10.655286674242292,0.8242522144264974,171.910223094944,0.3589508514516791,0.0
53.684358937313625,8.076914874428097,4.244243368750271,165.17320863738,0.2544308196971294,0.0
118.34343254555353,47.21908970494646,14.264833674776929,57.816320070265945,0.7316729959628194,1.0
48.87520292772757,8.324278322100652,7.768094014277653,163.52051437375883,0.28339422105161466,0.0
37.285128559190426,9.740213188138833,4.344840080377506,163.76964681589536,0.26900227038459806,0.0
59.13804009229132,7.64233359981284,1.3514753246022178,165.2700477578322,0.1521511954344874,0.0
72.72219613482523,1.6726805475068431,8.291462807714938,121.97392952193277,0.4900929766647371,0.0
101.43231966759154,50.71275648418643,8.711292519790469,74.8842423434413,0.736679375268419,1.0
54.352374566546715,9.72354791666426,8.102877179855343,179.37689704543462,0.3334027607351243,0.0
65.375962353109,3.5116665643190075,6.464670201796599,152.1493914612488,0.18704763535099017,0.0
65.36356201577867,8.738769789838944,6.386663341225225,100.12974457014366,0.17759075696675147,0.0
102.6959017726679,41.38067903033513,13.706448842612957,79.53731792023838,0.7349494205569072,1.0
64.75778271751793,10.799279104309319,5.766374619696551,174.17237705171354,0.27027274677744206,0.0
106.2024541790258,27.59702304623093,20.028863011098814,78.84995388334885,0.7562391067267087,1.0
119.27603301984911,40.49612346356554,22.227695402989493,83.81586934525583,0.8192365272161766,1.0
43.2556338631029,8.505530807028878,5.306979709883996,157.02684268820164,0.455243219383377,0.0
59.61154867187512,6.89743221372671,3.5971380248373706,197.36392000365805,0.300823985018616,0.0
71.87322021597329,9.08046594442616,2.2237633898147693,168.61917284136274,0.32751491923094633,0.0
123.54185164342059,24.543219643448936,11.551786285677139,64.02266173945253,0.7611182768232206,1.0
136.26750859283288,32.91814683206602,11.061161403821954,87.81300494528466,0.7438392166902199,1.0
70.81834287617964,9.238412646448305,6.239480494262035,130.0089824444102,0.18033390741410896,0.0
55.26984304515973,7.81833623176429,6.478928691485358,130.9156344046844,0.3499333300297361,0.0
70.25191973239481,2.7031568980237957,6.489548425493741,129.80391330712493,0.20728549664159746,0.0
55.71823900272838,2.4836458216404367,5.159273987681209,116.93906636117488,0.31364768586621083,0.0
84.8882792284137,41.92767634430387,6.061674855428908,64.56973801992511,0.7111171131644334,1.0
41.80834491795724,9.467926743347043,5.5847712443970785,135.35387017744893,0.29989478150832377,0.0
56.52456472021308,12.850263286917912,5.026460845590049,123.45086447922785,0.19458947230663395,0.0
120.6354783412854,41.1903624813405,16.802875997486943,68.0447419431098,0.8784287753924277,1.0
106.88359027991581,45.07688566783966,17.841917875085052,69.43011036509304,0.6437984508790541,1.0
122.1739829610313,51.19212466747296,14.601779250217254,74.89894886803332,0.8029486756062972,1.0
154.82241088295015,41.189150447320884,12.13136192024307,64.51465751440581,0.8184464329700474,1.0
56.711269991949955,8.369100121626902,8.462243033288194,183.11492020971798,0.2959139757897075,0.0
74.32870820195227,10.380018342582249,6.5068210632900145,126.24716155847162,0.15812682867985536,0.0
120.522808740635,49.42167698789325,11.553733425899246,49.94386462197582,0.7064730068619138,1.0
72.76230809014089,5.767974941439404,8.22864248879029,145.59143677964784,0.25070059125791955,0.0
75.90778634819222,9.262832137286773,6.918058340268171,160.90467752962536,0.19241775617903129,0.0
66.95754573062158,20.14603217967806,23.49808483973326,77.0537853906146,0.6915343751868249,1.0
58.931572715321245,13.843360008973981,3.9091222023545193,164.97083526893786,0.15978560077535173,0.0
154.32579452600618,46.43420592487777,23.76215910867185,74.76752991230484,0.7711856878728285,1.0
92.64140271298433,29.54354727442518,17.59728873229993,61.28246190945267,0.694742329923292,1.0
68.72957675123774,12.32335127258982,5.650560408869195,123.89780721906864,0.2013506065355784,0.0
102.85358081325765,50.99450809511892,15.598699451188317,86.37893897245065,0.7829744808570617,1.0
60.77973209343783,11.025170585066654,6.793333220633723,119.36531291613059,0.014692673526382705,0.0
67.89969121458182,13.315816570011934,6.221616998444794,141.47228847242383,0.1921499118492661,0.0
58.17538860596318,6.5292226490737555,4.728690496566963,161.63060520205931,0.2557328541215509,0.0
64.86501740717212,18.22465772907759,2.574727006338915,147.77664670565017,0.494466836368751,0.0
95.74926196984669,50.070120470685836,13.363218702002332,86.50360813343144,0.6650608672531595,1.0
48.31866650469041,6.516936377830616,2.096112869804792,151.5473186152579,0.06653157103651505,0.0
63.285746717472975,6.622177736614505,2.706731380507402,134.38067059835979,0.14798644628424656,0.0
41.542148147277686,4.380957435199848,6.062519581592363,121.6386634975998,0.3064220388875434,0.0
50.45143992187745,16.957041375767247,5.486603127569637,150.92236223162266,0.35130974587666264,0.0
40.62331534853878,13.076825155799181,6.862312378222275,134.03044658093927,0.39667772562812376,0.0
96.70835001134681,20.773249741037663,13.984517059883537,58.7333293898204,0.6523175687610044,1.0
56.20991938039478,11.798678763361519,2.8803724959351844,136.52829854902276,0.44584214276605305,0.0
115.68495180047759,36.58138254935873,15.612291443929,92.37039428172973,0.709453130678318,1.0
45.093129327453326,4.006547887147623,5.3306887893546415,136.58284040885766,0.33072335947094267,0.0
69.7661054807117,1.024873483219146,5.8490081987787965,127.17072750884834,0.2993002425724603,0.0
91.97046537108315,22.680016765800236,11.902791017987221,77.35046575283583,0.755024724637538,1.0
117.15244605192163,39.235371765567415,11.814753557254292,63.45832579332023,0.8447611737025135,1.0
78.08605169751655,12.378269977132685,3.529951048266792,126.68694922795544,0.33908194473564346,0.0
120.61273791860553,42.680034820573454,23.080877585206164,61.169916498012476,0.8918349543125921,1.0
118.04699824550077,54.161401622118845,18.082972453023434,69.08850516108168,1.11209550146451,1.0
66.35383186489686,10.829334806719324,4.225865705792053,155.89942811921765,0.3792761473884002,0.0
85.05081307719125,38.094264548011196,20.073617107795222,88.5485032284823,0.8442866324005347,1.0
91.05525142590201,12.200144098781415,23.2574435283721,73.83481050347086,0.8080572753417111,1.0
100.86213148394765,25.451162382403552,18.415773014707643,61.956373812970526,0.707102056775663,1.0
55.95981031142284,18.1404046494321,2.6449975953790705,152.03516265454516,0.34600595454891603,0.0
106.79877608752382,60.496351298599315,11.26016409514917,52.157393658131554,0.7943602301396382,1.0
53.82633499932628,3.467994833207591,4.945031198450371,174.51713550901243,0.5249685951392818,0.0
55.55956463657207,6.7745028733216515,6.392613799215,170.16730909243202,0.3394205501015134,0.0
100.02029921501939,53.19630206213901,16.26108404201937,83.39315893619849,0.7895785952295403,1.0
73.04081878056087,9.38753944863617,2.1261862437319223,134.46303529023646,0.13572559801016423,0.0
58.74979596341689,2.9263510229921046,7.417210879556481,140.84229204852178,0.10782220095725953,0.0
47.06170080027577,8.74610097594631,4.877379485589882,194.21070124790845,0.2135222183756072,0.0
97.97883188513002,43.816103107318035,16.26082600466463,61.44091032809381,0.7205798212646228,1.0
62.741075556080204,10.026019626102338,3.775177358637284,121.2162180437252,0.3487442802044127,0.0
81.01385512732138,41.24948479544683,9.867240339265802,63.0254793188957,0.7202946096326572,1.0
60.588776231351616,4.74330633784276,3.307756898204352,131.19727385807633,0.25451445576602083,0.0
79.77912327163489,5.716776183565976,4.179980188085621,105.40207660642434,0.10752423774532952,0.0
62.29632848038989,10.776775274034367,6.315117376072735,168.3582011644986,0.37334818587968915,0.0
113.97073148062273,27.130949460710738,16.47784013889772,70.95147838733224,0.6983275845336305,1.0
69.31893458853513,13.7839005759406,4.823755927053394,161.98690826782558,0.32826311275442976,0.0
76.87484801511002,14.97041497574531,7.934816292553367,148.67177497095383,0.2681038700624186,0.0
67.06465213927399,13.540014916343663,4.66107036331853,113.48746802579012,0.2727463735105817,0.0
140.96704902157725,41.7904568851084,13.788992736123578,68.12947107796319,0.8452421621400119,1.0
46.30419916780404,6.1755461388687545,6.228083284674943,169.32197348994703,0.32377406556516203,0.0
87.52503086297806,9.051429012624274,6.420430494617758,167.41150086914186,0.352236241736417,0.0
61.367572960344354,11.764870756351353,2.5218597452242815,132.14628366219756,0.249224643746201,0.0
39.95850957076567,16.210980240404986,6.804579265128836,153.8896781536334,0.3441996911526657,0.0
113.66817954536377,23.760280039888823,17.778568589256604,63.373533584284274,0.7692064142366144,1.0
44.49934565787477,9.86160041429841,8.275091476907793,137.32697060490366,0.19154750688051927,0.0
38.06820182577577,11.308583339127946,4.777580024555387,123.94807840801448,0.13232573192301605,0.0
113.85439297312952,30.069125765211577,12.147912830125255,82.37956049647869,0.6599260635647459,1.0
48.30159771710505,10.600075775140805,3.1566103736662274,143.67772306808783,0.31592925584214077,0.0
103.5974122042053,44.691060737801266,12.99338823611345,66.61046651498529,0.7631806781986729,1.0
70.6665611948191,13.288020324611656,3.6033230808208496,144.6568206018915,0.25568084398334273,0.0
78.06560200046906,15.052203194691442,6.808832682145871,164.10855293616976,0.24087935546834877,0.0
48.28159225006168,9.191579980423013,3.3595893433863604,99.07131918727532,0.3099609807057708,0.0
78.64004091506476,11.78096716536793,4.08508189846651,176.55828754207897,0.12656482228435428,0.0
117.74450313366772,40.18500785813843,18.420126085954614,70.41811223489171,0.6995430613598849,1.0
38.052136076920945,11.747753543120623,2.848880124561677,156.49937166234636,0.5017669776218456,0.0
118.27086510768714,48.7071592954771,13.56699333554454,53.59981811559981,0.9887483813668438,1.0
137.12780579334438,34.51295487367404,16.3707603188462,88.49489829168496,0.7061184037818939,1.0
89.96193473483123,44.95445647831747,19.225942539812493,77.14367535656024,0.7791680532738521,1.0
57.23778955731308,10.126218064106908,4.436189647969301,168.48635720562925,0.5623912760929141,0.0
40.193711089711115,4.944832112583547,5.257787814579963,196.61902508904424,0.22860075113267225,0.0
98.650090291781,54.61229595682173,12.987492275264563,89.40593632428612,0.7692696687815298,1.0
82.41805913767018,13.11735136093322,8.140078164079853,118.75451632123263,0.4275116650738523,0.0
91.88320548918685,50.06769114786522,18.563058232112365,74.18077809634612,0.8374484045389393,1.0
143.5682151992724,34.04699853899387,13.35427516449596,61.65783565995943,0.49346430814693754,1.0
71.8628981303517,12.914709537609436,2.874270531502856,176.39416137223245,0.5008857564488827,0.0
78.498723634675,14.395358365698563,6.892032896637634,147.68602559926038,0.32238185492541316,0.0
93.48554845680255,38.511258140550595,11.51997779528631,77.36066948451374,0.6370552801165158,1.0
109.4139500443263,50.6280342667837,13.519020866458515,75.9236555824342,0.8003183527219172,1.0
105.34593463514064,35.84784962443237,9.127583326977867,81.71671736914605,0.6992118776289081,1.0
80.61305106004421,52.28657092195642,19.104369094640724,81.6658682600284,0.8982820458790258,1.0
80.10950695270078,14.673852649384223,5.041617285733932,172.2565392281435,0.38653891836813786,0.0
68.3743492670413,6.702631504650849,6.550271177656404,134.46119058644052,0.12292876601619193,0.0
77.56826865808553,47.88426361064869,23.17588125490936,73.78043831871304,0.7755985371377777,1.0
44.03670619634062,7.234766961532853,3.6561268406063303,149.20123263690962,0.3561322432374886,0.0
82.42713926887555,10.129722717759712,2.6075145305274816,124.27997113140096,0.4658619852831885,0.0
64.42972875233164,45.255613735364264,17.020329678676532,68.37554898862813,0.8445381017742934,1.0
44.478776260151,18.14502687539037,5.761138880325573,135.0050983030981,0.1732257369105302,0.0
44.35697694272065,5.443438575581711,2.032171511681334,169.6880296819023,0.17088125943214477,0.0
56.140537199964776,14.020973318712441,3.205289693661771,136.16238452238207,0.215292581255083,0.0
63.22340940114717,6.0692596281766376,1.0773005845628831,151.7411660599026,0.3865786930751232,0.0
50.37995706006586,16.326131363269038,3.336114211212389,150.43888070413553,0.4295590669504786,0.0
54.221960862219774,13.869669674758324,6.235607198310307,136.42677467686883,0.22694920164488266,0.0
61.899320739544166,14.045690093046533,3.2054005302026436,169.28007061914758,0.4431531623086501,0.0
102.4821254379521,55.41861505021076,19.2008178267158,82.67895842509552,0.9829109479248673,1.0
114.3010768607015,41.73561042333582,15.030269086765099,77.92016725930289,0.8782200926420118,1.0
120.38234937798812,58.90845259257368,13.338198755168856,92.67970425503125,0.8412367611347856,1.0
122.83716452414973,61.85034540364006,15.248264464498204,63.67885717252371,0.7141216144778817,1.0
67.51700134223096,6.482092552996498,3.552736063206158,152.32336502615735,0.12470732208293098,0.0
37.62379765118435,7.81900778515611,5.451098642605988,189.95787609749212,0.32515668084239674,0.0
55.49052355175337,7.971048217864562,1.0039046781465801,131.33442956763494,0.25609713290018227,0.0
93.75333930700845,28.952541835475525,13.194121262629473,63.511179003106065,0.717721620364765,1.0
54.20588582515935,11.444619878019699,4.848753893172113,143.8794726640499,0.36439069532988405,0.0
59.79755762993739,14.85873467374762,5.376122617912143,127.79649531597818,0.32671574798556857,0.0
88.13198804023237,33.95019221990614,17.90332698660755,46.8072316005351,0.9913004696568579,1.0
56.57921885326217,0.7446184501889839,4.578104857522406,156.54285168143204,0.38198806995670687,0.0
56.60292312754507,3.2569141247076985,5.684465264161344,142.4616591269858,0.0966383091365311,0.0
66.03201956467434,34.930197836168475,2.2598970719191307,62.04606843254489,0.8759110564637058,1.0
48.62989062181806,17.756114523911847,8.023405282468836,120.33322197240224,0.45132292499482973,0.0
69.87010009204455,8.455067795582535,3.39862742419093,151.58774207938225,0.1586181294634748,0.0
62.93774719884969,5.527103863857299,6.4641374909928135,152.42875028889,0.32859684515381193,0.0
106.54591457171006,42.4887840022794,11.03121962834723,82.63282073481543,0.8368312698815408,1.0
122.94634065160031,32.495127991279084,10.235232195988225,83.34552385919497,0.7780052611522553,1.0
100.23960777875135,51.21450741393656,13.772875136006189,71.87022693203916,0.7582440025318098,1.0
66.17884274409542,8.18399748062883,1.1533170140718143,160.49590736217274,0.3187560916869655,0.0
90.6822679441438,28.703045036138377,11.819583595578779,68.03160533458805,0.9562524864551095,1.0
42.35894915667902,11.63144852845681,1.4752443572527683,162.54124499395076,0.05201824274082878,0.0
106.85242802542429,29.449813803610436,15.069248620848175,86.41754296036939,0.8010847261047361,1.0
116.02065912902344,34.72819066164731,14.4407932220204,71.30213702630837,0.6837056305503093,1.0
67.80324650930908,8.20814210387476,0.8557327661644392,108.40342350551252,0.4215132156569565,0.0
109.55678175864246,33.28099368909443,16.447578091862706,77.97228472469402,0.8277729362981502,1.0
59.72119740938231,11.707843199160079,5.680174176107405,121.22299771217267,0.3147327191450359,0.0
111.14314399765506,25.416242405265002,20.07501553324011,85.71022189050825,0.8576723932529798,1.0
41.181704969719846,11.9774114279927,3.6990508052192,154.20562065272503,0.3886558547680496,0.0
35.60125297171748,9.21951803991755,3.629755455391475,133.56121483741296,0.3442286851921337,0.0
64.27278249340362,15.038940873339293,1.877009203013238,123.98845859052592,0.3578000777478045,0.0
26.20999862499618,15.230125843186974,8.379210350860337,136.28630555021877,0.2965598578184676,0.0
114.99778541677281,39.561104286376796,18.595481206404727,92.48167470366499,0.9405017501019352,1.0
103.18402584587032,38.5338997592695,16.49076037344231,73.43090207151914,0.6378797327084509,1.0
84.21369395974111,38.67521241071981,11.762674632174832,54.33091010516172,0.8803562936268379,1.0
39.683062230686936,7.929688801267121,3.3292613914343843,139.147936070751,0.06622534099674662,0.0
49.867244425814704,3.0090174054466914,2.523234947203049,118.27146537147762,0.26035731736578477,0.0
69.34795543481096,3.648314002867526,4.904293524950052,133.50441148115252,0.2969034960751445,0.0
70.03566551758637,41.08326375459421,9.591255360153484,70.43714952217866,0.871600410625057,1.0
111.40885804299296,52.07013733727454,13.781267262990513,59.15651300342126,0.8006080238401968,1.0
81.80602299483175,8.039208289273281,4.553290622460647,120.80602512333215,0.4490706193067377,0.0
133.26408213016842,36.34852075238866,20.776090543249047,76.03929762011404,0.7210142686447096,1.0
45.41877687494719,12.737359267506891,8.462698615527826,149.7535825917222,0.20359551935751313,0.0
71.30506218189224,12.00383511537374,4.462213384847023,154.03612513172902,0.3665276515966066,0.0
109.95148044742929,48.82736062361513,22.932474892191557,62.46285349309374,0.6741164106156887,1.0
101.8035411953775,23.775673449187877,14.434872179979706,77.59224090181664,0.8278487458482006,1.0
76.33992690862746,15.610604120011875,5.544615895685928,90.75659880490721,0.30749455742112386,0.0
78.84129136195799,44.395099943308516,15.363900955616277,86.67213381915622,0.7813409640638012,1.0
96.2881189218421,25.625374577416554,19.231740199710323,75.95481582921532,0.8449493991172616,1.0
90.00815777252397,35.282273678340616,24.178289401088108,71.09828530299573,0.8359686810286664,1.0
26.537346963156864,6.828353980252172,8.729969697744862,165.8211622859712,0.20516913664239284,0.0
81.1030401630521,46.38774043940945,21.013452413756035,70.25617782538431,0.8474260561336417,1.0
100.65710831805097,49.032788234128255,21.661544272630405,62.379434081575546,0.8456158263367624,1.0
79.51635020555837,30.194740631317735,16.69978484409815,85.96390863513713,0.7468596650177677,1.0
129.25774824306308,26.353876605580005,15.57363396823339,82.58625045654827,0.6698427195745075,1.0
114.60738377803801,39.67841980725336,17.51845740855869,82.37731718281559,0.8525898285244998,1.0
76.06858904658509,15.266516526600164,7.175924281891581,139.42929754927007,0.3952762454349508,0.0
64.03586808188152,13.282417803132837,5.837798667515721,190.8096013735206,0.31720972031614303,0.0
105.42171867970394,36.65821277818995,5.817331156336657,87.700440762943,0.8383737948665503,1.0
104.34210856746118,29.18492175602462,8.661461283021442,98.04010517972696,0.8181360693719724,1.0
112.13035797150268,25.541592392407303,15.578111278229892,74.58121123369703,0.9142557152914939,1.0
103.89134861693825,44.999795635418366,6.306933568850139,62.77968730931285,0.8114936667394665,1.0
104.03344967220073,36.75169066237963,17.15522281244888,76.12260294316022,0.9071246814706688,1.0
60.25248014882835,44.36523417772915,17.2317829918386,79.01385188131212,0.784599430541069,1.0
109.09063827487574,25.524025768474285,17.143716986114974,57.311031680242124,0.6248067267223851,1.0
89.34241679709609,40.92392629758752,5.598355580632694,68.49094698128994,0.8578464072349231,1.0
70.03425400306638,47.67799474119376,20.779179494670146,54.878931148680195,0.7008493595204213,1.0
50.718289716651945,12.540328440560897,6.2215519738035425,165.06773148599018,0.2644008729198591,0.0
94.2213098145773,31.1720261626702,15.970569075736348,75.13401726285319,0.7699614710324291,1.0
47.59119231655427,8.578204197081844,6.539065999285517,151.37344935039843,0.2837168556407887,0.0
104.66294028348968,48.63935208793942,15.330706621861298,78.28763617733561,0.8386519592999049,1.0
107.02808029889238,46.89360346379535,14.547798210228006,73.4651381790162,0.8474275872163568,1.0
36.96962199238341,14.86111692093095,4.813412784232458,151.14956931345964,0.3375827625024214,0.0
105.02799099724884,50.1201479153712,15.63655544356647,62.7590864359898,0.8165796349978351,1.0
74.92854748143925,2.0428902776816082,4.719537577806978,156.2818712511582,0.3159851828985415,0.0
64.66441040682909,9.37766447358076,7.244722231104056,163.25292901706615,0.32093987304320337,0.0
117.999737865681,41.892120119643764,10.412320907272882,68.8076695769916,0.8397820079385685,1.0
48.850977797984136,22.56167538640767,5.246469644336849,181.27326006141246,0.3273932629242382,0.0
110.64887188222576,52.15324261643353,15.140233226808622,74.05666426748935,0.8766819381732781,1.0
98.51479350956329,33.30305979805165,6.720726343088817,73.5499508326158,0.7572493587457991,1.0
55.00490592971531,16.218092972862888,4.657643651926233,139.31217573015934,0.4416883697041757,0.0
45.406462099185056,15.506082268301132,2.9147337723216853,169.6762738807746,0.25281827645683913,0.0
110.53436824392325,57.25127292496341,14.3392169233201,77.39819095610781,0.7289371673288165,1.0
75.87671917866561,17.206629786153755,4.754321182363925,155.59508875249435,0.3504441357238064,0.0
48.894387169093235,12.819237060718432,2.8566884438396145,114.19331703861594,0.2746341875091223,0.0
86.95375242382823,43.95666641931468,20.12934437862988,72.13304017341405,0.6438374943982157,1.0
92.19680700822738,44.741841988288805,21.32345918656034,64.65810448722299,0.8904147215869744,1.0
106.4482360883129,39.052440539837974,6.499758749049468,60.84110503049629,0.6201278173218405,1.0
145.35325167192704,23.673030303673666,12.605289635134863,62.42588173682213,0.9017119812442448,1.0
59.7828918272015,12.125291717134655,4.554920187253451,161.07999074688905,0.4339009615223969,0.0
67.1220211916222,42.283920750691685,17.771335380998373,74.11185515012745,0.9433137133350229,1.0
81.28053319009506,12.555408023541613,4.749221712740102,123.7646360559399,0.21327863056373242,0.0
97.12551901319308,56.076589916314504,10.598262417259772,86.18153437367562,0.903589361204503,1.0
124.14503861727134,22.344518297983385,15.733486956936188,65.64969108555357,0.7442664015695171,1.0
75.2760595499781,4.734334079022478,5.061274346204484,124.9057458089812,0.31646961936503776,0.0
49.51560108544606,8.104739424903252,7.199526161924496,169.31242144357313,0.3090674963859525,0.0
109.16959691144433,32.529681046397286,13.813386118740166,78.25222830480746,0.9349650121587092,1.0
94.22658153019562,13.929211787002608,2.8478283011405363,142.15217570137364,0.4179433905594718,0.0
69.81150838408122,5.8187133058619995,7.194076610900414,167.69999978427785,0.21753323424666127,0.0
50.08248263988233,6.94461705368351,4.683878716583597,124.4071504203756,0.24260633579030244,0.0
59.471629933251535,8.371469535597221,8.212277411546854,162.26176491710652,0.32698950514725517,0.0
57.56060752965702,8.754902259113916,4.684316759307849,111.51653624951888,0.35255782573112604,0.0
57.29362942671796,16.244439653971476,4.207492612168291,145.3614433986518,0.45237571463975995,0.0
90.9633551963959,41.66229883713558,11.111012842932896,80.59408040360681,0.7407721590681331,1.0
83.44856587229776,49.384450654938576,5.195974245726635,61.79842242674879,0.8519688788217858,1.0
56.17725718560371,9.085110331995779,6.192366348980087,105.02951949649,0.32822317641205206,0.0
88.91965890255565,26.055808888871486,13.230399854338803,76.92594564719066,0.9820533237788422,1.0
125.31997962703035,44.20026575593325,17.703325330796666,74.48091468906219,0.7759718665895076,1.0
87.61937760079223,23.70717554869041,5.65630349349976,213.19176091374007,0.07046578915060334,0.0
128.57453344929615,41.31206917675477,13.718253284189453,83.19899961394636,0.8687858878580804,1.0
102.92907657406931,28.454770579500185,23.96512772626813,62.31455923088865,0.6863202975960886,1.0
40.401185063778605,10.128072113726331,4.912945940511021,163.48151062638084,0.4358536214179244,0.0
60.55847148302361,5.511660927567757,3.096530833934138,153.32680610176752,0.257324647902492,0.0
130.2249322456759,40.52380624144415,14.840512709143013,52.36557643511378,0.8378499196375611,1.0
84.78400466774208,32.5533409113975,18.115603788426775,80.56161906898099,0.9480641061951982,1.0
102.02637596659596,64.81541003087364,7.252345672566433,68.88155314906777,0.7734815493718357,1.0
60.46045099610715,42.261159664780756,17.913806074945693,86.41322414388281,0.8355503086413987,1.0
69.99877133328525,13.626360543241612,3.449499419734075,156.70361500883666,0.3569011084894444,0.0
46.11765518473481,12.184771849423157,4.6836564306711095,131.34588437419865,0.30652675216776104,0.0
69.40012609620379,6.078080733983193,2.47909578266246,114.02585560114113,0.2552292683393074,0.0
88.95820864396227,17.53722345615368,4.807493796496875,152.06983324853783,0.3351236676501135,0.0
52.808237515470395,5.2234074227013085,2.584525204729245,188.64065154665923,0.23293887670166336,0.0
114.51062120400627,36.12922231772598,11.127166738189903,67.33657990204063,0.6007979551838224,1.0
64.00297385086702,10.083442114607982,4.0356861165284466,118.710371799054,0.2753471665320888,0.0
130.46891266993683,39.07418275072192,8.192967545754657,72.31793903766912,0.9880728593477696,1.0
54.80260448978523,10.478726915766305,7.852667247703179,197.6915219329571,0.3400073980340064,0.0
148.4852979136291,35.64698858178076,15.347690147894879,61.126707637750116,0.5729349748357078,1.0
120.63116847414183,44.495424824999375,14.563558909442307,77.90137065508792,0.6881907331271372,1.0
27.587041343333325,5.194253259153968,4.59034060028213,119.83036154128358,0.2590305194045292,0.0
88.4399786529305,40.949302896352584,9.685535125927814,61.987834700068156,0.8198681061666349,1.0
79.02762297726474,11.56617492148921,6.944389665369729,149.72744564587558,0.38853059960306086,0.0
126.53883901357668,33.901188395577506,8.62410601529426,78.58810286288733,1.0120280031547324,1.0
81.21779276565653,15.014046470525981,1.778492965598839,142.88159949282934,0.1614868014478148,0.0
96.48048323324083,57.709965192022935,19.879211317228652,72.44613148232006,0.874042992720401,1.0
106.03540441496406,35.33105561316593,18.72981383699475,80.20177402981518,0.8105918830679655,1.0
40.625684263890406,-0.15813788869827405,4.721787142303323,124.66921139081168,0.1487488247648223,0.0
106.92036236131796,41.635103189220644,10.871692642370888,81.88952600146175,0.7475907819373131,1.0
58.52426701008723,7.529760950177677,8.2062221063518,154.31796916550843,0.07870133631645898,0.0
155.08776399145376,35.654604746468706,8.489808441857587,61.15866953752227,0.9200874103458042,1.0
64.62792725392832,10.776352864204409,9.928883147383317,154.1296691259635,0.4060883227200656,0.0
79.18224830908916,42.37514262357612,13.948508757155372,65.5926780190256,0.8836664122118043,1.0
125.65728444047352,20.900782711596122,14.676159840022496,60.29230965683788,1.016404703862718,1.0
128.40104824122952,42.0233325918056,3.745836884801488,52.27365226481794,0.844287802077716,1.0
126.96501145772365,46.3605666824237,16.15025948155206,82.37496362981713,0.601129608269235,1.0
43.96042888815228,10.877500961471883,4.376632819790475,156.29186351576004,0.47942404229811164,0.0
67.8414453642467,5.350826557232298,4.318918016132113,158.02379476674767,0.46169020071607747,0.0
63.57864004632099,37.19424102573645,14.882945467481544,68.46420468253605,0.9231581491559543,1.0
53.9812575593178,9.363308158404884,5.7231259741822536,159.42531342055818,0.21980107855505865,0.0
50.28884512107953,7.250401046680874,8.120402538365221,168.42779196585417,0.24484739813392925,0.0
101.51917716351332,39.17587200603262,7.726410346201148,70.01647601174201,0.6665101217189491,1.0
101.84510726060617,54.836289137057264,20.59962382939284,43.494410087523526,0.7943673828971108,1.0
44.915943707304564,13.991189090708748,5.815770659178169,150.5577934306981,0.41186409874723323,0.0
123.98922094968037,23.88128287266111,23.36409099857844,69.2923983245072,0.8890738146529411,1.0
72.98444712550119,34.2684838046293,10.225704651444834,72.64734778655338,0.6171104110717744,1.0
90.51334701439195,55.71642487032429,14.343696985165028,65.26810330011506,0.8245924880729689,1.0
111.08733553594172,41.31486726160455,12.877265716981467,70.13630584790194,0.6854565257295542,1.0
63.74799014171093,10.165897336446818,7.119483960199255,173.2317151628986,0.2263435251694681,0.0
51.9604161721931,23.902805192817468,6.333153441280576,143.680185647482,0.3617407178070038,0.0
125.55414007072872,29.853061018477483,11.199539519926063,74.70542730641588,0.8222509142297103,1.0
76.02785355421871,16.233102767952566,6.682868627347806,153.25950673252476,0.2546380877609565,0.0
54.81836340571293,15.529643379517676,7.6024541940705195,166.64787110891993,0.20919604924528087,0.0
46.215894022023974,10.289355060284388,4.990155419004496,154.63138634907165,0.3694352006189786,0.0
95.14916463748195,46.44583975469325,14.249770232293585,78.22157808956766,0.7226132081443878,1.0
86.62895819333278,7.246335625675762,5.883359930041172,153.6450523494816,0.40448033184261534,0.0
133.74998761033032,27.065207150931528,16.26032984642928,63.32147594019621,0.7201293247342062,1.0
95.92678273047056,35.653320590264926,12.8895162498061,77.14098090585756,0.7086350703638424,1.0
73.85756406809419,3.3091843149941846,5.5177954904312205,139.59084198756636,0.3302659338892623,0.0
50.75804045055015,13.239456407267761,2.989455956013652,142.67153190678783,0.4162255458004942,0.0
120.64728460433257,56.997540187715536,20.963676826174442,68.6436139697429,0.8198548305174456,1.0
61.466140971325395,8.946782347556654,9.446950544176122,110.22564810228448,0.12485013920322324,0.0
85.17861897208188,49.74653926679335,9.74419422857481,70.41678873091044,0.7167076598656765,1.0
106.599729329678,42.66523427568363,25.20507013509318,60.036160725455005,0.8217016312053618,1.0
38.5465976974722,10.91052492889183,2.0216394642802333,137.48161745178857,0.24354067659840029,0.0
116.58881132079361,41.37073658790472,18.18699247469243,60.56540826122468,0.6496068466991582,1.0
147.16600599415062,58.99836262856007,17.096146144378405,69.70130799883266,0.5974276159876193,1.0
59.608504960173576,4.409124549011482,5.921754052073578,143.9689258144469,0.4139994766491019,0.0
53.0180006268431,12.400721354103839,5.900163836876422,154.3788111223523,0.2872671424113416,0.0
94.32590480685204,5.900119347594758,3.662168150113685,162.63596679090904,0.21832259087986777,0.0
88.18411518815195,7.6456664565778105,6.782297535707568,163.43776620400178,0.48335170291872687,0.0
71.86142799992585,20.74135541576079,1.8204092175639772,145.26711167394842,0.24636789275425153,0.0
146.22619258419383,51.737591621549555,17.614901599845936,52.196655731361155,0.6686117942253984,1.0
100.95475806646063,29.099248996716355,4.024294458900496,72.89016666352268,0.777753584559078,1.0
95.70716493295619,40.00226242577286,15.912407439375116,72.9487162600559,0.96541495232345,1.0
127.81426871393113,34.88824992011016,7.007801678073426,57.93811459411199,0.7612170867460561,1.0
125.79298090570111,52.14095122212716,16.57712802588902,79.55306313293863,0.756008991391079,1.0
111.0118925573815,40.2580232753264,8.382294110407416,84.78000864461076,0.8568897988237406,1.0
129.06745404379652,38.92890016781817,8.654893694681329,61.166873449259484,0.8598701514503665,1.0
114.13073038558534,29.996514378533213,21.710334395470834,71.42005229301432,0.8089069342273861,1.0
99.74396502433572,43.155042871349615,17.688053537461528,52.37317209180138,0.9355578544650224,1.0
100.06551066222822,26.72156684220635,8.596962349891117,58.062633812707446,0.7427496453529225,1.0
97.49333611903124,41.302726463596684,17.686960411973093,52.601444108393025,0.9467822869433291,1.0
60.22982666157623,5.916104584970886,4.978094700959482,133.9202983361307,0.39850838815025164,0.0
66.39780633284553,0.4957213803910552,5.132091698091587,157.23202382274286,0.17915157367022305,0.0
98.43356373979266,51.93837458524506,10.014870896324116,69.06101372938141,0.8951593718750808,1.0
63.03689841781915,12.467818826693568,5.3550105546627815,159.21833822344956,0.12445993841271905,0.0
39.88044316761872,11.17233243537111,3.1108898966404555,158.775109272261,0.06072372171534968,0.0
59.02572511576447,7.268948209862883,5.9741625522596715,162.13970121726766,0.24559175512605466,0.0
56.286197119896016,9.568075548401644,5.625455040752823,177.79120083287455,0.3668086419909199,0.0
107.30993100279198,50.60768495350847,8.299330026834348,62.602179053542585,0.7887211403346579,1.0
28.545270914727677,15.343059879419021,5.350159955787668,144.0535177102671,0.28004610608231595,0.0
59.69090169228472,4.042838204324337,8.068543970767207,140.97330002855205,0.3189233067357959,0.0
53.04165763528766,6.423184212371745,4.97693537770265,169.10911520704875,0.202039696720696,0.0
50.87885046636787,5.873984109642672,1.5949135240228758,161.09147244518007,0.2285871322708799,0.0
138.61685780697238,52.639517375925,9.592807692386263,56.799356601795296,0.6853070814591031,1.0
47.19371271595286,13.602844751755933,3.0069467531973126,152.93037476060115,0.28485506634043306,0.0
107.47902222718174,26.933279217688003,17.761955811132758,62.25335222215672,0.7417603597562639,1.0
73.99731084826882,0.6542941517169325,6.813775594035067,153.97979986392255,0.215354200195355,0.0
49.985373641337944,14.489119439736008,0.10924806634799378,162.0871222088023,0.13172653233269965,0.0
51.38850872380511,8.00838150050933,9.210341049717965,137.82380748258888,0.41538241718415875,0.0
59.144547613333614,17.40906895393683,7.882789016872636,130.2321914572066,0.3514961033154112,0.0
66.242988253164,14.14927096984814,5.0970843968074,119.21223236392656,0.38967717158129456,0.0
122.32079866621304,28.732849082409203,12.047300524376116,57.75198911213609,0.9474817619265301,1.0
48.164755749633954,8.138485530208824,3.3687712532545704,188.65133725860693,0.24782226480758157,0.0
64.92386423373132,8.969402281156086,2.527675215425769,184.3126668524136,0.29724253906955256,0.0
57.25145633824168,5.5744283907370935,4.443759439908843,164.37539786633872,0.13166641183894395,0.0
85.02884981109194,5.336820373879751,1.1534118010771066,172.78967822168656,0.3253665023602439,0.0
93.29675451856465,52.13983666940221,21.18702784635412,69.80488465365427,0.5785958990627412,1.0
97.5860265478954,40.39320331703088,8.21495686658321,71.24329575653333,0.6776448172732263,1.0
119.91840033767801,35.92546364788125,10.176876833471194,63.265027529821495,0.7238719912037372,1.0
101.24372775641753,45.15875081520839,5.0467616605902315,75.83653288378491,0.8753960622304365,1.0
41.01006328710922,3.697567812967277,2.7922851817353758,130.51888211972584,0.3797493758057761,0.0
83.45002042407614,39.05214851395965,15.894484525619188,88.75390077318586,0.8783666783924791,1.0
93.02159454012832,35.92511890350105,12.123398487415185,51.04350866560911,0.5870270191788161,1.0
123.60971918594927,29.043164390767267,12.576961876784633,69.61339520338208,0.8348679557059397,1.0
50.95806904106429,13.068251050146584,5.972243187242796,118.74784416544139,0.3367103902750136,0.0
87.25058113412368,37.27257809683329,13.199856788695275,64.54492624816457,0.6242112703635132,1.0
126.0303559286765,46.462588534209786,20.19369274733898,76.31046444793151,0.8953722379930806,1.0
109.50611473305118,30.917811073410896,17.438136235985795,60.30749500557688,0.5684474468009386,1.0
47.55762987177256,7.085093152962566,6.7964068534433695,152.85622110968694,0.12615349559082883,0.0
67.99547308155617,11.518619908459572,3.850056163898525,167.12398368176795,0.31295262586041617,0.0
55.862828548676,3.5482707242012754,6.288521374997257,144.16852111582617,0.2666052414114946,0.0
73.20298968302461,17.76324320446282,5.170708432991431,162.1954756847801,0.3582630554319951,0.0
86.37273881946237,9.51366714458161,3.4298259164477543,143.58559731349584,0.2546796960247975,0.0
135.20077375762642,29.730773000945348,19.22456256157903,71.15552262073015,0.7219584356864204,1.0
111.79960706389814,30.65926753336909,15.58698473163353,88.68066138874127,0.9809536735064902,1.0
52.80230183953345,9.391047807660472,5.661861182023413,142.25787279538872,0.2985692318429516,0.0
109.26280591932229,36.611020278221446,21.88741994466563,61.759579497288335,0.5348421620279167,1.0
70.97906002334855,47.883193686952836,8.2393847930532,72.08605269353745,0.8662115014661539,1.0
88.52039869221034,37.380710158913296,21.293772650534937,76.25296198730143,0.8786769358884006,1.0
62.85263571704666,14.699341013346071,5.320076842798392,149.0502145800309,0.3465544918997525,0.0
61.17035988592663,6.708946851052218,8.129744461206965,131.81938162612903,0.31036820523325287,0.0
139.16855120386057,43.78205695371672,5.140401012736664,56.79689082781506,0.9075829878440166,1.0
74.37922836044311,50.59413546368135,17.23633680414088,79.7006169232471,0.7772900126944858,1.0
82.39096586044863,48.97164682217845,10.021916888482842,53.674606027869984,0.6594007166641639,1.0
148.26877618135418,47.38129942700634,9.603642978828152,67.84917692592308,0.8431029550660716,1.0
138.33311755649527,45.75681703305761,25.51124626630346,64.61569797199037,0.7145486418999024,1.0
85.59070006248723,36.36259485160925,9.81209973859142,54.66923411945119,0.8092803036532916,1.0
121.80135929819755,36.70151479237121,14.34407505116344,56.036243281942575,0.6578409212446487,1.0
86.53585611374547,43.72262884286136,12.778378173276643,54.34905507716902,0.8188365979840915,1.0
144.26775197737277,40.02101782946091,23.736985243003335,64.54005067805069,0.6448416658423434,1.0
102.42386502603999,45.1315490111347,16.32284968224733,67.3389075530124,0.8930747700960866,1.0
50.476584618817725,12.978357067984291,7.435194598662465,128.7620875511424,0.16773477275021803,0.0
113.43584392741732,36.92985194862217,12.16970771527195,64.5564246280449,0.7463553775731664,1.0
110.46761571661925,39.675282450056486,16.612611023883,75.04176140434186,0.7698746837996309,1.0
98.45972552740916,31.091596402876657,14.941511322545109,53.56696996194658,0.8537516946315418,1.0
58.13718084699228,15.80376508414982,8.968993247897552,127.79091074632584,0.45971109842246854,0.0
116.82417739078704,31.18529202773627,19.735031463737208,61.48457878829614,0.9194881195073439,1.0
89.37176888409746,29.812756239986648,19.47043911593907,73.38401245953074,0.7463908035567498,1.0
52.92712947690734,5.099372447046427,5.657297115806721,188.26823788861373,0.18377966887011135,0.0
65.0962164101107,14.012619966663944,5.669315747419082,127.37726504087495,0.3705399225793095,0.0
102.28246664891618,65.54683462938536,19.1648354489706,80.26273177694948,0.8147552710019837,1.0
74.95253333939995,15.553205230385727,6.523141385326483,170.0559306254001,0.3038560432186772,0.0
105.32960304438627,44.25492571598156,14.733085928121465,71.06568400731813,0.8874461592408294,1.0
57.40386727249715,10.915189629328774,7.011375829135753,191.17909810070697,0.3219059058407454,0.0
59.83317072634095,14.641860256084794,5.883518774698723,162.40999345423717,0.11120217312858294,0.0
123.0631001595848,35.54336378595182,21.600875408188536,75.09780642594983,0.7774174664499182,1.0
102.99717515071242,36.20558518770568,10.80894811209216,88.79082579058978,1.0483930549501317,1.0
63.72259615758275,11.313188933480536,3.157352126488113,147.89810988252722,0.3861444386409766,0.0
75.54854466863141,12.837877187776705,2.0531736647769487,158.566328920319,0.4065309919159238,0.0
53.96606107436967,13.836411827979852,3.7432171049301264,167.89767845821703,0.31458292839755275,0.0
93.29634764655955,47.168801275740506,17.60070453467992,52.863074306182696,0.7728906452596536,1.0
49.48348562602602,6.385552207660473,4.950161025593918,123.09928905549678,0.2357888521306945,0.0
92.154774654245,32.328281358868395,15.014005128058951,83.32585193722903,0.6189313693144987,1.0
89.23718587450466,47.77655951575317,4.9676322594872495,60.900622268460324,0.6771415512348827,1.0
61.41367013494358,8.531461517288317,2.9972967214760113,160.86553410803208,0.38167763801449067,0.0
90.39971837282957,37.39663219103036,12.440247686184517,73.92050339280324,0.7662069601188469,1.0
109.72390152466419,32.25584845139848,8.23923680950911,74.04427955304233,0.8300046383464369,1.0
108.8495434274928,36.37515798656206,15.021359457431249,79.34390510665145,0.7154063329360197,1.0
97.52005587180726,34.51066532476081,19.48410563235793,77.26138601207026,0.9344787983394621,1.0
74.51223110616516,8.8859761237941,5.651578370101594,155.68602180523442,0.14670248950834067,0.0
61.05272541182252,10.818001955714372,7.926252565398376,153.6951951633126,0.2055849131533739,0.0
106.19205235572657,50.47316338326808,17.60958279037316,77.44480195532648,0.7762788787025967,1.0
90.2711316704428,39.72212687094248,18.822459369527873,76.60312583881775,0.5930384627989593,1.0
96.93496325192466,59.82792669106846,20.071571245738767,78.84872429907051,0.7217851963164083,1.0
86.02808732612664,48.40837624115429,22.934948793755886,65.48710746687455,0.7117529716206106,1.0
130.34661431677875,44.14847680946866,21.164722909037163,64.1926210917709,0.7844214780491484,1.0
114.94038646610166,37.854101315277134,19.48788174817426,76.2963212648465,0.8275639049318028,1.0
96.78439295513544,53.7002722200385,17.781198346856304,64.33784938260021,0.8049181387084031,1.0
51.811353942662095,17.12765357023036,4.905498552362403,137.9141921871312,0.42990629583266327,0.0
142.58892346528347,29.84301551717064,24.258852863454983,68.67949864797752,0.6244869058200919,1.0
115.69572001279316,44.04872522808529,16.7208018177215,84.84483270694095,0.6254848206462365,1.0
93.25938844412454,46.93804085544069,20.229587568751075,60.48753204559941,0.8301018462346796,1.0
143.9852343703356,33.973377592657194,18.268925754115713,61.54155994550288,0.7674081737486304,1.0
90.88575526720865,31.71494985967376,11.5785261794067,78.7935824121145,0.9081084897347741,1.0
42.338196491586565,9.447231589692096,5.812533936277735,161.28918466335574,0.4145499076445902,0.0
53.89855967582162,16.503790173222285,5.141727989248006,144.53225026708057,0.3070925669983621,0.0
126.75738294487657,50.525562141087924,7.897424055720263,71.85027598270092,0.7614164050699117,1.0
116.0168738108755,50.15420213096068,18.96442238228205,70.09357557278811,0.8631753990005412,1.0
164.5571005057851,47.88996761634154,28.154946290222178,77.19096243598558,0.8949462158983854,1.0
119.32027874884562,61.1036787692961,19.454064516239228,50.559444951977945,0.7506250045503715,1.0
96.91250642131321,47.30009465525744,14.772312562779893,66.76598274539138,0.8393486712992206,1.0
122.63349215484142,46.48638302251068,9.927252176076214,74.80452485393062,0.6992753869581133,1.0
40.27984586698987,-0.7795450994379713,1.8445012103273233,127.1362954490811,0.2977240616437247,0.0
148.44358253973468,40.02452040326922,14.450558852891524,48.627540170009354,0.6917713209728751,1.0
96.99556430883247,41.239457306652255,13.091744323116362,73.53142705466045,0.9459511107417244,1.0
80.81547462932821,9.894765397806022,1.227617822875548,143.0665740039162,0.23588777755519796,0.0
109.22835909094682,54.47234355396232,14.822738850904894,60.857806978068034,0.7053271924211189,1.0
117.06064347090583,25.726262018231935,14.410270974677882,57.80289170792234,1.0179377742460523,1.0
48.26154533440668,9.165042732680607,6.789073357636827,138.5094176616131,0.3807980644551844,0.0
54.90593032966379,11.947289321218106,5.03469023918045,164.6720969955163,0.3906407692043552,0.0
68.89763246193333,-1.1187753922189199,4.906402217067237,149.89933108618945,0.3681591711231398,0.0
44.55403148829188,14.931736476299893,3.3093878926751725,157.74225084443125,0.18188920650553211,0.0
65.80168905173599,19.41831641369665,7.538288581108549,120.42921619517256,0.40630036098352657,0.0
96.29447059884622,16.655071859138587,19.801142256720755,73.17659197359565,0.8282381394124444,1.0
111.2201817776231,27.18647737755094,20.00610807833311,71.97124551895095,0.9361294665423587,1.0
66.50744609814173,-1.7272044290929838,5.454773208432599,168.86908746199688,0.3010612256675254,0.0
57.68365483526476,6.188126269332713,8.183435897167522,129.78688443021528,0.401590181577514,0.0
122.49059202860455,53.58554508889892,19.792623783980076,67.87298801014644,0.9657107326474434,1.0
126.27199818327581,61.55293467018046,15.403416204503277,75.73063570492914,0.8965997464644038,1.0
94.03269826113036,31.702764368030714,13.515263104928213,62.22077289075528,0.722468536377942,1.0
44.048298538358154,10.944212927669293,5.506693384225599,169.9313309067296,0.2314358340959083,0.0
127.14903466388874,32.602605189677774,6.848560790420109,82.2200901768493,0.9527537758131186,1.0
133.76597297987774,41.937087760578926,14.264002463121685,68.95753851116785,0.8507402188608988,1.0
90.57384223866995,49.7815595699669,22.985504656479517,64.31496877307272,0.6435828458445829,1.0
58.17162726176386,9.236510462093161,6.723438205036745,135.86118260220837,0.29816073657639125,0.0
91.71204152900147,39.387457619845954,9.473949012826075,54.882937840356995,0.7868178828270738,1.0
57.84702744463237,8.722659543525042,3.610273595872826,156.8676667559046,0.34924520689976335,0.0
59.012744831746375,4.57114801286636,5.061977960061804,154.43248894432028,0.47708040780497324,0.0
43.33660914372399,11.725697240872805,1.8223844763787396,169.781274609745,0.14757752848637576,0.0
29.296881389630958,14.79557931103923,6.927693983001647,160.5875935782449,0.2964479393551226,0.0
78.03843475474395,1.2237645490527864,3.087283909567799,121.74829096061849,0.22762987516757904,0.0
85.23080136479822,61.950304265268585,13.496494677738403,85.83245078428561,0.7273532533760029,1.0
47.301789464485445,13.024376663094715,3.769367550801409,173.21647765499947,0.28568908691489436,0.0
69.07311416307674,16.412772893383494,5.418619949783869,165.50595418677827,0.4110227559397371,0.0
113.54252300083662,26.95691659191734,10.64303242372739,82.84985080883393,0.8897105669336999,1.0
112.03598619246148,36.56243810959252,2.6483798737325017,79.00776187785749,0.7880687172580462,1.0
127.68304539026683,37.92501856065891,15.923080668604426,69.05666215694595,0.8592421755146142,1.0
105.6061904330532,49.60804976783229,17.51370161081979,69.04828058387692,0.858821790433061,1.0
56.260716541952604,8.473054323236402,5.424671195639598,119.2830098887913,0.37020070189844767,0.0
69.84852373517364,10.085190600243592,5.496351780739983,158.57819235389888,0.21836323590856765,0.0
114.77579901843686,24.950320887093397,22.585053906083694,67.98520089062795,0.7982738436119611,1.0
75.97821349944623,8.493343699446031,2.596966848757332,157.02268248955372,0.522876527491206,0.0
91.81236458804067,34.96082167057323,5.29607881523194,71.19901916106573,0.7016024244344131,1.0
121.80514228586941,44.20526265505884,16.29130988755148,90.22652226063963,0.8532626291032779,1.0
68.2214515725257,7.022359902115321,8.016592702838961,146.12410187733568,0.12812985816560363,0.0
40.07196386479918,12.436397523594286,5.04792383869191,152.41033226339178,0.12392467318346692,0.0
44.16519775190665,6.080374853238608,5.451983347615839,140.93239847628922,0.1520402813576429,0.0
127.82297705205404,46.19579826119652,12.134651361613033,78.03107443903187,0.7747643323657134,1.0
102.9369229946707,23.144470186214235,14.935736045947925,54.225186823561586,0.7892640929700703,1.0
109.18828578505091,29.433341437996962,10.152106411405542,55.4649233335321,0.7253394511685112,1.0
113.3414886547401,43.45657391575259,21.148130573552834,73.00924893580745,0.7435764261246303,1.0
43.996506214274866,11.074204636309226,4.402975367207919,142.3792316907558,0.2887211953690907,0.0
112.44220295292016,51.784085354749955,8.989826203566668,62.449917264441474,0.8083322877824817,1.0
37.0945347283524,7.426915737707599,6.7121259200987495,147.4172453764509,0.31157690351927864,0.0
71.35093013864024,10.817512127806033,5.832680835567372,128.7368521068677,0.1186416558725932,0.0
58.26322492326635,15.11096405529765,4.40941111355191,115.76266616621234,0.30966820940621764,0.0
89.56550211548162,29.157179508054732,19.989143878173092,44.46826509566765,0.822221924440839,1.0
52.169850865285085,12.576276838224283,4.672653834261918,157.84403659604354,0.356341215793042,0.0
65.73507432631918,15.36810546911502,4.4550816461004334,143.67741225151534,0.3123263692759078,0.0
127.50228084561104,55.5593953582065,21.83354794003943,72.09596529360367,0.9081672287868905,1.0
56.87867659365099,8.0351380774882,5.5364565793085285,156.0732278915603,0.16195669566954962,0.0
55.40469631829036,4.051177853361645,6.7403558400556465,153.51788756578236,0.22867430541842654,0.0
85.22287644909645,41.95129044031371,16.18671211505157,68.00535234428528,0.7592717350059628,1.0
76.42275044209842,7.374823639645969,5.8991096388326865,147.25743237924675,0.34930536982476224,0.0
101.1008271190886,31.024719731563756,22.26112487094895,72.55594146636513,0.5548322438528904,1.0
114.80350791056331,38.85147104185479,14.34930915380478,92.79968853890882,0.9340692974984712,1.0
68.65592314817972,9.570229652052499,9.000153643879608,161.45220691949032,0.36556409135061546,0.0
117.69988512593152,60.17296656121559,13.646747055869845,54.02074567462825,0.7065303248975772,1.0
121.11454947106877,39.496076262795484,16.974185337181826,65.343257163525,0.8414874812022193,1.0
61.73290860195424,8.28581908540547,5.341148603316377,184.0678017199067,0.32875812761019485,0.0
137.19394982358676,30.86066139782239,17.291229046621794,59.87454982932852,0.8233360046632308,1.0
100.3075091746478,7.663874474871102,4.40785691048172,167.55506605842479,0.19372624231915164,0.0
114.69292130260249,40.22111686391439,21.605805320704924,59.372569873844846,0.7790735408289643,1.0
48.803227375480105,16.829421168178655,2.236823950762886,109.84828585530207,0.4695065386611423,0.0
148.41928838993823,39.143581201760675,19.662541656206123,77.82133819115077,0.9032620658064425,1.0
128.65400308988427,32.14936823606639,11.967884351419345,64.28598363713924,0.8504615438090514,1.0
70.19339648605639,1.4779366849016817,8.813829488097884,136.0680275171469,0.1544558499928254,0.0
59.51478055956784,9.252024931269778,2.6938104898018422,182.12354398886103,0.37941183042255483,0.0
76.33922752258923,20.20624432462308,7.302111261224557,149.83220974080982,0.2818922344943168,0.0
76.65521752022075,6.637618335570836,4.239339470888533,141.9472292670647,0.22624625820225353,0.0
113.49386819109364,52.92520252240774,4.761597209734859,76.7014246059665,0.8526193636965934,1.0
28.774028937685156,13.729857979238577,7.468520946263213,152.6261068854499,0.23517847326995933,0.0
80.53552830950446,3.3643938522557884,1.647094675099746,134.67585035099367,0.312922208520856,0.0
72.79246136514809,15.96276831073615,1.4632222475546945,117.92431371524674,0.2520377505505341,0.0
103.54865213073823,52.73925536564384,21.502763406540964,66.51921078758642,0.7602196110222182,1.0
115.16843384954029,42.32823083903253,7.708624407502472,54.210223617611135,0.7933657717455198,1.0
82.30539799834739,25.98522426612875,19.82585205464586,61.89925808948463,0.7676420995370884,1.0
58.93038456948398,10.929561893993323,6.818894169870388,145.8574858862566,0.1738741876135356,0.0
89.9481452835236,48.92611692989098,10.491366123512833,69.32776650772232,0.8631311968242266,1.0
108.00187759055456,50.225262514835784,17.08079514248116,70.50186729788705,0.7690769680778236,1.0
109.41097323820236,35.61915280500669,12.094181453661783,75.64263636332615,0.6966217392154629,1.0
72.96411124937738,7.9107836273213685,8.448571142273487,137.32378433245256,0.34836294089458475,0.0
92.96957446564696,45.38421499818942,18.07435388254596,71.92996434047507,0.8190224580706607,1.0
74.67227883122237,15.035617109679261,2.93768754385551,109.6130433948129,0.074183617928516,0.0
133.97967171892037,50.11640858963086,18.090242525261576,58.990990987226006,0.8050829026065917,1.0
152.67451527535897,47.89112071524706,20.621964800989794,80.5724663581058,0.8500506929392141,1.0
98.91893280881939,27.825704115270305,14.5992506532658,79.05581183598215,0.793601878274466,1.0
90.96786126385915,39.45670084945509,22.459872115909285,67.19927617071924,0.7655852106302055,1.0
38.16891920627563,11.44847438512932,4.882200137676207,165.6172875367749,0.21543968523369894,0.0
46.957975244219185,6.490390946484201,4.26338554858675,109.57025866189609,0.5927047855136658,0.0
141.6984685894778,42.213536880545476,7.500064099136896,52.013029129111764,0.8361417393381372,1.0
85.63752319602433,29.11496931915358,21.567450581293024,58.03026044786226,0.8596754547196569,1.0
123.09707686463672,45.96679888456165,12.983580605320368,70.01003323527486,0.9832268270316303,1.0
104.74882669807188,33.48524855881198,19.950415111262345,77.86042706734986,0.8510223875212685,1.0
56.40446246556337,9.250479559196837,5.252634071412045,154.64770853049157,0.23256834911387442,0.0
58.24162480690136,3.220871565292132,5.463279854012665,138.8333018059004,0.252438737879759,0.0
102.27855745727555,43.04891974236206,18.791132818698557,69.24743031802231,0.8276796844097687,1.0
132.79092299530902,50.07162079842604,6.05320010496607,64.55359435773303,0.846038221775094,1.0
99.88464045052693,43.66903521629123,13.028978341410015,74.82659116653704,0.7566861010696639,1.0
119.16404905399752,44.85894933045986,18.142499441704672,63.90715386209364,0.8271528499829772,1.0
72.7613121530353,16.54856024679151,3.5983073328347492,105.20651671429957,0.36648539117708445,0.0
47.4170199731742,13.740354828752608,4.616480444562863,151.44859009310642,0.23540686259382324,0.0
58.323328071596954,10.091494217433667,5.351716336864593,159.3437361377654,0.33844134461434355,0.0
124.3988656645077,39.13105147018916,16.200120644646034,87.75925879210433,0.9075476500902335,1.0
62.25668432913153,11.126777658288232,2.765521584872566,135.6048658131936,0.2963576262688673,0.0
102.28986738181943,42.80253464905974,16.037463112030707,58.75977144356358,0.7372143818686953,1.0
88.23417311572341,31.388467406291362,19.069562965719538,67.38775601058269,0.903503398103486,1.0
99.8671225790389,22.953275948672953,13.717719103209259,89.2363207274519,0.7645911820884964,1.0
94.04307279445248,12.490494321360032,6.788537895142267,149.99609000651932,0.23660009524035952,0.0
80.16457556877,15.909530695485708,8.041203650352752,167.2260345961579,0.34454016959671996,0.0
137.29433305913474,56.08524633044686,10.588678850680527,79.92155815664475,0.7459622292479045,1.0
98.23118093733942,12.8296805453406,5.287432034836174,165.16559701700228,0.2844546091796503,0.0
67.49789840442641,17.11338079072285,6.054181540591038,161.2269989805399,0.19685038759605056,0.0
45.784454961387745,4.050835046796195,5.399136692099566,167.96462366053575,0.17471280618171375,0.0
81.75509970324453,9.540679284027597,6.04008197205557,152.66625014587106,0.21801891374938795,0.0
78.84986143913251,6.984911956304709,6.224917751500109,126.77824463532245,0.2543837040530016,0.0
84.94900300240461,32.48692918380714,15.469678056255848,55.14366305973281,0.7520839545259189,1.0
71.98363475870534,11.579406932799028,4.878254133937516,181.43078122003018,0.39700252896153876,0.0
140.3463479460085,50.50234686849343,9.287873868872381,88.661384540149,0.8767026990069589,1.0
92.03929698481276,23.404282017705782,6.548997068505553,55.341278509402926,0.921567769984095,1.0
74.90637927251868,23.876446532302417,10.408257224019621,86.77675862565418,0.8591720658970853,1.0
51.750810556378866,13.589649274781628,2.3976389039417874,154.77902587858338,0.5247341740086937,0.0
60.86908471838422,0.096624759299484,2.683794319195197,154.48692865545448,0.23104185454710224,0.0
67.78566522934787,7.642968946063551,3.8086101347987986,106.46058915554983,0.400136212855108,0.0
128.40507552245387,47.50901465915315,9.798147128969003,61.76024373071894,0.769827908766199,1.0
85.64527796537911,30.453208181303875,15.697846885012412,75.05306889561415,0.9035373800607605,1.0
73.99449440532946,40.832261264845016,16.30166919240333,60.4347406542116,0.7404959201470854,1.0
139.89583796844013,48.15599969490208,16.53738721799047,75.04417038126057,0.8964446471454482,1.0
56.99628049826711,26.122994400867675,6.873361708499255,135.61374338324947,0.1920642373977144,0.0
123.40421069581721,45.703894297634406,15.232430853110806,67.01769379698209,0.7978767594048204,1.0
124.60617061386438,44.35390693438194,14.59637506349324,85.11071079408154,0.7099164345401431,1.0
58.81419203109135,5.649481375492879,4.272167816195888,124.6865690267105,0.22280565735800828,0.0
39.16212964654697,17.720737268253668,6.1901117041238525,154.223962956523,0.32665177561043024,0.0
48.49972190249124,6.197698219772955,6.227899660459492,116.55711175236796,0.34935338245396713,0.0
53.855368436330636,10.31039481233033,2.553217924666624,133.86824734826777,0.338553666796067,0.0
57.54779272523713,19.22239411884964,4.589493018723163,118.99203818751215,0.26034573323824683,0.0
87.70081200178049,8.117803316808121,3.9754010397761665,172.4475328112638,0.16948089911232586,0.0
80.3063969307535,11.131744716355552,4.608464912315272,157.7248431243155,0.31329792429774095,0.0
35.69091095536584,4.580915931048204,5.1924441311734775,120.5803808723675,0.16355066544633529,0.0
69.10371202453165,8.992266634476447,2.5771179564786735,161.3010507864546,0.21841970967320345,0.0
47.277044228905645,19.85471890021223,3.9322253163731093,138.21782013316493,0.25291806096070857,0.0
69.38138149847941,2.2845674834385434,8.540993938546707,152.128301445756,0.38322811282141456,0.0
85.66760308618598,32.76280173828789,17.53666306200918,68.14944384664474,0.8100884133527027,1.0
55.83735754681475,19.225999149258488,4.421618055681998,148.15321194282294,0.2610573528539684,0.0
142.35965615471326,52.26972654650036,11.668757553159326,86.47241300739316,0.8620456686491011,1.0
67.10480851147626,12.192955255481039,8.212204626335573,137.87547085974424,0.46355348007684033,0.0
77.75470251893854,13.536268042605837,9.06878838837934,151.76017966318437,0.3859863039651195,0.0
71.69232948881208,35.373736155456896,19.69801996100684,70.6966786834118,0.7532698157842131,1.0
68.18168433383661,24.915127858634563,4.9204563779175565,162.76128623179736,0.2929502656909416,0.0
55.9124038089208,5.806173042331345,0.15803171106883163,159.21824251618932,0.28348652929725243,0.0
85.64600005997809,50.0378567569736,16.5914712543386,64.49052494991452,0.6531658210279633,1.0
99.6643863506273,33.08187602205879,14.451512702694922,80.91237098646926,0.8050953354675296,1.0
96.50886908473464,38.87571930420258,2.070779059306936,52.23069190229289,0.6609724606114317,1.0
88.27650418553058,24.662391789289536,9.383978838247561,72.1811083276999,1.0243473001808432,1.0
81.26285781328147,44.17353837626407,13.285993724004225,63.5775784416067,0.8639977265141192,1.0
47.13198273244164,18.348426233556115,3.8104396226496067,126.17857845392933,0.36953086779191363,0.0
53.32639627073045,-1.5542316781697032,4.541839305737822,153.22435959752673,0.1856669265889649,0.0
61.462807350017854,10.849661627915431,5.086839044921717,142.78238888065388,0.24975961164123114,0.0
101.66024376356879,37.2840985405077,17.89285108856486,68.7201213557201,0.8300335236800975,1.0
106.08084409578491,22.10560803648095,9.432771159508297,68.58513117725794,0.7948226071835638,1.0
78.02655295067083,9.0476699688016,3.5859402693519447,174.94495296508978,0.36112415172614054,0.0
64.9592287437342,4.158980227574819,2.9679199517254706,159.54940908798673,0.24276970732542533,0.0
90.78850028786245,47.300752096516526,12.615516985026332,66.50719617770338,0.8116894997375043,1.0
103.15918615824167,23.682253193622543,13.65031891630354,92.64552884251839,0.6511227350773161,1.0
130.75890025625642,54.51805583969254,13.152726100069849,58.28131204857238,0.8266269197880006,1.0
80.53378494518353,44.058243577567005,17.892640887961615,73.02131278085935,0.8162345206528722,1.0
81.50234970233036,2.1655042099494626,-0.7468771749662944,119.20571438295876,0.3453337914805344,0.0
75.19379497169415,16.192154959596174,6.532615175813873,160.61219560842807,0.28299598086323097,0.0
98.52604283751772,18.000720680882193,16.28707645186334,75.16290670232102,0.7516948839003661,1.0
129.39261775307554,38.14411474703385,10.251138004939827,76.33432020810778,0.8986993885428778,1.0
113.97788108001453,62.86827102995036,15.812569388196415,69.35565150506002,0.6546258928246153,1.0
60.69156443653804,15.672149688161692,4.790864856239504,142.26403387829637,0.22855491545086384,0.0
27.347168582037952,9.53496977904048,4.1821619359290665,138.83284322786614,0.29287646749780183,0.0
109.10855733885268,57.3412916509447,17.040983329966572,79.5054351415766,0.7002358162905914,1.0
63.78542593569697,7.60417000670717,2.3703865284143357,164.75810288143262,0.15923970158330655,0.0
122.30253512211269,40.98610687110327,14.070400443526573,88.23080513454744,0.6674816245244379,1.0
61.54908000850666,6.6076733202439035,5.991010615603205,149.53426652022398,0.21090211284105467,0.0
56.42756655479756,-0.10698794946800305,5.247736044115927,138.32216932858736,0.3134717686832602,0.0
74.14026183961158,6.763352664364561,4.500923981520172,169.04094208159373,0.06846894219956362,0.0
100.74960947866485,-4.330558985387524,3.0467438526000663,188.85264599516373,0.5838890238360699,0.0
32.70198832677543,6.75813154475185,1.9382732724468084,157.8773657146509,0.20722662557971674,0.0
110.09740438782967,38.65029233728143,14.873490192837943,71.37512990124267,0.9996778160406697,1.0
78.86329402120282,5.434580095942804,4.914543954577718,129.46326301401422,0.20826158194901898,0.0
102.13154312054643,34.29701956928724,26.33982367489133,66.06886214668911,0.8188845366591769,1.0
69.75656509528686,16.50952345637573,4.37088273227629,131.09868698677548,0.32260878443965524,0.0
73.10540854595702,7.025823996493235,1.7091456392957252,129.4224339915108,0.5634112780741451,0.0
72.81968709677253,15.533848603259962,3.0609392984717667,134.5435090319159,0.38742842391426174,0.0
109.1734041190684,30.399824984603644,8.514857042643413,57.00019314477834,0.7423132627635857,1.0
111.65444609014433,48.465710299257104,26.341937314619013,68.71900601654536,0.9057396567894611,1.0
113.8268904925354,59.40384223430293,13.857254994223869,86.11843835637494,0.8319086392022492,1.0
71.8697789984181,8.17500626826653,8.41273432664846,130.24818194727476,0.4681641724260329,0.0
76.33863426392742,7.159262610491718,6.073098180481225,131.3409840647121,0.46991454305962743,0.0
71.98204639901091,3.1004382697471913,8.32854295084024,144.01874542298467,0.3589705209309959,0.0
78.91113863038774,20.819621695037938,4.547243220202589,171.15799989764596,0.27911939811673797,0.0
52.866779260706785,4.717523807191948,4.5970293542574865,157.9177855750769,0.21849601332220064,0.0
59.27671288633802,3.8054476867001785,6.871681395805403,96.65968514704244,0.3426883235933679,0.0
110.88532748536117,48.05469821061526,10.269562850313275,46.94760814460675,0.7265515168856269,1.0
123.61762971010933,43.740646985906615,4.7190601540364945,61.73883850643121,0.770473376696409,1.0
128.87970446704213,62.16508418969387,6.178719955612507,79.11796382246303,0.8897256325464578,1.0
45.05911811293824,9.4726243866364,4.165761890787066,172.10005790029425,0.28235175695292913,0.0
108.48683679840875,36.95494473260937,15.028174298119856,68.13628282585516,0.6747088649362779,1.0
64.79893293571533,11.912206258510066,5.420640691012095,174.33306017510725,0.452028906878964,0.0
104.85900104955171,45.79177343244552,14.150147808957861,65.1241345300044,0.8950564269165714,1.0
69.61035364594028,8.23730604588546,8.344339333107413,166.27286036757843,0.21501124075426842,0.0
50.547951124195535,1.6741282739855095,7.819683441911888,176.7206751963067,0.37494637070552694,0.0
127.54462288421038,34.71818298375804,20.934779857364333,87.42453669520863,0.8486386776328392,1.0
97.97335776976182,38.915464769531525,21.88368887047259,64.2704286123745,0.9132635307190832,1.0
93.70190782176344,31.999211710568446,21.145611817882454,47.691890108237516,0.7089160949719394,1.0
57.34851288381229,11.288429890590898,3.292368608782252,143.10987966082942,0.23891802062357553,0.0
65.92951484776147,16.629253401282284,4.538812582018986,144.43095765885096,0.25585730937906226,0.0
34.39366329654618,14.661363199733987,5.805567044756793,146.29577003408315,0.28570690056596526,0.0
55.79507539296336,11.136568068882607,2.160824700704544,155.36383577472162,0.2227423014685906,0.0
99.44972528482552,27.40002431730084,11.406968913069232,65.86155496256157,0.7400347566926911,1.0
109.47535617104441,45.92616005995105,16.254953991073503,64.96763123493723,0.7135613355593906,1.0
73.16865530137594,5.92584407252764,4.061430654003171,152.98990373813066,0.26339750925616634,0.0
59.23151758087695,13.699386949000186,4.933707929359252,137.17646644592423,0.3784547874708628,0.0
103.95454010275603,40.373037912785826,12.329864894151193,60.01232815520075,0.7151456033090708,1.0
77.03026738561933,3.315255426294793,0.9817688702522096,126.1852639260878,0.28675485133888134,0.0
78.4630716654848,36.52099232312214,23.328772785437927,68.04309709448259,0.7395639035250563,1.0
75.09443230075422,15.087172251557938,7.649238450189822,125.88891916100545,0.09795083200542426,0.0
108.27072519845862,46.3489546381661,14.791342368405425,73.58275519825001,0.7866059036001614,1.0
130.3714157733876,17.6409013274907,18.120811493199934,61.48625633093495,0.9521261429713735,1.0
40.73261945377578,13.263378761015598,7.057305306755259,180.7811501331147,0.28292086737111594,0.0
66.57751823535366,9.761421121519595,5.3146573748646135,185.85586025833499,0.2375289989487154,0.0
143.63564546035573,44.44913864908748,12.694188077985647,56.35670933103427,0.7596985808165899,1.0
93.52250208925975,5.703937504225351,3.681599520568492,148.574792943557,0.2872348692206424,0.0
77.68621680623949,36.821393373699564,13.81137912216922,50.14263677906243,0.7188967837565782,1.0
69.4696600482703,30.133827486324982,15.213151131373186,79.91241258892947,0.8153033699446728,1.0
105.82074376853848,5.417346839676635,4.600625302022585,150.66392623168554,0.4600116262835157,0.0
105.41606767052079,59.68307005512409,6.756170797477651,71.20090719343604,0.7264847134650733,1.0
86.65720401820968,45.306229015372466,15.40796738678135,61.643724344725,0.8744775359879253,1.0
94.92416026840128,35.48268227151224,11.551834258512166,63.247108727436284,0.7844628184233603,1.0
117.25309425574524,47.46172090823387,17.736246019605687,69.4179595874328,0.8446897487983317,1.0
83.84218859257594,7.003010501057608,6.181778369388481,136.83285328378102,0.37055849458270085,0.0
81.54465606960486,17.596664804812793,4.353379876193331,149.0021517851252,0.4790895541910968,0.0
58.6200211761104,12.672209996107668,1.2389111152013048,137.14026902447264,0.38340813726171735,0.0
62.507616439658975,6.3284868538417784,5.671660700705244,165.26776640651798,0.2589465079574957,0.0
119.40708248872713,38.76152992466997,10.389287050092575,75.5330916001625,0.7189111445884437,1.0
45.483038820342,17.01625861783195,4.546194128225351,151.6497113310894,0.3048818962184355,0.0
146.1132544923924,43.211577745834646,19.62199644341656,90.79659153113775,0.7548482279856872,1.0
101.4282447284263,40.51783144494606,17.095294664411337,71.594759381891,0.834835101936072,1.0
67.15219846476397,7.716790345226171,4.063882704103877,155.99065356575636,0.2710410644845579,0.0
105.55112263282585,45.14137261482481,16.322580841568456,62.80087963583353,0.689413235937492,1.0
52.04488753268733,2.911695064508243,3.8907632135498633,116.23050553164987,0.36759122303852404,0.0
96.04392306911531,36.438581267430955,21.848640659676104,78.93787646585643,0.9040943340106189,1.0
106.77192431060067,25.997172948985465,16.520034216733166,53.3567878167274,0.9757170502784615,1.0
33.475432166838715,5.853796446425865,2.1349900396772474,145.3306256450303,0.2988877551755164,0.0
137.15758123081162,42.32124822110229,21.03401387240968,63.406673574656324,0.7517593813667897,1.0
75.3792570337728,11.492627753821285,4.712257406136008,163.27921980025428,0.27282843309431115,0.0
133.74349999323496,43.513236884285696,15.194382748478196,64.36845080894389,0.8048426800650824,1.0
56.56874938126307,8.867597685065835,4.575063646679041,137.9434425358374,0.30088679779452776,0.0
56.748901463526835,12.658637284666998,0.9156774820090217,143.1678225723913,0.2618356815742368,0.0
78.31376391402917,2.227049203449236,4.743446957755636,158.76733173510675,0.3122439228397465,0.0
106.32430750055644,47.368862923002716,17.104480298808923,74.2318537527376,0.5990904593153055,1.0
133.8717623745478,10.860063710053645,17.836318453182415,75.26051967874984,0.7981187891213929,1.0
41.00957526468777,5.619065890930645,1.8374197578182003,144.86389047744916,0.14018152000992207,0.0
50.16691456854871,3.93060098939218,8.25179673066716,146.06502610095436,0.3435860450561389,0.0
144.37083702808997,37.627611651536526,15.207962691189836,72.81529380123524,0.7479295436977136,1.0
142.29232336196878,46.00931034826705,29.769093190205666,70.6681085057334,0.854618535378699,1.0
112.55176968939597,42.41322232470332,12.908910693696352,59.413030675700874,0.7885591704364512,1.0
38.02162704283204,7.796547940985355,5.289750910937242,147.88216754513576,0.3332760675813203,0.0
54.39956678013407,7.913391597884861,3.5493243559978316,156.61222127319715,0.36614924750223726,0.0
71.71290856838183,16.25425923468186,6.077070906653302,142.28999630168175,0.4933565820056576,0.0
73.278772453742,24.306004431846883,22.002282029321925,79.75019455424177,0.9237382675829381,1.0
138.56526337193174,39.33428968915916,16.084184180746647,66.3569758921326,0.7762906367621163,1.0
48.905560981275144,16.671224472010422,6.322967443019854,151.1451292080186,0.46183838279017786,0.0
128.13154496639996,43.077811715253155,14.784090852964427,89.05674357678654,0.7569702949593238,1.0
24.918655180745034,13.059721947738296,4.854482747113126,134.19471818361896,0.23915451856158085,0.0
79.07983732249858,6.90152425333018,4.943996191696433,132.38596305198388,0.28397456397794213,0.0
111.85941996939889,55.23990782308396,9.045890826723623,68.28251577122862,0.9338555714738385,1.0
106.45017323512448,32.99381687024976,17.929194630613182,83.30789070313114,0.8335212664089023,1.0
58.30351697753391,10.641743925979682,7.234670073660389,157.6045935896417,0.31763964131543504,0.0
41.17895985741235,17.211578030417233,3.860841099487323,151.1753177017885,0.4473646586263478,0.0
137.56497499576486,45.52737258401824,13.309275457628642,82.2612899479343,0.9012310297984557,1.0
104.97298775038729,34.01682648403902,5.73514613426136,78.53400056914325,0.9184318832769414,1.0
60.85691601833182,3.184885373642814,3.403161662764515,152.32752966925244,0.2770861320646677,0.0
103.8763246601173,48.16066810647433,21.68679953684892,73.97258806287215,0.9779781313994649,1.0
54.040064021656114,9.566556246390935,3.4587584906766384,150.7720809021673,0.25204425050906054,0.0
98.3360120729806,24.99136830554304,13.529923624777037,59.863546494708885,0.8081595697632409,1.0
73.68253524666626,-3.24738111633728,4.662913948850302,183.57208258236608,0.37148183722015216,0.0
64.63901923323596,14.438814098576493,0.5161661851045958,142.97896694222314,0.08796099071057115,0.0
78.49832312166578,7.630497225880817,6.080373678842017,143.34873625407224,0.2824459410257075,0.0
62.23328285926355,19.404486945304313,0.7270500877912545,156.6166207453554,0.3451579127319792,0.0
55.57442662467917,21.57307462032453,2.5143577884722212,171.84640614743347,0.4428921037909119,0.0
49.94604737673611,10.515349918095172,2.7246017345004,156.41344632548436,0.10839144288446945,0.0
57.605046115324406,13.121264242642631,5.299766927023123,171.58825992257596,0.27969684660504224,0.0
34.644743332676136,12.638988513037944,5.526812673831676,170.68662127938217,0.27285019787756476,0.0
42.11432230689455,59.68941586283523,12.614952255703665,77.25439329303211,0.835506326854431,1.0
99.54780093834124,51.79839579628712,12.47564019947477,78.47631273318622,0.6823295768427381,1.0
145.89351213994928,31.599560012129103,14.26603118620477,71.24710553378775,0.930095680071719,1.0
54.75773819381217,0.3091987065549233,1.775296127207528,164.83007720937556,0.23842327107926825,0.0
48.3424126290379,3.033696031605971,5.6680878927240785,159.7038554793832,0.2574323205375816,0.0
149.3547343287629,15.322548830365534,19.058967510359174,80.55549533428038,0.833430607057767,1.0
58.136457262523784,15.428451251263592,-0.08477239036508255,159.83013911833208,0.41676042659336204,0.0
35.64454227573023,13.994140778349609,8.222254232258926,177.2690705346741,0.25551100607698474,0.0
42.6009744928537,18.566983756811887,5.024836052189047,183.4953209619435,0.3581465126059769,0.0
57.98226517986697,7.96953007155232,4.820582630128057,119.54575011188402,0.2842191691335916,0.0
46.599407008154216,5.176897217351972,3.147187706638624,91.58636408895882,0.16577229678214483,0.0
137.20992892239292,47.11752349657431,20.172141722401076,85.7674489786805,0.7280640406693512,1.0
134.1520145274207,33.34167738769134,21.25268391819555,84.03583312634156,0.9644318164360357,1.0
74.9186099485119,13.160930998547485,5.003916783444526,155.19075544910532,0.3863267805868553,0.0
50.61598448139223,12.582290608551077,2.0507187079913884,145.50951491083765,0.3796659381726251,0.0
87.36220255461365,10.790765189743105,5.076025185135519,191.96162373522102,0.25165428351998714,0.0
106.02914086391317,50.59071505544911,21.687095485006065,60.58318527193048,0.9388545833618871,1.0
31.005285321267575,8.534377281545888,4.823707279748314,152.4106973224748,0.4328734696533286,0.0
79.01538550390666,33.371777489360255,12.695576840330247,77.4703044209862,0.6807876449070674,1.0
100.24129246584788,41.93486015515777,23.265415423069534,76.38318034538318,0.8432575178686901,1.0
60.62993707783849,18.053832729158955,5.323623062866783,154.69786025376484,0.4167371581195318,0.0
96.32760858633779,34.60283153167464,12.722739661128061,73.14219879365207,0.7564293523579502,1.0
78.12747559856945,65.06237768452701,12.456634020506412,60.69853365494437,0.8092810408382121,1.0
117.58418678286864,32.964407362196255,16.29754599682831,55.32529202665974,0.8075300638115043,1.0
48.70074453174457,22.151270806517335,3.029346365443542,155.0346066254977,0.28651209389522947,0.0
127.55978196859144,55.82593807973188,10.469006914385858,70.8956607006161,0.4979224020688382,1.0
84.93560242033347,50.50766348145204,4.514669166036256,74.15478654481042,0.6605970671019675,1.0
105.84136201146015,46.62331852780942,13.827913298844681,73.00308434368534,0.7272982833309121,1.0
48.85812086541633,9.689269985322838,5.5434512844981505,131.1224999598283,0.31025032484371584,0.0
128.10456886277257,52.19761875440831,9.427236293025839,74.59366629595159,0.7562487433700985,1.0
46.35867334971135,6.562824437563592,8.409148079898923,156.99177115115015,0.34368783038512524,0.0
70.1790041300063,9.608942448117434,5.140078082418066,197.14507597562545,0.31749899712909846,0.0
72.09744403865123,11.611322097600915,6.733514143421024,154.43004893506162,0.46676415318579323,0.0
45.48270156818479,16.758891229523122,3.9979783192173532,155.4303603497111,0.37384162088678113,0.0
44.984450941258984,11.502816774776038,3.6763563773128407,145.00169997923095,0.3551183188394748,0.0
45.765306782089894,6.813244294940814,6.771538196168686,146.64970215009933,0.08504445487515006,0.0
72.01511822143277,14.35758018938057,6.019411673623058,162.3065068733449,0.3640651887336727,0.0
59.56886001368276,1.7607467850030325,5.5846872506302825,147.4806115701878,0.27355596003516447,0.0
104.72369490888902,36.40641928711263,16.692053003468587,86.0822680427542,0.7812353094850283,1.0
119.93016125033974,45.194522002468304,13.510705937206046,57.464628891116476,0.8472804570382438,1.0
68.16863823494764,12.62611099775577,4.245324369930618,148.70465506398497,0.4392846307860234,0.0
57.459652761339974,4.6021174826016225,8.473198708535216,115.15113017228775,0.2710894943139547,0.0
36.59892251193553,12.687819532526387,6.5004825727513165,157.18820975838835,0.43767595616105326,0.0
142.08144603054012,17.802325801996947,13.232489055533298,84.40685441415938,0.7697400309492979,1.0
71.99324963473569,14.016868110522516,2.6904656595916334,148.61656143049294,0.2275338086834232,0.0
96.76403494565932,48.83897614482007,17.620236537675453,55.272380655064325,0.8650423535208572,1.0
58.51620735157632,7.66529171674698,6.675448694102198,166.26375823406218,0.23807931257523943,0.0
47.51057289839384,7.8746028621315265,5.018823592587764,152.95267545102118,0.2634330450873944,0.0
71.41041901395035,22.800987398574378,5.800283930862914,153.70124697461776,0.41840576998938556,0.0
131.95688873015925,44.721927412872034,15.740375958269633,72.44677992971457,0.7762137046865932,1.0
58.35097091791526,13.170958555479663,4.4688864350815,169.77530929938402,0.3233088822436124,0.0
59.076476941539546,2.9397960883256875,5.376210172061993,137.24398258043743,0.243418286656624,0.0
74.12273514883739,5.138725371153989,4.120090221492284,155.6428103276913,0.3320204059701641,0.0
106.74911135732961,54.05997795346177,8.540622511030111,86.13882319203142,0.9637365640959703,1.0
118.55231898385698,43.796128617981495,9.907063487113277,72.99486229493161,0.7328137384252666,1.0
60.315527840898305,9.641662893725071,5.571353173068252,174.7566523435513,0.3901397035570715,0.0
92.54596127735871,35.71111330734017,22.099856240099406,70.97335579299674,0.7252919232535553,1.0
93.321123546917,39.34874031656474,16.176599405302866,64.72833500122324,0.6389745778642304,1.0
54.2935421575325,6.220055452160878,6.899768975512298,135.22046709015112,0.47075816896825606,0.0
56.33209492133517,6.5756733867004975,5.42460106590692,169.9339967893233,0.25470093712344577,0.0
112.72543921611003,51.11842679069464,11.417237446192106,70.77696941077643,0.8604522034395437,1.0
102.9598969210227,22.763207247506948,12.241633050376503,84.4878506493704,0.746579610148718,1.0
108.74908530327896,40.260740778546925,17.230609064465966,66.19805982621669,0.9130979750720293,1.0
52.378184591999194,15.486428213034998,7.873895991984583,131.44663022020057,0.35896732795548036,0.0
46.09188936733426,5.31400582128955,6.751431735294941,173.72919220022476,0.21007346729547832,0.0
105.45943625498926,34.41101243566813,21.30910851003337,74.80560879035103,0.5983718070672885,1.0
58.39470255769334,11.082959686307674,5.029253627889826,139.65581154669297,0.3718749011036183,0.0
24.83005741781804,36.86437361024281,11.58454226401642,50.35887249453809,0.8704243904921094,1.0
76.25601086517031,15.518950943376836,3.9530729424484936,130.62935039522046,0.3498647004850797,0.0
74.15021850714844,13.358524094658568,5.887614591533905,163.83274464178243,0.4102985792784929,0.0
100.50360191997612,33.87138566234877,14.673470325094453,78.0420238424068,0.5832689761826789,1.0
70.59682123961261,13.024394979975765,3.1327796679552593,145.8465613529763,0.24984024609503833,0.0
80.51125529934403,7.372399860645556,7.353295638909255,153.039304977244,0.16939664732604118,0.0
57.67021745825086,6.290859046751764,5.121321425905489,133.2413019422243,0.2465218034841157,0.0
129.95736685194018,20.917811797656018,13.14203617382942,83.29759804657698,0.8303173427189667,1.0
83.39075940226098,39.52037208489702,18.668939402689496,68.76637184167608,0.7910318854827307,1.0
109.13378995865914,45.866508311872224,10.6262640443674,76.59282461576642,0.7962740812612663,1.0
88.20908197680866,30.889923273473272,15.492078234656683,73.78793101604069,0.8651221794827928,1.0
59.479963123370645,17.712754397730688,2.369671089603151,176.20808031158418,0.26263184723686483,0.0
66.73840130340125,12.026245593139727,5.173087235718756,149.34589814113565,0.3160707120561282,0.0
103.21781394962457,43.21132592816689,12.140273564706575,42.882476863244975,0.9453973188782083,1.0
75.40133549065946,11.290444522905547,4.675794244605459,114.54514716328907,0.1988622123603182,0.0
30.420293039872625,11.857357196456062,4.06377749394545,142.9115673516893,0.3087551537607116,0.0
82.08796716263561,39.769903875131575,16.611770808644113,72.69337926963756,0.945781881316735,1.0
94.99060644098964,52.24687133670933,18.00783325126519,79.09776301626671,0.7776791587887856,1.0
115.76838014339009,37.62723950054196,28.057347324800936,61.9263155245894,0.7905370301033634,1.0
79.96800773245808,50.957207290684494,25.571010661606138,62.081363901972786,0.692515682023791,1.0
93.4493255875825,22.008821277524856,26.896703207835202,76.41815758708813,0.7860071278735646,1.0
95.39822593940508,37.28268867422154,17.87212108583882,61.11177916499986,0.6457756492374074,1.0
41.13283362694794,9.01472234262653,7.592117201052176,149.62690856921978,0.2721564393007349,0.0
29.740498982645217,11.021892915440532,1.3529874060095874,120.40234097418147,0.269274505355153,0.0
68.88993145364806,9.21171577709684,5.717161636305882,130.84567064115282,0.29636438183826613,0.0
49.369173237521856,9.643078600977525,6.472448163225697,160.49642411779334,0.5729017348643725,0.0
60.51717758470978,12.36876613094659,3.1246722580498085,158.8244341808002,0.4010741390189807,0.0
102.90491311268514,54.14280531235919,16.37120415763829,66.06325910643696,0.8094241632554862,1.0
55.71574557571143,10.763383982917773,3.880659077956884,151.56171603719065,0.33838322392288767,0.0
67.38797735578862,13.047853865899741,5.980839564181298,175.32246295587566,0.3702492037411146,0.0
109.4282420005113,38.40458277918597,16.554682703628806,64.0626716543299,0.8447877889958041,1.0
92.5846037332092,56.73961411637471,14.318719719208541,64.47034956234867,0.799415911848392,1.0
58.06839132452643,14.06517584250216,7.867642513803576,170.27394444029352,0.3615800865824933,0.0
63.75116147264541,12.378424310714646,4.289267677769221,143.10407005340625,0.27953062433678744,0.0
47.770853768983905,8.210182415068825,2.9662784310555272,141.6727545914201,0.31109889763085424,0.0
49.43670927765998,-2.876013334477264,5.991928034160328,170.88792231607542,0.3751406148356306,0.0
113.80037015905704,17.01988926881625,11.090807886176497,70.05754662546862,0.8260726203201935,1.0
122.90421912788389,46.52924611471622,15.428225847061654,94.81288311508735,0.8598193672646818,1.0
127.19304665627732,33.93194841706026,10.22209415528168,56.497636604898425,0.9563095788983632,1.0
130.29450966531692,10.674260656572372,5.476835652936781,74.36846899912739,0.7955489168685662,1.0
54.35147736158581,8.110048472953384,1.6932838834719428,151.5307077673141,0.3901454398324931,0.0
87.04290145483893,42.96021310887111,12.909946584773927,75.42535192112699,0.8121767192213181,1.0
107.43133297555026,33.65075201608596,15.99799078769262,68.52666810570909,0.8601020905549001,1.0
78.37697263957196,-0.9012682078424632,7.695625920578574,188.0376027416886,0.2732735919681889,0.0
126.99239199364506,29.093220683104885,16.999115091553143,57.91118249985028,0.8383340058288765,1.0
39.487013262143904,11.75080083925285,6.306214402234782,108.04566604195591,0.28140236690446246,0.0
114.70418792630888,48.62607680014787,16.518720965085585,79.63421298138168,0.6987625886603755,1.0
65.06130131464523,13.624494658184382,6.131667665595135,185.59119258449616,0.030444052861333004,0.0
104.10777141168421,35.224059355199216,14.208963617389982,63.02722718800126,0.8211154715330179,1.0
141.29975350086693,25.888396766613386,14.987790692943161,55.76633598740088,0.8257192087515027,1.0
70.6114220578933,7.467506989299468,2.1940811671835467,157.41119471695666,0.35095051220370177,0.0
76.56824320391152,41.36848326372336,12.276185302850754,65.1080997988885,0.7759790220229793,1.0
130.1839841092158,38.44159600422249,12.667263246896699,67.27352023458917,0.8611758847637189,1.0
71.61521779807819,37.41101841317683,17.558780461377893,64.14329241883208,0.7993228268195555,1.0
93.2980467564183,49.16244060868098,11.205869785731242,62.85783606761858,0.921735999211095,1.0
78.10278330181177,14.478965276257085,3.8122630532012987,153.61139092936116,0.2571621020457623,0.0
52.70400501485621,15.265004626097031,1.395240364286249,132.93780874511094,0.40363207859103434,0.0
67.06584416591369,8.453663760260945,5.358606699528769,139.84628745541306,0.33625404890215604,0.0
78.00712004652158,42.32245286080438,11.89267485817811,76.10173637935516,0.7387490945597375,1.0
107.93081439979329,47.8647437627179,21.498743284480696,90.90526955246384,0.8171412675766083,1.0
82.51701804349017,38.49291823374336,8.99603235754899,64.76420612393872,0.665131893306967,1.0
111.88066874236053,34.47546119464968,16.054542287515915,75.53622833895447,0.8706089599243519,1.0
59.58315549406387,3.8802506882640317,0.6588279218705368,140.47468621993806,0.30947644600125856,0.0
108.86058041344049,50.476363291719636,14.382111784137866,75.38336782303904,0.634093924982291,1.0
73.25753741664984,14.234118394149093,8.500667688599457,137.48089860184078,0.2318391381398883,0.0
57.88245318678746,15.3203369138257,4.456154850387764,168.80395803420447,0.14422252894218895,0.0
44.79952559596607,14.993357362262824,6.1836673399691335,132.17984736767517,0.2761141612293082,0.0
118.18087715583428,48.37619216593828,13.15519514188795,82.13851424290232,0.5385750978512457,1.0
55.445099414198815,10.18097761829115,5.808215649374073,165.15740388426417,0.29889359277920957,0.0
52.84298875080246,10.18520737871513,5.577674978601599,155.53282028317378,0.1391536005709862,0.0
94.22371957576736,38.82457038547421,22.2397953628329,79.88515001948227,0.631397402926129,1.0
62.72903668878893,43.288088710967486,11.454781316336565,72.035629636407,0.7528869587682236,1.0
110.9959879818921,51.79152608069067,7.243050191967601,77.56640544321164,0.6846779311591855,1.0
70.36127859039101,7.012796993568616,7.953719355407008,156.75158227363087,0.20127902663838637,0.0
44.61909988818687,25.88203859777416,5.33820707374232,160.34789524152035,0.3551732980137201,0.0
115.95732247483676,37.17595108466816,15.452808303696742,75.07482288673485,0.9118497214245334,1.0
102.1019021269541,33.38281110476298,18.028705617379913,66.17439117713147,0.745709773862264,1.0
44.497393985761605,13.173924703522157,4.997653772445353,115.72614112001051,0.2455129469199226,0.0
49.43580278310419,5.43888935939333,4.760948214324555,141.14583931311722,0.20262699866571043,0.0
73.17205322526772,8.173995494650942,3.5934961254705096,156.74329239897918,0.34440101851596816,0.0
65.88833589026915,14.086343448577942,10.152878573766499,168.91826476593724,0.42382978119089965,0.0
56.117161099800555,2.4917999831026343,2.5489088990830857,150.59002342804268,0.21837537008330415,0.0
123.08087934453845,28.475871982670547,14.18019983999803,74.50111170267789,1.0343504853759842,1.0
84.6729783338699,55.39336958199294,13.369994169367459,74.91806442687756,0.716197472198436,1.0
139.64411427815375,23.34663351594614,23.50961492979846,67.89852699881042,0.8084836349990748,1.0
75.82997144463346,7.0707723341879465,6.018714236075241,125.90987960242609,0.4634038816846805,0.0
102.4878052416587,51.8312198920577,9.256489287645081,63.03221031884084,0.6482704161561221,1.0
99.15398026999561,10.675977517172043,13.496646533202508,54.227203982217254,0.8727015897841772,1.0
119.3179940941603,65.76978731048429,4.537541772846945,63.02320919920561,0.9431750635787542,1.0
75.17028361924267,9.690361169701184,5.210356952014818,137.02190285512012,0.4527336944147849,0.0
97.93890283032086,46.08428489650748,11.799632849261656,61.82035651498474,0.9247046690145055,1.0
113.01275475464135,36.43703795884596,14.187594577812025,75.82025505567374,0.860028738372725,1.0
82.45893329035323,32.57271404475315,16.40107505978254,73.30265568987417,0.8931076487213501,1.0
70.09389461325097,21.103690994459086,4.0109146978779675,154.91272690978,0.3824036288256803,0.0
53.775727628503795,7.836136219839206,7.231916599091772,157.55242503463737,0.2960082869758183,0.0
65.88422342208611,15.45919836404526,5.3933025079026375,160.00165548257644,0.4461600762000968,0.0
143.04758143656116,28.054623407311503,10.141169544577789,74.0874153995452,0.8090894579738258,1.0
55.17750930186284,11.825301816541717,1.5658522722284083,160.31127032162323,0.3220197257252844,0.0
109.62896857907552,42.49102402075756,11.236800725861922,73.35980530523378,0.5657714815570686,1.0
57.15012669897164,15.106803980731558,4.428339926148784,175.53474815372456,0.32830278900682824,0.0
42.82439309013708,12.958925471870467,6.083576041436996,124.07802234914854,0.36641761829785546,0.0
134.1917543467554,20.398105912727196,13.694273747840066,66.31703726748731,0.9594105218732296,1.0
96.46689432456326,16.640666776616353,4.900857708247141,116.9798414397991,0.23896934262836084,0.0
57.99920407967551,14.51268223517517,1.1064546099847665,158.71250480011392,0.3246930645413035,0.0
107.01214036078055,42.179894331608,10.557754401602127,72.73972552024625,0.8957136469896554,1.0
136.50408482986057,41.29323745997591,20.539514697121334,70.6902419192156,0.7558325691761825,1.0
58.99968309547365,-3.7873968684517827,5.137581508189259,152.82927385530306,0.25555535062484,0.0
42.414389166654466,17.988086606999726,5.055632435808892,162.24751631602967,0.32908412252892305,0.0
44.04389591487199,6.4911481722522995,6.206819658490474,164.06187422703056,0.34354821823985426,0.0
147.06491414418235,54.973649017896776,10.772935639498998,74.37239966616781,0.740570553984069,1.0
70.83974718508394,4.691610742040298,3.7976126636998417,128.65652776954585,0.46812897152767213,0.0
152.4214624548586,25.933592760131024,16.383534367743593,66.71583517671705,0.9036552755424535,1.0
77.50874247352911,14.596154764978785,6.194537688976444,162.04661486210378,0.362555220602979,0.0
116.84144808081598,26.726546265698396,6.184485622487193,75.96432565656232,0.9962766542180761,1.0
95.44911425055423,32.75267921388706,11.457620163818719,78.32346055666466,0.8110325553027458,1.0
149.709516762784,44.154133937469226,14.434502936176575,66.09209299003922,0.7052149490883839,1.0
60.57222617183355,12.715893589693351,8.599558546553965,148.82089463693802,0.420507967462564,0.0
121.74878134852514,45.23024684304253,15.955098862702204,66.41372648489637,0.7341537471580103,1.0
81.62609720287463,0.9758221084390577,10.470278666136359,143.1086515930163,0.24412149611930273,0.0
40.300775375356984,9.624110455607656,4.246287398808038,159.5662124848987,0.4065595906280805,0.0
109.7270218599135,38.748241951853124,15.905264639101388,75.560851381945,0.9127370680982636,1.0
62.97603237743485,20.457280493551785,2.2598616144435066,167.89344096749645,0.28353234185622445,0.0
96.17162847102753,28.263286321505703,18.404898666134276,60.1955610982021,0.7641081236311735,1.0
48.145837848514404,7.473774847599316,6.159678903522779,156.6964197959457,0.40462340153907905,0.0
124.36118813361729,55.19529229000586,20.21527008457906,55.54639253093855,0.918680223020649,1.0
48.684582446829886,10.900021889286013,4.634432256996362,157.95797697567153,0.3561285934967485,0.0
37.188624894055565,3.217207759760756,9.307162109678249,156.81317356155745,0.27582727261266504,0.0
102.6801108007143,38.30388014974294,23.706333712079985,69.94540968744737,0.9303511834216287,1.0
91.23778141341579,38.881190099621236,13.470600140041746,63.452981645650695,0.8165389884845524,1.0
44.83769253018433,11.787925978704534,6.691740810902925,123.82432554732122,0.46395153771650355,0.0
59.55501096222415,3.753061136275849,2.8538601206277234,177.73194007526558,0.19308674364553852,0.0
82.87271787804046,0.6063612184083205,7.275336270971232,135.75478170099967,0.40387317610498574,0.0
62.882350739639065,10.598262917240232,3.913686734312289,154.35558370191882,0.2936013630435244,0.0
48.41010549713653,12.984021976985613,5.3035407021212775,181.5827718943245,0.3302739163118733,0.0
103.12823464620037,24.998225683897957,12.282793468088691,59.65102224068424,0.9372614829498913,1.0
41.44373340621063,-2.2694853576870795,1.2196229566657508,160.2979721346617,0.29267320199473185,0.0
40.714793047997034,11.49231178283516,7.692735635944066,149.93030725829334,0.34739201605118153,0.0
122.76852698881693,28.82473896919388,19.808208283497216,60.65644254453829,0.8079406501185766,1.0
142.36932848150528,25.444883702520595,17.865604984542244,63.67190944569299,0.8871830124857295,1.0
143.48476723742186,27.321992827427593,12.716832632300942,83.24972675843142,0.6528905232865716,1.0
131.2620280192744,41.57135824284555,9.796660318012727,90.33029301038312,0.7092869630491283,1.0
83.55694622088413,42.793265294474494,14.195954484935324,75.2668713873625,0.8696533766792475,1.0
99.15255320291054,26.41339290292217,21.827135741065213,66.45137183752226,0.7834416585309032,1.0
141.23794393099672,46.21816503526816,12.844463900597631,65.06289966224249,0.6827742051418471,1.0
34.46744946709494,11.293961082500868,6.442440836044485,167.9442488828303,0.432214195702998,0.0
99.71886011789132,27.209717803195517,8.944580711122168,60.417119352450015,0.8499985162055474,1.0
60.170060274780795,6.4765870574588345,2.3578072006582467,122.12170568970622,0.5690374063049203,0.0
126.93764351071638,35.13262114979581,19.02556419140165,72.57943731055224,0.6907931497835181,1.0
123.25912597952966,23.562879373816447,11.053164302147172,66.39329260479562,0.92809436245682,1.0
116.07727981168122,42.21675202347791,22.337231361548547,39.26283824344773,0.6315205562189357,1.0
120.00026047129498,32.806452394139015,12.578526267925282,73.70970913767668,0.9574678549484821,1.0
50.801076371304376,18.813346342481307,5.489092662789025,136.92281786548156,0.22091293423082758,0.0
104.41347701137627,51.52673029775771,11.770094113207763,79.74206915715253,0.7924449643306777,1.0
155.3729593912139,33.01506363145464,18.888923622343746,72.18214244625626,0.7846817543148089,1.0
74.5143545195768,12.804721349947137,4.041722906052158,145.7581767496205,0.3763667397345893,0.0
64.92227438793095,3.638860615907367,3.2375836495889687,141.03969564016026,0.3578273207901433,0.0
124.70842521474886,46.500236809414375,16.740422564092043,71.02554956133103,0.8027077773274243,1.0
56.48157070348577,12.360395708610014,3.690531016454274,160.14815650835803,0.22581041548763012,0.0
44.64240879981817,7.78879947384069,3.553241477218308,146.78225591776342,0.3171378006774786,0.0
63.65408028937653,15.440848252337512,8.034818461653806,106.42196653911132,0.35250793602892483,0.0
62.77558196512022,9.23169511020927,4.5809494848668795,141.4306451393707,0.22606913131929549,0.0
55.44257744973422,1.2257618614862142,5.923082027153527,156.97388219748836,0.24701958481306718,0.0
74.09870472112455,15.49081974970211,6.478269122950559,152.52695225179826,0.3293075471144918,0.0
64.42771770111868,6.569528683981726,4.514652040990654,136.99258636480056,0.39334671108541824,0.0
98.44537200414025,40.73244179060378,17.339329699795137,67.5581045338016,0.885864501824254,1.0
70.37525964319408,2.755251955808898,6.817084177792152,159.94085437973638,0.3466271311556972,0.0
140.19449032074283,37.873456227077384,11.998189498264193,57.55502392490886,0.8375816601452373,1.0
54.12261458063163,9.28979869652489,4.442224808057301,159.75714405567436,0.5265373946460326,0.0
116.62303441164717,45.77825365049585,18.174494049477502,63.61761434966098,0.7448876401265103,1.0
91.80686398363122,20.640728337772483,10.560147136916894,67.46501957649346,0.7102894537065816,1.0
77.07369297182463,18.035445580761333,7.258903144462688,166.65476408033948,0.27796011287326616,0.0
46.410504498772205,11.586253896461747,5.733568962708254,159.38263176742558,0.3204707289011448,0.0
75.48314131459904,12.076169873211335,5.864811779822331,152.62223106650555,0.4720466121486636,0.0
101.25923570734156,38.012893726257815,9.682903740704855,79.92845144675054,0.7289262621280457,1.0
84.18782309845875,48.3294395599809,20.161033977489495,61.49289403359373,0.8193225807445812,1.0
49.12247503300537,8.78006525865243,5.228834465535266,156.22349234748995,0.3506871833081605,0.0
63.23041087651924,11.3746851679686,2.838691560477603,146.22372982757344,0.21515904115077722,0.0
38.63903119743468,17.808943087514066,4.608894384196757,131.8017459603798,0.23487454969473104,0.0
73.21297186800426,15.687957766688376,3.200822575719553,149.150732165088,0.28118999040074466,0.0
53.142634650051086,11.508346921389894,5.121793711591436,179.45608401679965,0.23236402398081596,0.0
121.42443762861862,40.814390451362435,12.757051659715316,55.12294868483002,0.663936602817273,1.0
108.03170106513674,44.014153356923444,18.25904797953864,81.18212142761564,0.8573056103491316,1.0
112.10961687049112,24.731460569299728,11.22133029949916,77.80420399167728,0.7046808820301051,1.0
110.4697847653707,40.46472542858741,17.31666293359828,74.68038037982016,0.7876336172634977,1.0
69.78781668802226,5.856204610773242,6.1368911716500785,165.66773684886832,0.2732007403378394,0.0
48.01825985986343,17.85816475402593,7.794611142801589,119.94445805084489,0.2959437557517566,0.0
119.43342642848506,43.92375120581051,12.562222417249172,57.890781882721015,0.8273490438100785,1.0
81.7755483985167,15.127241601794765,2.09718538427593,192.28587357413573,0.26827734267005293,0.0
58.49995453963813,12.736224867822592,6.2350253439500705,187.05593602924267,0.1677962844415198,0.0
113.96902355566307,46.9847346284962,10.97954818284298,71.3565120276118,0.8890992989153367,1.0
52.76226560073567,7.556308285437554,1.6574149933714084,145.07527028150423,0.3611805413779053,0.0
131.03533649518138,39.787591957623476,9.528424145911918,68.98770512467112,0.6343387894262995,1.0
132.05603958490389,56.658697151234406,13.510485609861464,63.47757804322575,0.827244386363817,1.0
11.417234908803422,14.385333744811145,4.812278734063168,125.7192403356689,0.1293132716731084,0.0
95.44217077707711,40.13205200695384,8.491175479127177,56.63707172841549,0.852306616800229,1.0
118.70055634560603,54.22004659783677,10.100271025533885,75.14008978426067,0.8295050962682984,1.0
73.5972277866768,13.430547188927825,3.6872014560361706,176.24928660263546,0.3118231823907991,0.0
116.2569864962295,32.309475059685134,5.441009969105314,75.24414653904499,0.8540792697202223,1.0
94.56884755295276,46.19598628878878,19.528418496920224,64.9710226309426,0.887592211600622,1.0
146.02800634169833,46.18801720937488,11.24203909668222,76.47543598411657,0.8552422594644673,1.0
52.568193460358096,13.449937238768168,5.263073664736811,143.0544160623939,0.5343087025828995,0.0
81.92831128210238,40.8736014102141,15.736938634215747,73.01844658179864,0.8648563481449898,1.0
65.28829341580612,13.080254413007312,2.4893117036846855,157.7930313962005,0.09744409804901488,0.0
161.506545789739,37.47826661907088,20.010798451324995,67.47734792698924,0.852788727849785,1.0
70.29608845382769,9.907045319595918,6.557936518873886,127.59120006969852,0.442124319169689,0.0
75.62421776306978,34.71116936677904,17.68674437330068,67.60782926753598,0.6889487444626986,1.0
70.89158039044182,14.807088723718305,8.485734312203695,156.28298284519593,0.2807285704811448,0.0
67.13236506577186,60.45124230149619,11.642103052420183,72.58333119893508,0.7545117872568536,1.0
107.50946054272369,62.824450835832906,12.273595171725827,41.58906798048494,0.7121516374469787,1.0
85.34334379315743,36.835371290058674,2.2976757507161665,49.97830572336292,0.8637031757637843,1.0
90.88418653958544,37.259094212290236,17.32978715393121,78.30911396539577,0.7691312085250187,1.0
39.500385583299305,1.5629808160796177,3.395810862366909,185.24095981843053,0.35464303196072955,0.0
91.1826571308849,32.569006118325206,14.564113142963805,81.52103663767679,0.8486543863968022,1.0
74.11196730632028,15.901243512855457,8.015272074968195,147.57568953962613,0.36036122649976776,0.0
64.382834125983,4.5840903888154365,3.8423975482461383,176.1624428473179,0.33863308205397064,0.0
104.58278038199936,7.313624496694702,6.8769373413326305,169.86027848377236,0.39929108160602017,0.0
68.22990679222218,2.8612506952940144,4.852957505431624,142.43081406539642,0.11748924193258348,0.0
127.91200195706826,50.6448606710277,8.168560448005238,79.802892387362,0.8449366511380857,1.0
77.2591800254888,6.456073406570383,5.16061601817938,144.4131853264617,0.0011866682937862194,0.0
76.07681967342987,-0.95335245686503,6.758059182117925,121.07320682835153,0.3665945284252816,0.0
42.08604889723341,9.419726515416299,2.181062223635874,141.85059793983274,0.33719296970721646,0.0
64.22824961844663,-0.904108702704228,3.3745322890216256,174.30280361882424,0.4399568921988161,0.0
123.25227837534794,31.104803417690647,13.324577284227004,79.34290370152874,0.8735994303364871,1.0
39.76765168602223,18.96884072754535,5.218380849390618,149.6458524476921,0.42426462758032574,0.0
112.78867834619898,19.813759623584886,13.695166538462518,64.45905116715439,0.860965024220546,1.0
55.56051686188361,16.746280786374463,5.812791556726657,117.53867039617464,0.4347138919029776,0.0
53.21248609147108,6.354982377167322,4.949205208791618,147.1621965117254,0.3567941663025956,0.0
101.50937065824351,49.55635549579506,7.783834596327571,69.09060503956584,0.7335715659757213,1.0
58.42245725253966,16.693922466998856,4.068797485921982,152.49653575592933,0.35697481571819206,0.0
119.72332704388145,17.132978308860608,26.642367772198696,81.28916421258555,0.9026824392515971,1.0
86.69537525189665,7.990967665343159,7.261657794468794,139.79998515951436,0.27730115091076935,0.0
117.43924877846462,46.95702618865106,18.49349924851057,75.6510026254707,0.9227746830496997,1.0
77.24513814645226,14.548864771704231,6.447550275031437,119.41596303165775,0.2714669175427715,0.0
94.0345985106215,35.97350390001646,22.547787387268027,82.00601800060082,0.7146374986498232,1.0
105.37986933067101,52.51038948837942,10.993157872674939,61.07538934134911,0.8231077067661112,1.0
81.9130601705761,4.336004760022973,3.9064047345708195,141.94281384119842,0.3776970504771738,0.0
118.96789443240863,57.1627346050026,16.235898455899914,44.14236734230029,0.840370586204614,1.0
53.50262301291444,12.193862726637128,7.113386519807541,169.88510025279763,0.244267465591386,0.0
42.49819555785601,8.100657792126336,8.90514621028178,152.62748753545898,0.2636665347674748,0.0
60.277334786070135,6.604447218968297,5.153100104873154,161.2017069973596,0.25327957036066145,0.0
84.54755634864298,12.410598939371889,3.2302146097767626,144.10223124102572,0.21037557629307013,0.0
90.58463939389983,53.41963104586338,14.638981297125113,52.848039555292274,0.7977595299391561,1.0
105.2308486338352,22.47038661767761,14.468968090329344,68.82879856771876,0.8265813983764887,1.0
103.60219909520103,43.31066807721662,18.553549969459763,62.76999032965171,0.7233101340391968,1.0
25.112332462907453,1.9330645525354946,8.056258477377446,128.32491241452647,0.2929377217181515,0.0
123.6523784676398,49.1127377001808,8.656782222833709,82.15468853649953,0.6473450000699411,1.0
99.15021452786357,34.55294698668736,21.78154243269751,66.84876063428852,0.7727719504122963,1.0
60.54421072085704,10.132770267735363,3.8744977894007304,171.6783608440539,0.41841094372214055,0.0
56.14968314897336,11.795917872601835,1.6036404905063204,166.28912749712032,0.28257654852685427,0.0
121.42222581608411,30.80132143899293,16.30041528825072,55.738645283825946,0.6991971790041144,1.0
52.20688473083869,22.58791545948371,2.9659658571765743,131.1350426527757,0.3399475579344507,0.0
66.98239303895566,13.53399703856175,1.8042023433152683,167.5380207892341,0.15152062092405807,0.0
67.6761623501477,11.766817460437837,4.753347959677609,187.30668436825349,0.2796748773140581,0.0
25.557249687636187,5.727742173224347,6.390613961382401,182.68377727401037,0.17218493083431405,0.0
124.30380371843896,51.26188220053262,16.09397360108624,79.05740908438503,0.6468776106611717,1.0
48.44697054422099,7.774046352246688,2.791250698486586,153.86176888691784,0.31817036345474237,0.0
35.23464004195169,10.241170980224481,3.7240134868453825,142.26997596087608,0.20970229288808015,0.0
44.74427672279778,11.770290648108887,5.73486454801764,143.10666871440887,0.35995833738094246,0.0
134.17599788108873,45.857587564434816,18.76559852212558,84.47788392595432,0.8916100640984274,1.0
82.07548963366416,5.977678561797303,5.628218555579513,137.08790889212284,0.23993597370512743,0.0
121.42597797404638,28.73304372824535,20.22892834929937,78.2439715639884,0.7363505578834899,1.0
118.71364892202175,27.357571563178364,11.665371356432729,65.37337594444465,0.6583710524483466,1.0
41.68236248521535,12.52982366791163,5.37246604833796,132.94541078592732,0.2695561287525984,0.0
46.18162816231917,5.5029638335730136,7.585820331014354,129.5617455097849,0.3549419746511233,0.0
49.00516781315045,10.360449264840081,4.033154995424763,151.16441057297178,0.33883564757888596,0.0
69.0726372791681,20.11595979043028,2.4714499805529195,165.66586916102878,0.35804952159632525,0.0
89.22511117903774,6.895904921066218,3.5884023863080303,134.87795555769492,0.18589531668852444,0.0
76.53466267976935,6.741752770737218,7.515689830746847,187.54048335260515,0.33781979125063655,0.0
117.5306512738241,15.412092207620272,19.43606319869373,68.68851085541716,0.8472934157894376,1.0
71.3583791904702,12.26686368795557,0.919869033745413,143.8539807821152,0.13044479011182228,0.0
63.728210900832046,18.695899588918902,6.561961610566208,152.73798204711525,0.3673379180399483,0.0
141.36588684472662,54.82120070418661,11.944476200291202,67.5340940849927,0.7154603868455369,1.0
106.87474726323543,39.28362703844422,16.84061229655086,66.6627354254733,0.8577605270371131,1.0
57.878806095841554,10.759959955857314,5.004903438060177,158.34330328671203,0.3452817429002483,0.0
72.68429746831234,0.7838677605488833,9.023626060407121,168.3711143596363,0.03898906372048705,0.0
92.92318242272931,47.700631526931616,17.80295339584056,54.051152959836585,0.8341161577369718,1.0
130.3444325437265,34.77970750350392,13.830160430802017,45.26849811206021,0.731969442968482,1.0
115.1139310800321,40.768336906529285,9.855458522837802,79.0189668772961,0.6196852668634277,1.0
45.88565114108282,7.884835817114084,5.915424435806605,171.91350158315203,0.22957099706093964,0.0
60.087429817201226,13.008701801001278,6.032735730420484,138.86535851692088,0.3849217977430095,0.0
81.09422941978605,9.263911545209274,9.181395660508333,156.31127793405403,0.42494436143105474,0.0
94.84703141050358,33.96804203488262,15.663459613210527,60.8064241160755,0.8176109770782726,1.0
147.61028340465566,56.17591831438832,20.01094173409325,74.35086492838487,0.8526615500164741,1.0
104.05193667215667,34.4385124469198,25.686282449587875,86.17235688826324,0.8145732500524344,1.0
94.98316328549106,35.24889469185834,16.080368073569254,53.516972861353686,0.7819660025475197,1.0
112.28902048555182,41.56160263048051,22.432396902152362,53.61530027198715,0.8219486866737252,1.0
115.58435311827462,49.40615161844536,11.097821252160937,82.57368357909088,0.7240874484044072,1.0
50.066401677099634,17.02654094408185,4.181479689424142,115.9840995441613,0.4471262857089193,0.0
63.402831037763825,10.348516936108926,7.232879418387848,167.58341546375394,0.3023225316817586,0.0
63.79646700845444,4.7986721235671315,3.7753199778701845,134.2894041142788,0.322794011343527,0.0
67.12083083014961,38.54868751532573,19.014411018340418,77.18222720487479,0.8978837311671737,1.0
70.33051642333791,0.6553089226247728,5.250879386637812,146.45744812129485,0.4475844238618599,0.0
45.869928662610135,1.846496697870661,4.659958930359503,132.92427725815986,0.5360976688867216,0.0
142.53945730921617,41.823954472624514,15.871224250774203,75.52245131690246,0.630750555409184,1.0
98.72736199336198,25.881466888177087,8.91257649245114,84.82637250824484,0.7769284640027303,1.0
38.03229549193274,12.544242671101017,-0.0028287813379774818,129.9993580776609,0.2919660210852284,0.0
130.1562771316871,32.931853262618226,13.986729385913925,81.82858669948754,0.7471739541067806,1.0
83.69094055119831,42.05998619091873,12.018528247819887,53.23127487848305,0.9936744936071734,1.0
71.97230152863685,10.566568351498464,3.6823407328067175,156.46445868932375,0.24072381359699124,0.0
50.03207066477749,12.317877967093878,2.7688899432251017,191.31745399299803,0.1995913916155871,0.0
51.83874378504869,10.9565450894522,8.426401833715065,140.20850452289832,0.3705855526993552,0.0
104.04056321987296,25.994040137041953,15.781678769936121,71.90400521849634,0.8521238915824871,1.0
52.47117563511739,6.598677012491066,6.934785945165948,157.7297907830406,0.3674550494817256,0.0
43.07121698770888,8.76718172423496,1.1104366322319423,140.4799267855851,0.37547184982986087,0.0
50.99462385075844,8.577672103712356,7.612742106425259,152.03046485969833,0.2246109462079488,0.0
123.62832509397255,46.47629146881478,11.936313066626276,74.35499931413739,0.7044046576206899,1.0
76.5495000371788,11.046945295245656,6.775339999022333,165.26164913467426,0.4475933415213409,0.0
88.83374430364894,45.40092945471679,18.514989500573456,76.34663557055113,0.7606714045361779,1.0
74.9194553646289,1.8359666192726802,3.08696679979794,134.05660512153972,0.3121948739419802,0.0
105.7946546999191,52.46326352955109,14.294649330075876,77.93314667708042,0.8170012396779409,1.0
120.97198224052926,49.451036708304315,11.986672407311621,69.04358506140542,0.8416788105947439,1.0
68.26935228361211,11.306047337213762,6.623382434031624,145.32575032974552,0.34991360969971663,0.0
137.8023363671996,33.652926635105366,12.678511071916784,71.71218199157003,0.7095683337471903,1.0
103.36709862074946,31.08904705041143,13.900203893561361,75.02840146487324,0.7938659574263658,1.0
37.190577239042696,18.56927397907072,6.610930630221705,130.26446983541294,0.2389284326138852,0.0
116.87754381792263,50.904680787409504,11.01995026630049,77.64891808942747,0.6264568501697463,1.0
61.1918398248032,12.784018388943664,7.827650484854516,166.87583806721358,0.3544979264588752,0.0
104.0412419438162,16.60744300156177,9.425912833466699,76.1869726104687,0.7380675309258906,1.0
89.46312448049883,37.6693687810017,16.2787301201507,80.43248600451611,0.8045489725975994,1.0
127.00534625382379,47.62188932020801,12.982615149253055,59.86444831937122,0.7896038553599799,1.0
95.22858939085336,35.92734073030503,10.715144578161656,77.42295458381665,0.7653389247490813,1.0
136.8761397347725,49.74276520519515,16.326204039814048,66.13168428224749,0.9313605494638908,1.0
96.80964101945801,48.54698557118013,12.355838822243303,68.5564473838344,0.8812912328287269,1.0
97.2768341604139,38.151815067493736,24.4415955361582,72.1755729950003,0.6355209756558805,1.0
74.52956576311097,22.782793242741306,1.2719270070497397,134.86093812571337,0.3829765702542855,0.0
72.45104514501806,15.694574310275936,4.575883915710611,156.22640241464484,0.3443319373698423,0.0
96.15483350618769,36.36504566154586,11.749366642827095,69.22572808471527,0.7981904171331339,1.0
74.56786934785025,16.364968946979964,4.724857958831512,151.63751784307132,0.3094227152363141,0.0
118.4901387767358,48.295027217560346,14.944871992064122,60.05368416694264,0.7186656168799023,1.0
116.78102468440305,50.17051828687986,13.008755577579196,68.5413059869059,0.7627975293760888,1.0
103.93396683383634,43.95258444629228,15.110061600409654,73.26351330543545,0.8260856672481471,1.0
135.23513107100976,44.357291310016976,14.259936636512467,59.231317574786814,0.7514792828197262,1.0
78.57291036021314,27.648894476944022,12.662822954908311,71.73376253891689,0.7606754748339319,1.0
67.82523408984889,5.167298142679617,5.018116001952492,159.44158353335786,0.336526777168676,0.0
57.72371655271013,14.547953554150489,8.233367752973535,176.81033592738964,0.21736260408149438,0.0
46.61680896202211,6.196054109539135,4.664218362099322,141.30725417346963,0.13635134242196273,0.0
92.2218107734359,48.176956008729064,17.00176366915396,79.81621026262087,0.8526559022021083,1.0
100.92679318690249,45.14570486850835,15.37870944196666,84.39235958089745,0.9907234506956653,1.0
86.96366473762242,55.47709167075821,11.491902317943694,57.64240064573092,0.8512354230014346,1.0
127.51154082121522,25.876879369492006,20.890400615811142,64.05465906618906,0.6198770654031895,1.0
137.2206872104894,47.231237250070336,19.194025518759183,76.94862841728315,0.7814520428627896,1.0
118.86326185282876,23.61729575396623,17.729113218448212,65.31338444633185,0.6768612271095371,1.0
53.02766567553419,12.099191424069584,10.549463690530654,175.87605166289546,0.4494840998012483,0.0
148.1135640312578,38.525693816968236,9.378778720814637,67.18627524413293,0.6855697907920153,1.0
89.3973630649648,56.25906066068926,11.333334379949127,59.33231085043532,0.7746852815613605,1.0
61.00093320274236,8.53515311595925,6.8897809440641415,167.00056599232084,0.41971926054448544,0.0
90.93436296576783,35.95280971188579,11.493441331366407,70.50234397854526,0.7977314175695124,1.0
107.34444228450023,55.268934794593996,14.332139264502139,70.05510614864708,0.7954527607952846,1.0
73.40384476758766,12.602758732058351,7.632785685501579,121.55612554680762,0.28711150062479307,0.0
125.5479929212315,41.062585494837904,17.48345754326909,64.55338454881593,0.8046082289194082,1.0
103.42794461691695,52.20700587120608,11.06446586489377,56.26953031762227,0.6648570416594815,1.0
127.57254371565728,40.76145509517254,6.165711356574455,87.92479310636416,0.957565706996554,1.0
110.13388576109655,39.131738398992375,15.090973177779555,58.065219935224775,0.715794471387405,1.0
69.957125691477,9.955801728173505,6.227843050737816,160.06157052823335,0.40574041544714473,0.0
97.57182975041498,72.4874186691202,18.27087380758947,58.63850324127922,0.7866438711293307,1.0
63.842915073936574,14.259563627916993,4.9352774384059845,135.43873192520502,0.2982086225082716,0.0
82.13001372730754,40.447302935269654,16.14691304865997,71.19278616430401,0.7470805578981701,1.0
70.4480576202451,30.52401975968514,12.585311205880153,59.409930490229314,0.7520347766850963,1.0
109.17325863803339,44.35136889328284,12.125006860926563,67.2424215231769,0.8282265775187603,1.0
52.82114154623061,7.880479259978339,0.9632416267806114,121.8776716600079,0.23599692491891944,0.0
66.5383596464966,5.008563500370259,3.172399922277509,135.590215035502,0.23640285062230404,0.0
81.8689729919669,10.594308268389051,4.333890872313604,173.63223028655733,0.28492883336467356,0.0
104.91401622936723,25.647761682637345,10.522763518121437,60.26685504670245,0.7115653572470938,1.0
90.05591547683508,38.308006070866384,2.0619745901843967,64.66998249552341,0.7405466810373706,1.0
103.97238977422526,36.638738922977055,14.284416017430745,59.92785874631065,1.00265660078183,1.0
83.4881688479594,26.04114008860506,17.71254627205031,77.9131201934695,0.8781853693360946,1.0
79.64820023101223,8.216196145605615,5.842393349295646,146.39143286682233,0.437582851022876,0.0
25.667232240789453,8.791825130912349,2.9922602924397514,139.87503769752942,0.08393225353501979,0.0
130.97929463269736,28.52776304655388,14.431235186732254,77.64989151077454,0.6992583144145843,1.0
50.28992319266764,1.5571655010035954,2.5772571943070663,135.58478750360308,0.5051767344089191,0.0
112.24029895548504,30.830972075135918,7.579629842574099,72.84575762149481,0.6522404422656525,1.0
109.82213120757723,47.695624647094604,21.806708572814486,71.81955133926924,0.7509526297272432,1.0
85.96138874332428,54.29578975190067,13.267766520989628,63.17502529174377,0.736422589212085,1.0
62.75523881286513,8.616287871989138,3.229453347151392,182.92954869913666,0.3197095844466914,0.0
114.09001277571306,21.55324394669494,17.903077387592162,50.96996008920037,0.8134438266842734,1.0
48.42586330716808,0.045654479609483545,3.714421848041316,135.9531798619377,0.4795967952005795,0.0
87.86624215928364,36.53836061792768,16.998469666474413,56.501572850057464,0.8549854576096152,1.0
32.95312039693823,18.437869494348234,0.9981673813788907,163.18038059131817,0.3477299065083108,0.0
61.24208906332468,7.863214724778457,5.397134323173676,117.57181452945431,0.265235933668938,0.0
121.44161125366085,39.96050061735235,16.02198652476146,61.158662033063536,0.9624356565145876,1.0
91.91545141925388,47.55563115101271,10.445748557172898,83.67808806091313,0.7149227506785891,1.0
65.92907558144086,7.401987228302631,5.180901334953032,140.6410202806317,0.3412300519668484,0.0
107.10076946150505,34.76741504095515,12.315063044770465,71.8530597907358,0.8906120571788247,1.0
124.86035887819806,31.52687034679367,11.814662448759492,87.67547342953804,0.8831059642976504,1.0
92.5747054117629,57.65563430919126,16.991058714008187,44.57917378554769,0.9877072093154293,1.0
31.208856834797388,1.879323979302491,8.241823406104889,175.4487174069838,0.1910330046328478,0.0
109.94593254127312,23.679411446438113,22.665097262939774,80.8065804683504,0.7018345719751726,1.0
137.1670765693788,52.16253156997345,25.083434327660708,92.5410456137038,1.0255844506042293,1.0
36.903990943261604,9.708430412850976,6.90075119527037,177.93166535085402,0.21411108637621784,0.0
135.16387880875664,41.41014042675371,17.952943967155814,72.77251556065245,0.7765517097487706,1.0
106.53193595128472,30.418030070501153,16.430395527991557,78.50099146137597,0.9718921110670312,1.0
93.19101310718965,52.381627276694566,16.94281740070948,70.51036337672706,0.9084543413817587,1.0
51.616523881134576,9.943222614386363,5.415147751775566,159.1716953441669,0.16798616769688735,0.0
55.0722018176939,11.172998080372482,0.6885167411119992,158.5122880244955,0.2885975861173165,0.0
86.99264573693365,3.9005468095767313,-0.11509109021264852,156.1924690722435,0.1624617325141468,0.0
92.46386150642243,33.06569307289434,8.058708740390353,66.41406210624183,0.7878736217043915,1.0
66.65269664276181,13.325390588191436,5.643152300840827,160.442565102632,0.3811632095673311,0.0
128.21085098077393,40.786335917116546,16.4870166001446,71.83406299110247,0.9763065276167401,1.0
74.33472790242348,0.45380113329479066,4.850329903884197,154.23121243570245,0.19564461846544784,0.0
80.11784563855223,15.140354080202505,6.0450418720067995,170.90606131128712,0.22105900624459374,0.0
118.05555918395937,31.393719323929076,17.239539597090996,78.21300296533293,0.9704229150530441,1.0
108.08254430343277,40.27749407490935,12.835926089933935,81.14103895100548,0.6022300070172149,1.0
78.22414435484883,5.912565748878617,7.140753958426364,147.1110692067378,0.09653575662315472,0.0
46.42797539205599,3.434716523645279,6.571668166914861,154.47836942822022,0.4500399361207681,0.0
84.2921609570813,18.063678689123194,3.3308945985734963,114.39754974782404,0.23665523378342632,0.0
74.6832500692304,44.05288225457711,0.0321272837136668,75.92236336051481,0.736073699268846,1.0
143.9737156212941,34.1078363296563,11.372344651047673,87.1402896824276,0.7265551923790051,1.0
74.8425635164437,21.195193033812906,5.333765349211288,109.54875586626247,0.5255268617141672,0.0
61.061093627575026,13.273569145530018,6.297003745109043,130.09843442941843,0.3945438972997062,0.0
45.77564006264599,4.987628541772679,1.8945482261007593,162.98920330577775,0.4085204219696762,0.0
64.14466895597234,48.545934497149744,15.799973928126846,66.55841390548832,0.8542209494421981,1.0
81.11109138503016,24.66108247025092,17.734475078237118,52.26333793371326,0.7969210673688326,1.0
58.62731412389659,5.6670193541043075,6.311437191657252,185.67219993730333,0.3764464949346415,0.0
87.06196122015247,2.846792435906588,6.044081389181624,167.5859572151888,0.27785598309714643,0.0
117.50210392287585,43.36671031691655,4.234895021400364,66.95173046343905,0.716624281629197,1.0
95.02305676626766,45.980826394341655,19.73962357840902,76.7300923679664,0.935344968257991,1.0
46.62270659482901,7.549691456389102,0.3994011757962044,157.16731903226815,0.2203371707843701,0.0
68.65272511989018,10.698223942628486,3.2000497789067546,120.14153100855296,0.4144524950287324,0.0
119.09830630807917,30.416955010248955,8.927253386990872,74.69675515864816,0.8740710229667599,1.0
110.81426986839702,50.403376884333035,5.86476191314061,61.1543848956813,0.6207341159526691,1.0
45.7813018440243,7.9072706126752355,8.602396384867129,110.8995086909619,0.2697189373084406,0.0
44.16256661952764,10.051191304766176,7.282064543856816,195.97453363225196,0.16397578316662398,0.0
54.6020497403687,15.1819972093172,4.789588395741438,155.30140837036114,0.3799329425180402,0.0
105.65929944017259,35.87222871004926,12.77110379415292,79.81974992355678,0.9240628784523394,1.0
71.32146511355639,10.573258659148202,4.863057231092147,149.7007701670546,0.3647645958711922,0.0
51.265659971078534,-1.5952848849333563,5.031834367742688,141.2097162689021,0.2537738221373882,0.0
94.02231689042362,26.957085951208143,16.83152422520689,57.82974443359429,0.7976255334850463,1.0
47.61590629205073,15.736334040461006,4.546217322794985,135.2493491275411,0.2747025927466272,0.0
74.60145880667432,5.6813836367860455,3.6313434068788117,150.32809527634382,0.2176997246395337,0.0
113.65411439075487,56.08079778639082,12.927013387996162,81.45773942583594,0.7349407210109677,1.0
75.70609910197,6.743249986861791,3.6732005279254807,156.44879773859512,0.30663541455359306,0.0
112.42523340963842,31.104126818639266,13.145845265394575,73.34325493163998,0.8411655977911243,1.0
117.69880010837767,51.313087311725226,18.20942300129393,64.98954976572116,0.7638772606136072,1.0
53.43883676822998,3.095974788331554,4.515451477198284,140.37347980745088,0.27465534422597654,0.0
97.49699736922898,44.35202972928283,13.97593914870323,83.38056369336553,0.8887764758655032,1.0
83.04503597950887,51.162080298600245,6.44093834692571,76.03997425751727,0.7488861010011155,1.0
136.13531351883879,47.705960618443584,21.864675996590524,41.38438513073813,0.7346255367568348,1.0
111.77116605549887,44.839554821977,17.696389891127225,65.0489801626347,0.7258775946368551,1.0
128.78839281029474,49.1412532396873,13.40730505215198,50.836227385361035,0.5838246874692054,1.0
63.60542654900303,8.31485981270909,4.782257226512492,146.8966275634499,0.2835021861498788,0.0
87.5453580543063,43.42326728693602,19.067201953207267,71.07736578202342,0.7002385113528276,1.0
102.93006933505748,40.24198471442515,19.166896317918564,72.93908769631821,0.6991377682336525,1.0
50.25883918054429,-1.5876377468112306,3.321846573807915,113.81841384291613,0.22195359195700823,0.0
101.62476189479078,41.947082730313035,19.75870623519631,59.529470666826484,0.7278791867960187,1.0
112.12109099229306,29.187266386868004,10.56865061676546,61.66183521712715,0.9101360075949787,1.0
103.17485017599152,21.597342557715795,20.424891335516044,75.21785273547789,0.7725026486518721,1.0
35.45087503184802,7.868889558027947,3.6396099582967483,124.64239118399937,0.3560288971913694,0.0
125.10952135085935,44.054773370446846,15.161157702041644,74.5470462131448,0.7264439978937571,1.0
99.18896634536031,43.018983020585516,8.546906321033681,85.09607537540877,0.9006705277616304,1.0
70.76864112876005,3.669906146471238,7.984265309969674,155.61550450212258,0.2138802289088642,0.0
89.65383208321177,44.65379479930589,11.360344159084736,84.93052576664329,0.6665862706179304,1.0
56.386206028419885,9.251416034407903,1.4068769879173826,121.2899813548253,0.025761440723143347,0.0
123.64662268677725,47.70887854587574,19.39273535511231,58.86725056377687,0.7997590723003218,1.0
69.8655697711132,9.7535092944794,4.36893032336933,150.20526399609327,0.18488560018612887,0.0
156.00672758721842,49.77372348193376,8.343844141949905,58.59640758131361,0.7192006732075178,1.0
93.3607574885667,11.910058259504645,6.064387706128807,171.51899903831432,0.32765089094111505,0.0
59.72763430518087,11.326731855619025,8.66737378287967,149.81818213329345,0.2810837725755914,0.0
93.44946884326859,33.52750060344605,17.376196799118517,62.577653395065305,0.827988142415151,1.0
126.48595164806673,49.27643782360923,15.438659617142768,70.2309144749109,0.7692921082654816,1.0
60.07018718571272,17.347181108691238,4.378087277450096,175.23238460734947,0.32558240816027095,0.0
40.391192579059826,14.677821013125559,7.084787167901501,155.5421404186117,0.25088761751308114,0.0
21.927130324024382,9.284447386524487,6.260719153023404,134.38081820451984,0.3920998049745926,0.0
56.587495169287614,11.6753054552637,5.35394759812335,159.68912052463412,0.4349760891072598,0.0
72.93853449212888,19.10055199523231,5.534266025306537,154.3382963192263,0.2751499024783575,0.0
58.360113988657034,6.3802274791146605,4.16387264238192,196.08283512103128,0.5689333485717198,0.0
113.76570060085105,42.67821419453399,9.207457136265763,74.34211731901547,0.8481031996346646,1.0
117.76646506363917,23.573795593771173,20.3639497081668,47.91695968066625,0.8724583794065559,1.0
90.87814915426111,47.08188789954049,11.153503595486832,72.12572634087857,0.7151753753467647,1.0
75.96195560287346,2.6140036695808853,6.018035253934984,152.45991140908848,0.3083482416974192,0.0
78.04754861175617,43.05614707347251,13.281021859723019,66.49235188203492,0.911669444416595,1.0
48.26266768247515,16.979008627507014,5.191522293823756,127.1680919586505,0.23850499327332791,0.0
135.97201103171747,40.281877982495665,15.400278962753239,65.03758885787694,0.8184670209870433,1.0
52.68374532148344,13.67557631028264,6.114770878888624,165.67931696320045,0.35390808135705276,0.0
134.08584907426257,43.28932937230458,11.20056108484161,74.89893719794155,0.7730716560768014,1.0
47.06518964332001,18.713818999084914,5.795096863634404,141.405101550642,0.3942290358628306,0.0
125.32222396941903,38.935871365038054,14.728601196563751,65.17029346491171,0.8505656219513662,1.0
148.84541211037177,27.292140957080253,14.024245068551464,70.44008620231406,0.877003749300399,1.0
102.24917393154732,37.21622339694907,20.48287957127181,78.61989761595474,0.7176852506537151,1.0
141.42312139959705,20.675850620884447,11.238876542069752,55.48874496503814,0.8063811604261785,1.0
60.360353263773185,0.4062369877647729,4.153427278535662,183.7747095730604,0.3906102550525912,0.0
101.52579596461622,33.31165499761678,19.30690196138315,68.61485135510613,0.8034404265851643,1.0
57.75923298970411,12.109372166334488,6.600204949721048,145.51788470626553,0.23271518222505264,0.0
73.5756589692092,-0.9805969006252084,6.948104591899581,161.9333174764269,0.31188673901581365,0.0
118.11606833970419,46.870357631800346,16.310544752130667,73.99912553067603,0.8711285892842568,1.0
148.07416399732392,37.710022814289154,15.900681804790647,78.75677207401972,0.8796328082796053,1.0
88.18242515784587,15.740949206167553,22.400661217574243,78.67536972234733,0.8090888420002834,1.0
89.29440615931576,10.380853345152955,4.286645651627143,152.223775477216,0.2736555785234453,0.0
40.741675554181676,9.024187232388702,9.541848127474534,138.90801469415098,0.2515552408587939,0.0
95.15485027372878,57.18531994520977,15.781522835270277,83.094066729302,0.8964845955103197,1.0
74.17443911142368,31.50301767282287,10.160884470230588,91.50435670435625,0.9586369724149062,1.0
73.33631278148914,8.7183598491245,2.068607235092697,139.08598808278813,0.31300594750832683,0.0
65.67849322865594,7.299418204804349,3.318684200892516,129.8572512718972,0.1748029973627303,0.0
67.58083785032198,13.253084063625918,4.479119013986033,152.86516109645464,0.37501986272705984,0.0
149.43852791668147,38.94592401723977,12.466589012263526,79.58414004649089,0.8971687553108635,1.0
136.75404894341187,35.56394050560534,7.746871751899866,67.12428968708609,0.9060809760587909,1.0
69.18505935146814,15.194839619480831,6.012571550342656,173.38720142935122,0.18265329543530406,0.0
100.45644076134121,49.33854377355791,22.521044612131885,68.65915370595866,0.7293803765959761,1.0
86.12607244643826,26.09786888337389,13.301652276020146,68.88731527270676,0.6605475894305419,1.0
130.02876866977786,32.21689897412804,17.80475915973887,50.48364527106906,0.8194985286141172,1.0
81.94126630861831,6.104079820968599,4.074579850979689,137.23792870423486,0.4846105132097674,0.0
122.0564063447707,44.98321495864234,19.185320362829504,74.62004196337979,0.691125975775343,1.0
70.63600930366987,8.320858096109257,3.7615168794697755,161.0121435489644,0.20773104822256194,0.0
82.18354232174286,10.088403627038883,4.320105563891777,167.5724128947317,0.31830989147541994,0.0
75.41701180805185,15.469356464009234,2.821654704782138,131.17024385830263,0.3028884711153359,0.0
56.19752059786397,14.557225119750395,5.2506333192508885,129.5300720402642,0.4144200185636378,0.0
56.05609188132319,3.164051220480034,5.2532032532284445,141.24954210359587,0.3563313112682649,0.0
86.7804076012984,28.36395829362069,15.353246835207127,76.50974597582615,0.9409354157619794,1.0
93.36923933439064,33.77504906578335,21.679934965072167,56.69574047849908,0.7220241709110026,1.0
78.38498275152934,42.61407128070045,11.196747663812328,72.6746098839954,0.8345036896324772,1.0
84.43328766908007,30.801179216153574,15.511857176137925,79.72027863506247,0.6619164315058714,1.0
41.62415495483623,19.20780772139651,2.9927486311435167,154.51210008916274,0.44814475629926154,0.0
43.74475765644276,18.53823181163819,3.5736065846475897,128.72996314702303,0.14280573363977672,0.0
109.81642285677614,49.97008764877049,15.713188137295084,55.66647588243639,0.8010171689713423,1.0
90.99026597586314,9.030513434904684,4.386390410283936,140.35314524302933,0.2718383344363423,0.0
51.095956087957646,12.070881910680319,4.023619016599641,172.7312235214099,0.31658189251210317,0.0
125.7950403514664,41.69256492965277,12.96517741667648,75.06949310295293,0.9357126129690125,1.0
81.47352080798392,47.25527264692186,13.419580370935474,50.69041192423901,0.5769569603057022,1.0
51.792302983830865,18.727898416135908,5.809029070097964,136.42419996016275,0.31373013669323546,0.0
62.037836871148954,15.028330778587645,6.715335009184714,152.57215060537175,0.3366065320656824,0.0
86.51842679677283,39.65854020340071,5.059628599329264,52.033888267674016,0.9114823952914848,1.0
100.73401248950398,29.660090926494142,11.074849836366404,73.09141871040804,0.9029246402460577,1.0
60.4713288468858,12.469454526153575,4.703613523737138,161.96494358216114,0.28856699433217137,0.0
118.66083408391452,37.771617734762444,16.426160221237286,77.93282066376494,0.7660680658902285,1.0
94.59855157857206,10.891872902654676,0.988272960906559,161.97134676231747,0.3573170899280233,0.0
86.45464025442092,50.48170225222761,17.31521253595861,72.5406707728466,0.6308791384471604,1.0
104.86859416803996,40.875740958201824,18.056598093762204,66.25546122331133,0.6933357804221283,1.0
60.199628210764445,11.28909548043671,3.7078704731613668,132.37898870667175,0.0758536618676598,0.0
49.56705518398427,21.267083989611884,5.1151861673773755,127.67399938334218,0.2130374757985336,0.0
88.97861847817961,44.7522714168555,20.54009829294997,67.62158519927303,0.8557098916635137,1.0
55.65668450838408,13.750924850463264,4.432369818973661,176.57864910662389,0.368541236823633,0.0
95.37549919906036,31.749020956182434,14.184997823466798,75.13134855517465,0.5686382699401655,1.0
139.9204475121943,46.61678215180196,8.860995143284763,82.43236092437157,0.7186977154868814,1.0
36.198640298137384,7.119545469347199,4.207478545883327,164.09131330085418,0.19480211930155572,0.0
100.85644040495832,32.0326605952935,16.8454274401261,80.95400112784976,0.9995282249374678,1.0
47.07839454747052,5.192650771374055,4.42284092335294,145.96125267125504,0.4581007605641028,0.0
91.2384562782009,52.583287705065544,20.96749221379097,74.69606366710778,0.7725756236652682,1.0
112.01927062391842,36.12661853788021,2.481663465686024,59.14381461052824,0.8808743821095776,1.0
77.38663526874798,10.873682224826652,6.949108089950556,111.81076004139949,0.41516670253960414,0.0
105.0449680114071,42.674410415738635,14.950770812681002,75.41354836593902,0.6930392910982374,1.0
122.35181347550079,42.19328245854648,12.624036313033097,54.799029217444854,0.8678352096736673,1.0
121.03538361756596,40.37330487057532,6.3160592629131465,69.25287296140132,0.8326261369510046,1.0
132.86931846026997,51.11808548023801,17.012911462977236,75.57222849258189,0.7609984106748587,1.0
97.02842932430958,35.46092324233509,12.75213332561606,75.92513039665995,0.8848142542799899,1.0
62.75514492227564,15.977542163516514,2.035672484226765,171.69766344522975,0.31315468593966156,0.0
53.737914399056784,4.193738493531659,6.628909258311509,177.64536232030963,0.27637206299974604,0.0
138.38962157417575,47.805995827663104,7.2990277729016375,60.345765682121026,0.9499904859637074,1.0
80.92256497895656,9.831559135655098,2.1487317630965737,161.296512772567,0.1795266658580728,0.0
133.64552014592374,50.49778672829234,9.222303420131905,81.87013782158786,0.7477589075592438,1.0
94.50640919502044,17.078232759220203,10.735091338577437,57.284361640178254,0.8183059033711939,1.0
110.96763456310366,36.76362198466357,16.054542443919992,75.5109594002953,0.8110361254925494,1.0
131.91760780753867,29.962818304035487,7.2944786584514905,60.03099195662271,0.7358918989716031,1.0
125.15198652589385,37.829219234042554,19.752765788176834,64.33991671913914,0.7544427716477374,1.0
42.839644618661836,11.375317190752739,5.323638332141271,145.13601027720375,0.1786706919297511,0.0
62.1586764014511,15.304398947832139,2.310447057452562,166.38890077702553,0.3086261298261829,0.0
67.89725684710896,5.184139048593878,3.645447262584103,138.09501026552664,0.16207032542479466,0.0
93.5792234424564,42.579752740456456,14.532543216922921,48.540210774485004,0.7258581604007512,1.0
121.26994652292734,41.04781150493887,9.278684142734196,97.21462080217687,0.7047062871680224,1.0
54.52082936468954,-2.0429633805755145,6.654803743261561,136.954624977981,0.18827090318748174,0.0
77.64372576232464,1.5971331966477607,6.505102433113599,154.9263340675203,0.1822348346041413,0.0
116.11491339540918,17.065659796989653,18.587216318129684,76.0370770351426,0.7025815065799322,1.0
93.31722056472151,58.6152854696239,13.124296475933502,72.19430591710758,0.874117829015396,1.0
84.76896810541716,11.513188006490807,8.45493604697548,170.4820242179947,0.16815245922067443,0.0
61.52786836260057,3.086264169838209,5.935083570601455,161.78510265873408,0.3902459739881168,0.0
26.71704271049289,5.4349636331584685,4.906899797973648,143.90902984284125,0.3248396630874526,0.0
45.34343710891266,12.052423826849958,7.523377362138712,163.91543733482933,0.2534346091622181,0.0
99.88703965361377,46.34901108252316,20.720181170063704,57.336940906037235,0.8045880258497409,1.0
115.84686694318867,37.88197522864662,24.414479538563523,67.34395319969832,0.8977125518630782,1.0
77.05056403656091,2.719087758163993,4.205141820006984,162.7225921858512,0.2759283691124498,0.0
45.11221690007514,17.720269179161534,2.5253478319709703,150.16277870042424,0.3407441270244892,0.0
111.8740040129053,55.05105645878894,12.96364446113925,90.53632068812603,0.8946260657130627,1.0
144.56324056046782,49.302344031977185,11.083757318523023,66.94601788683343,0.7361659277586409,1.0
97.07262643349648,42.112422955771926,17.369816448184785,67.0723598057628,0.8354215114289782,1.0
104.99351181067881,41.23093340425885,25.631840504302943,72.42887195986235,1.0489119974339876,1.0
68.27915368915242,9.895165671717937,4.452916189637126,159.48959338707945,0.22786385984093954,0.0
72.66607302196931,-1.5718597284522922,4.173560147368942,145.5469171443246,0.2966447497079326,0.0
87.86452763778246,15.27104903535808,6.877397790779728,169.67359555817842,0.24379570222588987,0.0
75.08445066363686,36.401953322845415,17.26073807789281,70.84480490495685,0.9001259642159909,1.0
116.23754789364315,31.48140306964958,9.244292116474202,91.21935060884844,0.8263622105607529,1.0
66.98417791363048,5.483387537435503,4.202424837308971,159.9473293654759,0.4171167305119574,0.0
90.4602861752892,43.193333213078546,15.984285559239114,57.23326976666171,0.7837366183840266,1.0
156.74785769239247,41.909999348395544,25.614270186908264,79.891613291102,0.7535068644693107,1.0
116.658255674739,34.36060633669577,11.615822526466443,84.37450250110876,0.8740830666157017,1.0
69.72128292979787,5.5106292444796985,4.229476183805373,153.40423411794683,0.41675269292437367,0.0
54.72833145865435,18.948208009962237,3.8604908207042508,160.18827527526813,0.11818010057187489,0.0
102.216195493248,32.59933174099961,14.112916997586582,71.14622143751618,0.855463788990573,1.0
81.63271824078848,54.328961726692704,16.696618700326518,74.6830912001251,0.6394629789771987,1.0
105.5931058239252,58.807131111544585,17.655730898313028,61.55554177941281,0.741398647717187,1.0
80.32331583440507,11.527094893860536,4.23016577293853,124.88840652188932,0.42016697071144393,0.0
61.17651661623021,3.8431822124083492,3.944666008472076,152.42516950452767,0.20847334539269607,0.0
62.91689549454394,11.329351194489771,2.4441793331951893,155.05298588493008,0.2785647010207114,0.0
112.78260939137554,35.708727109011164,15.111008449532248,61.30078049720251,0.9416152999087467,1.0
101.48577374273782,40.01115323027832,7.571593845677472,64.88845780581843,0.7943395485337859,1.0
91.94498617378233,12.516620635104447,5.946288899630714,97.74780268725976,0.2665159925416111,0.0
57.56522946626403,13.19584717752242,3.9994328481508843,154.37792187216965,0.4234252610520874,0.0
44.005337567680854,0.2102611254546911,4.8528499397605644,131.99171414055306,0.1985949623033151,0.0
91.03534103505481,47.903347257354795,12.577308251847073,49.095245576909974,0.8568878156435862,1.0
136.0950909835336,45.642364980221394,20.509589646859236,54.46018162676174,0.7649906849494087,1.0
86.04751492434417,-0.9910006558584925,8.97941076152073,180.6313061734288,0.3925131493752366,0.0
79.38481355786553,46.348317094795064,19.415822655162884,85.63233562889745,0.7986733724757594,1.0
110.81570573645976,30.32406295189282,16.147141797879783,77.02474653605555,0.933173240999518,1.0
93.04481533413694,17.881494656853324,6.974019230429002,183.80482763947734,0.5077402890432013,0.0
64.46743430105862,7.93612068571204,4.120947115338789,119.40476693322952,0.3258521212682458,0.0
139.45768398296272,24.684749647383708,20.589097614292857,54.1923310778495,0.8227223438300684,1.0
137.46006996589475,31.7583687696418,7.445253882646959,76.82629133500676,0.9348641740714816,1.0
107.63462481470278,41.47423391760566,21.69348349279501,70.95763347372294,0.9526057386944378,1.0
40.93790936655135,8.96847014832668,7.83263215024986,168.7241477300274,0.43244338361458,0.0
25.458454430305522,9.454917183839639,4.0761945317620185,139.96227014353553,0.2793341801219744,0.0
126.62683383405917,47.591469183983776,6.1202332410345885,85.87234242370747,0.8127131878103341,1.0
80.25784793720774,32.287183246304835,14.64265165586654,84.14312528957925,0.8309122268974422,1.0
48.87475289823274,3.916996176478051,4.07938647623768,145.4601304540998,0.0936803473685359,0.0
48.42245568927627,8.220129333022092,2.6812534347330996,127.06098479852062,0.30765232985482965,0.0
102.02899098612049,36.33164070909736,18.855015280366626,70.86322978037894,0.733247393486451,1.0
52.77318878172683,13.032734247062077,6.634913580599518,122.21706075425053,0.20592302912707794,0.0
64.71811952233126,-4.341506606686089,6.365545355289386,166.5138343164953,0.2947252702979083,0.0
96.52093529700046,54.07568986349504,20.92633905441518,58.96537851340348,0.9626283895148742,1.0
67.50479957542568,7.366163486299605,4.026918896169553,141.3062325520976,0.3996434224994828,0.0
65.13604205299991,5.552762265561945,1.306818929761131,145.74652525759808,0.26846175557485386,0.0
132.4556678416705,49.715528048975784,16.30686211798017,84.66739175223648,0.6585450627055266,1.0
38.4597191287869,7.923441260463015,7.859198635016669,142.1977646755951,0.3793674286716287,0.0
94.43672858209717,41.59183853307291,12.107232240762723,72.03942382982711,0.9538686744476249,1.0
101.36539746479609,38.045848804303944,12.372066141083904,59.19844409968265,0.8393473668606787,1.0
98.91007928861494,44.103686846291055,6.943773352785703,76.45830764210493,0.7750727586775137,1.0
57.473765799027255,11.423572949576366,3.2443304670918076,169.63561993171163,0.4370412650032819,0.0
72.57038042316611,9.98174777340304,4.65173398667987,176.91629337261458,0.1940503020268357,0.0
126.29689465951006,33.976870430856344,16.29084850406147,67.62437512714914,0.7981250059486257,1.0
106.08434683772455,56.28674545115325,27.341460880318778,75.7883632680956,0.8062388738136149,1.0
84.51510106803116,8.010003281682506,3.208691449744746,154.87913663034178,0.4652170165038366,0.0
71.76624720427705,8.908479781555483,6.786369836770684,138.7188104120004,0.2324704279245252,0.0
126.5906474478534,44.827709073247185,14.551547319665463,79.56658113502611,0.7779393091582483,1.0
68.59735829404254,8.661264912793687,4.0661902999159105,95.11073701793036,0.2741387156434079,0.0
80.50034819712047,6.696151518947825,3.2545082747495773,157.3109620381705,0.23561096666969888,0.0
62.33724209799968,4.7012023471293665,6.054737199772567,158.81603056335868,0.29610461812583344,0.0
41.87160951853004,13.734127167308799,7.144403761494777,157.50999232911875,0.14380612193024717,0.0
110.79547055483025,33.770645912835185,13.312918028007688,64.92377958472049,0.6867441176152177,1.0
41.928097069544904,10.90330768917195,3.3464280018895654,169.4265549747229,0.2249189771026014,0.0
101.16821884754532,41.95628572516041,17.659524048318218,66.66859891531928,0.8870747144150314,1.0
82.27275712030536,14.430487374544693,6.269197714253975,115.23379042641173,0.24166976949544214,0.0
111.69469834155508,38.19079220653968,11.826623083903995,71.70210710092844,0.8545717975840337,1.0
114.65074390095766,63.57596660007381,13.462635354562984,49.73568947842467,0.8660439823177745,1.0
33.09094429538394,9.233677799012462,3.0034481936028365,158.28599148194544,0.18017986081457804,0.0
100.12163848332338,41.118112815705686,18.804464422635693,76.82412902478931,0.9762508621693435,1.0
48.79066453846112,7.61058464907424,4.6814201690851815,155.20567024491572,0.10466073544917445,0.0
82.82165468571752,9.057384396696596,5.378468789820504,149.9068922177413,0.4206001552036154,0.0
86.60886566607864,8.88766573755601,3.0293083379987986,157.59063144830398,0.43616600180331666,0.0
87.26435742764785,11.533193745851742,4.509114390053449,137.098477718027,0.29463802121958016,0.0
61.91137678819625,9.820922397588914,5.832623722811314,130.49014059509756,0.2983163670561805,0.0
99.17175108798263,45.10991242871887,9.682669770744045,63.39919549253183,0.8101845113780468,1.0
56.52712450177654,6.824637696058397,5.519765797895133,139.77394033371002,0.22499217142361272,0.0
94.19663588067485,60.73509317258243,11.523814221985061,72.3637760393507,0.7440343536508482,1.0
107.08332627469647,38.946014216181624,10.483459047167033,69.77319580888651,0.7551528607285768,1.0
65.9332819865816,1.9201431014172687,6.549090970331693,142.5334740295353,0.37453195998106253,0.0
152.25042437772345,34.00643777540775,13.981943056777526,84.12033009422535,0.8648444834411259,1.0
113.67645245121548,41.7234396269068,16.221129627016893,65.81941793070206,0.6455314784587444,1.0
119.65271766339553,37.39773386822155,13.809870967279966,64.67774020759711,0.7676450743239164,1.0
130.07742593584524,40.75922715471246,18.474003664331466,73.8173532127293,0.5984302100868529,1.0
109.63359380919253,30.816582235203498,16.552277297935845,66.56150792808346,0.7369744930188362,1.0
53.72342103506737,14.161373908976543,6.795918099160675,142.22051410320373,0.25635840258169573,0.0
52.99672941640694,16.99223244413785,5.568933885949391,179.44970501742324,0.4261713911649828,0.0
94.13170653612895,16.78917872581616,2.576795134398832,147.8754529231666,0.4066610145761928,0.0
72.65077894449982,14.898395015457368,4.035634053402585,142.66839018452825,0.18816750617207934,0.0
149.5163623103459,65.23590897086927,15.76572262162877,53.903011797971075,0.7572834173737824,1.0
45.12544512823613,11.82075047481773,2.717262083871008,159.2580267298619,0.3437421585292276,0.0
110.97574553817398,44.52221874816723,17.16591011344243,70.87047220472782,0.7875031185793393,1.0
136.81679371734754,40.992432191996286,20.51624283812552,61.23137957855641,0.9894139567619199,1.0
98.96166336136227,25.77086370073059,19.643512506927102,77.20287658378675,0.6675798725055373,1.0
75.27141981673921,4.295853357877657,6.506919082175155,170.46234242071176,0.247485865416941,0.0
69.44054383550554,10.027041559762855,5.638328374798253,151.94689248298792,0.3169028292920444,0.0
40.03967729001667,5.270488812204119,7.372470060120618,136.16454891115157,0.11250991417050948,0.0
72.29492382265794,12.411371963372268,5.551387370581515,154.61632820350647,0.2453737738040958,0.0
107.33283884198141,32.864362794830164,13.968980240220317,61.22945052672707,0.7591171204131768,1.0
126.68910008537142,29.15563895997908,16.78995120608038,72.953154705001,0.7716868195163586,1.0
42.37300551054826,11.139419062246473,4.434656279186306,173.1233382828608,0.2546286400583287,0.0
64.81812497681251,13.11439347659142,7.227531765895076,179.99098723941194,0.5126248982723681,0.0
76.31999318365257,9.98463596364394,8.14892378342716,136.44250889222963,0.4979565780867254,0.0
110.42317444809424,48.8452668011839,19.09217159409345,59.89389958906855,0.862897511135143,1.0
53.36820132353424,10.250919235240545,4.606479308129672,149.22320067330094,0.36217733324369855,0.0
119.30960263151222,51.99852681027917,13.459660108827142,64.15369709736993,0.7771856838189346,1.0
58.85935650958755,1.8167487968313942,3.062989321510268,159.53951731234514,0.3324899012372617,0.0
63.21781144983778,11.798835536085754,5.62655861191734,148.68945454029495,0.2748821041965229,0.0
57.53362530337608,8.623864349885523,5.220790241536805,139.70050181975523,0.5362242372210362,0.0
61.29387057428502,9.823586213884603,2.4387176722632953,158.0973732223463,0.2832600440929599,0.0
36.815637471170106,10.438583250833046,1.1594601960107025,213.8245180740878,0.3368715238529454,0.0
66.45109117968651,16.420800923258536,8.269374135625565,153.2864103311299,0.03551756400841355,0.0
48.96718056025858,9.841612262684325,2.483825686844709,161.32270016528915,0.23768857827026144,0.0
63.39634649517879,13.605701037732217,2.842795785862163,145.95860004052693,0.2728495996020103,0.0
71.01158524932583,4.453708080492299,4.450325847030168,156.71438133997668,0.3125092192170344,0.0
116.57902357469345,35.02710879078781,12.860905070278125,75.23239047868937,0.9546678886652951,1.0
60.3401145997699,2.4242265678002894,5.1725299426734015,164.2129852805879,0.26533709521819937,0.0
50.66495415922657,11.502786371551071,6.454423470022552,140.82357340817777,0.4412613001905974,0.0
116.63978137238466,36.32058072257402,17.90033795056294,68.17151946530018,0.8658897994690561,1.0
105.80629018948733,36.04369336803241,13.432998377772835,78.23200065154649,0.8908510828150203,1.0
114.79853873335432,40.34419574053325,13.031143415320495,70.27472877919674,0.9065477729917575,1.0
65.18012793819882,49.07967612596798,16.68217519880366,56.64648286264098,0.8105119436492557,1.0
50.83100819815502,9.181173281392669,2.676743990219368,156.04549373925374,0.39020952933675584,0.0
79.77504810530843,9.606034910460412,6.783815446603829,112.30957799274304,0.3090924661277106,0.0
51.16668664598949,11.024038010759014,5.807746281774053,151.8219882735661,0.17907454580141952,0.0
136.73996621520322,49.690445163495106,12.24039721540895,73.14067129265197,0.7723747372695939,1.0
39.42974269165743,8.008000279654382,6.757066932752531,148.4630292442834,0.23541090677818294,0.0
99.42357955291438,50.94114930353802,13.04539497960675,53.582582959489734,0.7296699315332154,1.0
54.8985754818327,14.246938616394313,4.166761946771605,184.3963278809955,0.21330850613331648,0.0
64.05300321572511,10.281607942568934,6.091121377183015,112.73482296445704,0.23456792376529562,0.0
52.778406520857,16.44795586328351,6.952327988018789,175.94263639439043,0.3059305951480459,0.0
65.66879894449215,11.881128206054967,5.66125060518958,179.11764633387173,0.361395188197447,0.0
62.53134551541032,9.56662685739241,3.681320031719265,170.8359147753376,0.22464659714022023,0.0
98.57254278820852,51.37282668588022,5.217244049230537,77.8340707580685,0.7515537119252995,1.0
134.97678271932114,43.12412303079373,14.556948920396461,85.6632121716576,0.7835254824833627,1.0
131.36440830409225,54.43036466599105,14.507686082766956,58.25717601363991,0.7141679838956794,1.0
128.6846708932449,46.94670305279052,12.974405446593245,59.24677920455773,0.7196713430327321,1.0
120.71972055757844,28.265112767020906,4.764975330161681,75.27905429194075,0.8069251864340412,1.0
71.23335404798755,9.27402400968218,6.741864990408748,162.50502894044075,0.3709508612808606,0.0
107.25405770337241,47.88869394071535,6.962874086256081,80.68608796990266,0.9932837975138208,1.0
73.28606235813507,31.660504992705302,27.279770192066913,84.71967183996816,0.8963585264328906,1.0
60.87188154488083,15.989236032472384,5.979947595547183,138.2135485517263,0.2920456639879513,0.0
122.7646054861714,38.42497497197446,12.531740615368163,67.85903293309785,0.7084516835832808,1.0
100.47629291688366,43.01170385483841,10.754120551752813,66.82741537906489,0.8101079755497581,1.0
124.29428506630468,47.85448120237605,14.614834698913244,55.20300990497639,0.9614511968892757,1.0
42.27943762701286,4.878372739795742,8.128101303353624,149.82738986668346,0.24683062753253657,0.0
90.69274456535176,10.758409187560211,3.8447510207219078,168.2173933247712,0.436975683859453,0.0
59.18802743294111,0.35804892555327683,6.363173790470116,141.3305635654056,0.20993854976268675,0.0
80.5012341368564,7.438392358790059,5.386247693377317,130.58013497859366,0.3181243692336542,0.0
66.26859427101965,16.3740571318804,4.248175071565938,147.1337866019322,0.18636030265753772,0.0
115.53243094042277,45.043437582221614,7.93654072961308,55.56742921810322,0.935970375657856,1.0
55.05589737200464,32.22165576061083,15.78970258216087,84.16842681007181,0.7929750535011405,1.0
138.8419001441025,35.01416427551675,16.336966081487564,69.42551256332833,0.7420995378320665,1.0
50.21805449128341,9.720409818338336,2.1015029690224827,138.68733572357286,0.31074468480581474,0.0
110.23765022800706,38.27712839414433,19.746774230833555,71.7844092321719,0.7553908491289384,1.0
57.40721034292185,6.828789361462082,3.182884176717039,117.79904184697989,0.2841154632452047,0.0
60.961373902527505,7.512704686698307,3.1205077104558523,191.8641002671442,0.21415235335792004,0.0
96.55558816203197,52.66318400400068,17.730201353610887,73.20849447212618,0.9200093072205485,1.0
38.983103409733616,11.278035655635852,6.962715842082394,141.1012408151667,0.12115958527456291,0.0
72.70709694805018,12.632749452183635,3.05312947679139,150.17446945789686,-0.037675330463374845,0.0
86.44420465194102,37.00927085344876,15.838256670781291,79.20901529768271,0.9583829106410343,1.0
51.4539404224302,14.664561816135421,1.5322367333674944,120.995831357947,0.21881414779265737,0.0
98.4678523283536,48.82132883491307,16.03923276321186,65.77795196902203,0.6652724992439966,1.0
75.34206519877777,9.851821851310168,8.29085687920432,166.140520433034,0.23241763176827268,0.0
60.4574346345941,16.249306660956755,3.242946142574091,127.27328468692693,0.2135642136236286,0.0
70.62550276724278,9.750983509733286,5.541499311453906,103.45926647807275,0.35357705830082586,0.0
58.05894577147915,1.9414393404542984,7.547534241233906,154.7113991746042,0.27887218462441116,0.0
73.1192383709971,36.15921978773044,17.859169744292856,65.93180180081484,0.7825311269672509,1.0
71.86598737373203,10.975690874780712,6.5113408134061395,161.41338631910884,0.2011935884499961,0.0
55.69065403562124,14.279996279555068,6.079944688544572,164.5775077335755,0.15488560972381926,0.0
50.83954516026225,-1.743721498500193,7.3253191227213215,164.16529776019863,0.37630714081567496,0.0
68.9434053561696,11.448386311523116,2.4849406242382437,140.25254532318047,0.3803210242367305,0.0
56.943597432959656,15.82192784267649,5.09154625558783,185.6582902900903,0.19005791379412218,0.0
94.20809139207631,37.41883931574395,15.753669193605273,85.03710561972309,0.8760572919080769,1.0
58.959737779286726,12.265199214365103,0.6766038258239826,130.30669096838315,0.31911323879359715,0.0
127.30403689585086,46.143898269289934,15.002100952461094,69.3027030420706,0.8032257563456691,1.0
110.61240942466951,27.394815290997336,15.051075474467448,76.85493133867135,0.8601158992030596,1.0
110.74682613165783,31.40305924270465,26.907967854232012,72.39756997567052,0.8216483332198699,1.0
69.41190813301931,4.6297645173037605,1.415451977885951,106.53832764668955,0.31065369670115844,0.0
152.0455989366037,43.720640025141535,6.535310149743967,80.56472844363769,0.7632312469947338,1.0
43.88022203331526,-1.450948906685877,7.555372469805138,156.805314754978,0.27919287839156975,0.0
60.12167747356852,11.628279201364531,5.119327358958589,139.37473878524847,0.40272536268452785,0.0
121.1076397935895,38.27497984266139,14.625136922742282,62.88610616900815,0.8487016456733419,1.0
59.21461468981924,15.407030593445086,4.834822091994801,123.68049562879675,0.26301378919683266,0.0
60.51101278884295,7.324088974368269,6.643824820929989,142.29616149164355,0.3241508699441921,0.0
77.09549234456318,14.66816097470721,3.4443928983570196,164.8153842466688,0.16070907071356566,0.0
55.54375762717312,4.245497851771237,3.8890217538820666,176.38169390132438,0.05462278489621816,0.0
53.73549648372814,7.666950259502841,0.8809638736046628,126.34628194012829,0.34863146819774005,0.0
74.62603627715079,32.61661857629599,11.472785919909768,58.89933286445338,0.8864036295682488,1.0
66.18660919137034,13.354767304063344,5.315009605027508,145.39429059663942,0.37079264918117727,0.0
71.23552985337867,5.449736316029942,5.468767687228787,108.64673748403854,0.525979254837761,0.0
77.58105572004092,15.983315589679153,2.267043473639957,124.7147990075473,0.41242978157524357,0.0
131.12921052182497,41.51280469489127,13.669109102049951,61.46201336366452,0.7854283196579243,1.0
105.1030174274801,54.62964428728413,11.457331758742464,66.32465397705137,0.93683469309254,1.0
90.57104436266201,31.70663161398123,15.678966025474685,69.84480633634601,0.7836442739493211,1.0
86.93395751115332,31.795737374116776,18.930833990727386,60.43160496650648,0.8046520854021768,1.0
80.87385059749644,45.004123741046484,10.88143793287146,73.00408820657151,0.7769851892650868,1.0
103.03798803199572,22.881579701638717,26.819955103011914,71.09038781012441,0.8578931273022442,1.0
48.02754682625641,15.612159531914092,6.255862055259882,123.37204603805999,0.3124362473842184,0.0
63.071813742936726,10.37892452169121,4.254333716795282,122.0732047658716,0.2808823957858986,0.0
137.7250023270068,41.42827778290276,12.351272962255363,63.83431522230169,0.794914498263833,1.0
83.32518201482443,31.486459336078475,14.016874841137781,54.338126141874284,0.5661109475435349,1.0
100.67291362313796,40.73266527291167,7.109847174914732,69.21947886723812,0.8260109588778277,1.0
87.69440054750146,11.860662063178136,5.590188557317959,128.8467969800876,0.3380173508422094,0.0
67.32647548339808,18.139317730738135,5.081266113038953,175.6150128939982,0.1741181865911284,0.0
111.90783224230458,42.638375078165645,13.579723414206478,68.59852361598098,0.7553258224558845,1.0
95.75393047615009,37.72459394854535,14.862074646106311,78.45601467316206,0.6695276409584535,1.0
98.26326984613955,29.554026051446403,10.00938648755117,64.28502448294407,0.7624189803388358,1.0
98.61870232880551,34.56051863929765,10.005451221858799,51.928607074745784,0.7173657835785683,1.0
100.49971365273849,36.98465004544535,9.819999995479986,53.842569048607295,0.8077652151088721,1.0
120.9488718248172,40.33338819157581,11.026712607090452,78.21011698024563,0.6607024697492343,1.0
59.08609792987527,9.972426419354822,6.64361243299456,145.18521380354377,0.4492999279705338,0.0
57.38666214997478,10.843962590806179,4.127434935609361,146.79338850252378,0.33847104766942177,0.0
85.65481837237854,39.711001883606535,20.86656170107962,88.86401261563226,0.8118721768254844,1.0
90.64065791652735,45.551203256991414,11.945300523222249,51.89591193370631,0.8801509588163741,1.0
84.43999882344883,49.60347801100376,22.110081154804448,79.93373093399873,0.8301633378663283,1.0
141.83857725426418,36.49173328505789,4.708259336664952,51.66767222187242,0.7501083927419568,1.0
89.86210494886808,47.586874697046404,11.45815019033764,89.94558652538092,0.7560182001546388,1.0
41.38831544939407,19.666564042988945,5.13472831242268,130.80587876031112,0.3586572306831648,0.0
141.0787492602613,35.62410330092444,17.71738230897906,64.11877500538208,0.8519460966988806,1.0
119.70343723230538,59.98149096871923,9.368685907903824,85.90896204211981,0.8468551825807045,1.0
59.43412420357645,5.92116233133112,4.842208238264524,160.87020349359838,0.34688444981807776,0.0
48.241547306543794,6.267143305747115,2.846003483827276,130.5506971980941,0.3152056960326386,0.0
122.74398488611948,43.67438336334778,13.362854713379727,70.29201061860705,0.6360070512705774,1.0
34.86997941503695,0.8299766572887641,8.079728309587093,160.4481939534189,0.21459147789072114,0.0
74.04577008699155,37.49984140442141,15.032088331402708,66.01857456966125,0.6596732228940003,1.0
139.81828689950848,52.646903787783515,15.09353207927526,54.72224611818371,0.8007550244713649,1.0
104.8990372768871,35.944546444708216,13.683270714995073,74.02550259459008,0.9719466679400597,1.0
62.49292703583363,5.083636466596589,6.9843536729464395,167.32528492355272,0.36777016102182,0.0
111.30416519345553,39.80326051178796,21.18010365309368,62.94355142998809,0.8446561885190295,1.0
136.33999866110798,48.335723299196616,19.236731167414195,68.94373404479828,0.8799266472321567,1.0
117.75103113992067,34.215283669710935,15.242431765553961,69.49343656037566,0.6304113957909371,1.0
75.08725924114083,5.680595430365654,9.978844634159433,166.24646206775256,0.36451397551039155,0.0
64.37029863397507,11.036174248934739,7.807109121377607,148.68555011564433,0.30932331476996605,0.0
35.54516823673313,10.186977653023437,8.427098253380537,133.96305489400686,0.4052853515543553,0.0
65.48168067908558,7.2708397102885804,5.242762352921175,134.43134630465644,0.24947105440029552,0.0
131.5210650977885,34.93989306660239,8.390877816575344,77.97760394426855,0.6989778507036095,1.0
55.09582261871444,0.4652143478434443,1.798984734253144,165.3909197882735,0.3117811578423832,0.0
136.3330348751109,61.57337712776072,16.792308585200747,79.79821464313413,0.7069680977777386,1.0
78.10556900882283,40.36783956323872,15.027785544734693,82.95960924010821,0.766867774360933,1.0
135.23089761753698,29.760767314378327,14.215416498642332,58.59724620781781,0.7640170894332735,1.0
122.77994833129958,70.26405757613439,18.29711585796015,71.38415850419352,0.7417818434438664,1.0
93.39987605219648,13.651017850835816,5.285789782835321,120.11896520323609,0.19337167186288878,0.0
56.1861061730548,9.893469762956768,9.510426080692522,167.3951514767496,0.31150024226764744,0.0
65.70642002015788,8.683755120131782,8.007687393055445,169.29725393026555,0.224227568525878,0.0
114.7715024776675,32.42771417034951,18.043412440753098,78.8577417595263,0.7626003575460703,1.0
95.62314195620795,1.9231226964133548,6.338178347200407,167.16766912360612,0.18325239670004367,0.0
117.06853595157538,45.92621252602143,27.386836565068805,77.07087546682202,0.8277932462770041,1.0
121.80438248010577,35.14503859839251,14.831359280534127,86.35457981028456,0.7118501261695581,1.0
111.28472690832957,22.987456415580997,24.83647765941761,73.92681245089355,0.6665647580156283,1.0
63.5922815547421,-0.9979123988198921,3.8811336222400437,133.20232081438363,0.36189208587494365,0.0
98.80808320968346,55.07548658825945,18.194934174858005,70.60148100782074,0.7818169977536353,1.0
101.09578562982522,46.037350699207494,13.673247204939656,78.81898772556687,0.6540783879407825,1.0
155.0633503532165,46.56244457776553,22.7342863198524,59.10215973910592,0.6397995035674605,1.0
105.2346906504186,37.86485956194612,17.33078657104165,59.1224476331903,0.8295013933670726,1.0
132.77534858047505,42.996303959609016,15.932177174381708,49.768361518013315,0.8637742901438501,1.0
37.039466838472336,1.8058342206539386,3.9763297657835968,160.20184791334987,0.2199287097195768,0.0
61.55121598590445,12.351973923290325,5.283692018862313,128.17048667703864,0.275631630708651,0.0
55.22168218023613,8.273175586368433,6.306103149387274,106.45537466977552,0.247741299225394,0.0
90.62307785287598,57.716530296686486,22.51265306373977,77.84812270010488,0.7568581253582709,1.0
44.34098305109542,10.9815106359458,5.112095833833871,165.01077076573586,0.16987641251856916,0.0
59.246691055233384,15.213860797712556,4.490629127768042,153.68998370070278,0.3070809066007969,0.0
63.84663596958918,8.836090878846433,3.2952481317526514,161.1121183215206,0.20746051893659745,0.0
133.85156096481015,38.874711792143096,20.733769881240335,71.7627274017143,0.9952914640163911,1.0
76.61079407071453,49.557440885841366,14.282156671684263,70.18356661745194,0.8226348762840563,1.0
66.1040285608302,3.35319958490067,8.483248566998185,173.48424780021668,0.25794366394225343,0.0
113.23136532166936,21.095869878551987,15.099502229814647,68.72361258942689,0.8909391569802103,1.0
76.10487108068264,34.49674011646318,15.159665994066339,69.06474476389512,0.8215085280759029,1.0
21.28400436247447,-2.6407539550336683,5.880576805042694,147.86788274734815,0.4256695569455589,0.0
97.49749427688532,43.25754236919303,6.517279973390069,79.18771066666883,0.840035456505521,1.0
39.48861958014381,10.130281896485767,2.701687614523901,161.61608574148346,0.3295565193994973,0.0
100.390954253348,38.90373972211516,22.697328846947606,65.27771686711648,0.7795832246085429,1.0
69.70040982048144,13.367886371643541,4.344109739977847,128.28024833790232,0.37728975585952473,0.0
52.527755074749116,7.975388733662533,4.042039208570639,143.05640421989375,0.2712596778774229,0.0
161.0692830506177,11.036708297113176,5.349127885876827,62.25908534862582,0.841552153472559,1.0
84.40768420793407,1.4199164189830586,6.561348221985552,149.8690556248956,0.38639384312200153,0.0
59.373554256411374,5.455549839816845,3.731887554239828,133.29802573009167,0.23536140415164108,0.0
76.67304587038822,6.884456854996616,6.689315893860734,181.74459223318547,0.3919744094342979,0.0
102.05512570391913,25.93411853503199,16.021822753463876,74.58968228715709,0.7106401684257859,1.0
113.75251705844653,34.9602255044836,16.666373759748755,79.04918473803168,0.7854409399005741,1.0
46.446045087581766,9.58041935540936,4.376454742148323,182.77704804164907,0.26115175220980025,0.0
29.857950134448995,11.266992511948835,6.062416985450332,138.73121326514686,0.3782620421511517,0.0
75.80061154570774,6.9927453857030155,7.278359842681153,121.79650415487806,0.05596849082092625,0.0
131.7283545189659,31.016116704150747,16.618382624499706,67.8826061453395,0.8977965243775043,1.0
57.78762630664886,23.344599395883762,7.004205973393949,138.97786273084085,0.22230484465564834,0.0
100.87376711585853,28.016973457732554,12.763276081617237,75.0033941334455,0.7297739834908202,1.0
74.05330537347842,18.508152422151923,3.72664338043691,113.28307597321918,0.1707993249414181,0.0
75.51642522705713,16.246305754766535,5.04511314128615,182.83575461131707,0.4003250081472444,0.0
73.83357077195367,14.746189033562565,5.921325395069864,132.8084567850362,0.17353320823732507,0.0
36.1054993528875,6.255455734118836,1.9274552332070165,164.5275234382259,0.29889091222637504,0.0
78.18832000952658,39.31105033997747,22.461840424204716,78.06493071380795,0.8023034323931126,1.0
73.88935449717549,5.574817242873665,2.5881948258828595,155.3118548754967,0.3853809999902093,0.0
72.30247629039124,28.0026106178952,18.792979828182858,82.3935767186214,0.816172644924429,1.0
110.91793592853286,38.68030244897476,5.978762619095502,88.26273307452045,0.8020875538219318,1.0
116.73818077970249,47.064570565462446,15.522560213565285,73.95975967543532,0.731812920313298,1.0
59.16666322238104,11.655472049665429,6.028535113168648,177.67820896898215,0.3175737321947253,0.0
56.0429158999422,23.868736067995542,4.643431206068185,232.3472363260709,0.2683820304558398,0.0
105.8434489845006,35.97485412030648,9.25376543903435,85.07603108021317,0.6992706277885433,1.0
54.173904918161554,20.7103609218969,6.024451462029229,136.07252064083275,0.2682430973023843,0.0
71.16150802953862,12.786542382470941,5.865485056779692,139.78993269414497,0.2812548380448008,0.0
39.8257103849737,8.787222510171768,2.4913936392714815,196.80651469322086,0.364110410167571,0.0
66.27385191451636,3.398797678068208,5.300271521663464,125.3832567638556,0.34732839063260335,0.0
82.76023783746918,47.19143734896405,5.438926751765955,60.70158594544705,0.87746515965634,1.0
54.42205477165987,15.135356093876403,8.244337209119156,177.88538642664423,0.4871745161418643,0.0
125.29799236938563,30.38495480621606,18.142499135137136,71.40971562566251,0.9218257388870816,1.0
72.30458440798625,3.7091496084776043,5.63632363078184,154.74842975542504,0.3008306507209604,0.0
55.620539688299935,0.32512425393510824,3.340838704797986,111.36557311207329,0.33472618139064886,0.0
132.06762926344885,32.09317290562357,13.261749084246954,60.62863779036003,0.8281972564120013,1.0
49.15399417767174,11.867072224173471,4.560207842867469,143.57792339031394,0.2834357537630429,0.0
75.34292563080001,20.428991229535956,7.110336716415517,67.99446502665833,0.7712452705837034,1.0
80.84831720683701,8.450456989323579,4.955884946040663,160.46102136721458,0.22178773071607336,0.0
62.465364034817696,4.526193374281342,5.602860795789733,141.53658564850616,0.2569995797667419,0.0
38.169847065579475,12.035652008637214,3.6602601104690544,134.11542772035563,0.1204140025791359,0.0
145.60222762726,59.16826197595975,18.73548319294851,83.43742289196163,0.9234572283921422,1.0
71.241771393394,7.641714825133642,3.697245315151976,130.8314462144481,0.3225526885121687,0.0
50.72676715529751,2.4432979779236783,3.271227264058563,135.59916379020945,0.11072556731794264,0.0
55.13502716172526,2.714522800822312,2.6700610223589907,169.68537812852563,0.31712374456857084,0.0
79.97119422592249,7.037220451086165,5.6820964067539155,145.87057102048647,0.3819656399042769,0.0
54.99125401316044,15.482729748028326,1.7126891009328413,129.3887491146036,0.25744423221710766,0.0
123.4236460972748,25.57934857296651,12.732185742950712,71.62053274098228,0.7331738515765323,1.0
65.0833549510404,11.480472115051787,5.029622275651398,147.76143288634523,0.2818997510738492,0.0
57.56617911014144,5.415342551613876,7.944764687962557,161.82601812252977,0.25855503413954434,0.0
60.55077412727569,13.300678051528777,6.569479612746006,168.78085403617365,0.29798795096803277,0.0
87.69687680734043,15.773136313132719,6.420793122786581,160.14808078251002,0.3126854668807364,0.0
53.84860273434442,3.108740838196992,4.978613214980914,127.16902083370238,0.17485552454840575,0.0
111.00940314354135,36.78410554067408,24.731554996327493,69.28980204460429,0.7355073030652182,1.0
131.17267559259275,61.49728058258252,14.678570084527436,83.48143919388193,0.9883380930295806,1.0
40.07891565075789,3.123060110789366,2.2443046250728496,137.5515398825848,0.31210553190179297,0.0
127.10376005239515,61.32093604990698,16.381646704641895,67.60557083597298,0.8789561843617782,1.0
66.42465291368738,10.04478204671915,4.097180425657259,139.80992700889152,0.17708586888547645,0.0
44.60234877611674,11.311813884764208,5.9298507688879845,149.91060326417605,0.27790810498994434,0.0
40.14601325564817,9.306541743763272,6.280107568879968,118.82239036286867,0.22577349194620955,0.0
73.90821851567969,12.49763841148416,7.025025271608124,152.0873697628175,0.21872569806721726,0.0
62.916755077602545,9.591914220984982,8.885162347585885,179.92152989593401,0.2998477686929991,0.0
110.36045598423355,54.95089836749075,12.935642758789623,60.46077331886922,0.8768618289265843,1.0
138.24043915873162,50.92617591986518,9.864350492325727,56.51282628223385,0.7766448457929698,1.0
51.95974645248096,6.285456933428933,8.180747022113605,147.15559302460355,0.1854509669767054,0.0
77.62887965250921,14.462350107869577,6.132262226964012,140.7059023857888,0.32273218910983587,0.0
46.240790349078665,11.710511758291496,2.3470470031236665,133.55066834098747,0.3184998933687974,0.0
52.99406650652264,12.085626124784994,1.6821277065165416,128.16074941987682,0.47906391688557803,0.0
126.4008554031015,37.96013611408316,9.961824774659451,73.06645524231301,0.6727356942934559,1.0
59.75895269935693,9.842349103812763,4.983456203756323,173.39245641205036,0.3467115962757532,0.0
133.26450478201028,51.79177373203218,18.461855464812785,81.9917429671538,0.8323620470377592,1.0
137.39460573442133,23.15013687167159,16.53068015078491,71.97436678853232,0.8871349860749611,1.0
94.25384308654769,43.74060882669284,7.294876305037671,64.4561378312609,0.7919901282859301,1.0
118.65301589243528,29.892637085019764,14.856842272103957,67.64221077663954,1.0300497929755166,1.0
57.31907462359921,15.607031283936909,6.823312117579078,150.78941568556596,0.2879253328540596,0.0
108.06806445174641,22.317424671848293,14.249711985321992,65.64580566077444,0.9355961774079039,1.0
47.68136327185499,18.69164678494988,7.179450177871509,148.46935106225973,0.20952372595439356,0.0
58.71881846353819,4.703857137521405,3.9753882624848025,143.7940555359629,0.18932563454239193,0.0
58.81296679402285,1.9928068749845735,4.828504771020592,135.66253340539927,0.16318937735184508,0.0
116.37773084337941,27.304119599833783,15.9435551705569,70.60356102353325,0.7684808908977552,1.0
26.263689014612687,13.913601030638318,6.368972052966591,128.62683050783104,0.14629988718066694,0.0
92.43797242517847,61.56984183372495,14.047270483857552,49.07222346828895,0.9083485794688316,1.0
120.8469218318641,42.758342180340165,18.5974203923114,76.2505459530128,0.8914160657850267,1.0
56.699233836482726,11.179707704497455,4.151715115875981,169.3006657766067,0.42181048867990273,0.0
113.91347464164828,37.655542232309614,20.79242935440986,58.834555150745764,0.9966253991190837,1.0
107.95208275519609,52.313725587512295,11.923587741356801,76.62537547596501,0.7771932194509477,1.0
51.21317596240972,10.72455084279363,6.092765570188184,136.5760891335351,0.4085628968000841,0.0
57.581778661289746,14.52937223725742,6.256105773402313,133.80028176687233,0.15728890496770948,0.0
76.85163252826155,48.11168919565946,17.10545910766229,77.66641308012582,0.7333611110568972,1.0
108.16003339798901,48.89878627688138,15.773384133283654,78.5845075246602,0.8970055717105139,1.0
68.00451978478075,11.107447253268422,4.207887207853978,141.63443285655603,0.4831135068757302,0.0
37.47152950088754,4.1502883654527825,5.166630406654241,135.7660587208289,0.411697314200592,0.0
85.69646971244325,6.573227896331298,2.4116753145857337,136.68100640080172,0.2442522146422301,0.0
109.929593946354,30.372824814454866,13.868441217624028,85.75523122724636,0.6923686872403598,1.0
106.12168085220115,33.690438027573535,24.78881081822575,75.21920745987808,0.9251671870034326,1.0
92.88138855039293,38.836420687328705,20.955864534654676,80.22899006710695,0.7165645811409309,1.0
116.70816207892118,46.30634082110245,25.86756017869346,67.13330809255349,0.7420107687657924,1.0
62.300135009127956,10.537664538738978,3.9425266700869805,189.0313747793584,0.27128519740005647,0.0
90.31758193970859,31.556475676743528,16.33279601392521,62.87333456817344,0.8572895461689067,1.0
94.57466956965158,40.4988948606932,15.384277946422758,85.80120670094512,0.7387142205911459,1.0
62.89848929288177,12.42199252588707,4.775412851476241,154.73269963687167,0.21494254298957693,0.0
91.70737129929636,26.185256413680495,5.789607118608387,54.88753328799565,0.786757061007893,1.0
90.75964174574277,47.29594119382962,10.856483009259435,77.54631727124399,0.819598951601431,1.0
37.470149354389804,8.48199228043265,7.271739347629508,192.32786786650829,0.3633676225557018,0.0
38.940122253843015,13.134113902938207,7.409903003694514,183.85424386565035,0.37542211386447955,0.0
125.08857439344324,50.1222243844111,16.794390082974846,59.93770998185582,0.7013808269876536,1.0
109.95501157679072,39.23425956568067,15.718615540938247,60.625441650018196,0.7673203213297346,1.0
110.58480378971836,42.00060633673637,19.596764048182013,65.35132902068041,0.8574354895032565,1.0
49.22362683400178,6.111555114304769,3.200022144977269,112.13626703660482,0.14352290037221513,0.0
105.72470788918925,46.73817906345887,3.370733713719062,75.09119909171359,1.032827680721069,1.0
52.49351981730379,17.22416578828938,3.167507522022042,134.24115721182056,0.38689037363164835,0.0
59.18927717165889,7.894984263583966,6.034856940322879,167.51289331606097,0.29662559324740695,0.0
73.81444403309446,13.677497627885742,6.769471839286847,143.64082112240564,0.34946038763803344,0.0
63.300764278015414,12.384188061197037,3.631405298910871,160.78470125008846,0.4451177626470367,0.0
92.31947971944632,43.57867224985262,12.753618143801026,79.13702717968512,0.8276070171634686,1.0
48.37841273904938,19.123497048236622,7.179104335850933,178.393948680133,0.29853023075626545,0.0
138.83871930988988,24.24767867774552,11.857419181554572,57.85920290835183,0.8724806736669265,1.0
82.751005534989,40.58020391288292,20.970545632092975,71.60738705656753,0.5682776221403969,1.0
124.71724703401023,38.24235792804392,11.601735904123187,58.945722458692245,0.8412799590792902,1.0
49.08265560233151,3.5029588192653494,5.499465106100709,140.50563424124826,0.20165008807441842,0.0
106.1079747040072,28.639209487298857,10.830899027444438,81.74713721157227,0.7841632077438854,1.0
64.2494241757434,10.862624760796665,4.787220551562285,132.85399071032177,0.37664461647172165,0.0
63.94471797177224,10.07930869884103,2.8450034067921575,138.014356301314,0.3049664529688442,0.0
59.35903427673415,13.819634047190258,3.1348835397496737,163.21373051763516,0.3832680269233471,0.0
41.20686506685024,9.711258654448114,2.331625428690652,118.12339070392227,0.19260911858183108,0.0
75.14635121784808,10.473704295335677,7.782253768783244,134.09444824772447,0.5238206473529274,0.0
87.2752362518512,52.52133212209162,17.89145991821508,73.29380884261475,0.8654826184980283,1.0
96.89752642565375,17.208527430181523,18.02916973624299,73.10449647809014,0.8156817919582108,1.0
125.34899163686269,53.8900251239929,8.8578892652323,70.69570715587315,0.7539434041282662,1.0
122.92371504348364,37.85454555548069,26.427332380720408,83.76392084414083,0.7258497012974672,1.0
109.10206816402219,33.57352646598531,4.4328849294887345,50.09277394576469,0.8333296395586672,1.0
50.352141096873396,10.751567922787299,2.7800792138836545,162.31513693550295,0.3381792287591628,0.0
109.51448169364366,42.424809886280045,19.37865771216959,57.76589946943771,0.8438234118555819,1.0
117.33876986107897,36.53830483910073,15.007911821595313,66.42368257356244,0.7676045170420198,1.0
42.69490747383813,8.103772813666772,4.717107559161039,96.5316310918356,0.3708442996200237,0.0
50.30664860705767,8.855753980017084,3.5527943676145144,141.96928665336623,0.19626062521307175,0.0
101.77050120556073,42.33138248987531,10.556633263121826,67.22452699724597,0.6767491564900978,1.0
116.18561532199323,38.83089168944835,7.44801752835876,69.09644282765144,0.814379845907276,1.0
73.57399838870687,24.09584929561911,7.8239939429453305,66.26923418605816,0.9668297350399845,1.0
116.10194431819389,38.63091658117619,17.344714925665762,64.24171152484948,0.8744373748228157,1.0
112.95229942634631,19.713067817580235,23.914370596703343,75.79347420338962,0.7817395214760641,1.0
76.56167384698115,2.7442026000179265,6.551252151513186,146.33830718717198,0.18423065103037195,0.0
56.02967206596341,8.463034406350188,1.834888351823745,134.4109721780047,0.3620157271197494,0.0
62.878207401467726,11.644040389764704,3.7411136489331103,144.46719709711135,0.20678578364727,0.0
80.64285731737598,19.9680492706025,8.922162085134621,190.16663367637975,0.13441334778960043,0.0
90.8440110533667,52.177716572752715,27.70655176518445,76.37609767276827,0.7688752410883386,1.0
136.67327858918827,40.96757470751836,19.342453527272372,72.53261943779778,0.76855749953014,1.0
122.67291775169049,37.32091923819602,15.451104774002165,82.44961624485269,0.8907865172674746,1.0
59.63135737275463,5.058380515900777,7.8738944593899625,180.10403852726887,0.40982951890944325,0.0
53.14639904974821,9.038361612210084,5.59089831490365,144.75609016374892,0.2194791850304711,0.0
60.72557410215509,10.953965346308513,4.3483516010233245,142.5806111196976,0.364199708477526,0.0
62.03191235771812,10.420309259772537,4.738241663634091,164.36873491244066,0.3171540117494513,0.0
117.3004608005291,47.61220041910467,13.23244864051199,64.44805454417546,0.8889292237170198,1.0
99.52614782288975,6.654321090188372,3.009392959240336,131.9134955918014,0.3362980627486821,0.0
128.12134768748032,59.45874024362715,9.79980817350302,61.28773578365198,0.6547325829711068,1.0
54.051996407564516,2.9057990572284673,4.424657367121934,121.33616492356417,0.18809380712322643,0.0
120.66827052100959,44.03745389143937,6.57190765576501,62.17056605686693,0.7361276521205877,1.0
86.74239978223872,42.07124865129383,27.341076036798576,44.98787250768351,0.7569976855837451,1.0
70.9833931809061,6.630903121249938,2.6817782915020265,144.94331532132554,0.14075540935327904,0.0
38.119881262649635,1.3183047448149239,2.4600409526616525,153.3967180312462,0.2686101962315468,0.0
65.2625626522074,10.8891289928604,5.564935191767237,120.33615299111823,0.2465213484533686,0.0
75.40930290356852,3.855844549071663,4.791644249092473,134.57899297889298,0.3777374676067861,0.0
84.39404761842226,44.1178382451668,10.936406059775102,103.4752288412393,0.7544158300385622,1.0
70.6446496460822,1.5486085251511899,2.317216193995994,134.56138331405882,0.23542820312952112,0.0
119.41036289129954,37.07316371962894,12.837164283948434,63.17942259574789,0.6409307265862528,1.0
62.251669555672535,10.624468148336767,3.6422085589490845,137.16318468300838,0.40595570834875017,0.0
104.14220081621328,38.73880982179105,12.088674809253034,64.1534613390989,0.8093170947549366,1.0
151.40623996066876,37.18998796686584,12.958684134012247,69.23039336742148,0.7844303117473271,1.0
131.13823271335593,27.672322522855833,24.80385534809134,93.19662466896818,0.6739583319349175,1.0
117.8414313480368,34.95931062425918,14.396510203041036,57.70527305814295,0.8040169776818511,1.0
66.81120513285748,18.008650475497234,3.843402149780493,183.541876541058,0.42368697837791447,0.0
96.04858322487429,11.860625678388947,5.260870048518378,108.96554996964502,0.3937072392390533,0.0
58.80831501449872,8.418322806269792,0.14773375972366143,174.75321120931017,0.3488505474145563,0.0
53.39601498109183,13.914825152782726,3.3071855412680744,120.44109636196966,0.3782712752456566,0.0
85.90967912103702,8.872887535835707,4.777787826903406,140.4680472628215,0.35535738905880027,0.0
40.91968551786607,-5.03990307943398,5.576072544869845,106.35306608455383,0.2251854106473693,0.0
50.68482984934444,9.162738527619474,9.007306723651741,145.6645678609649,0.3405240277828857,0.0
46.19477895020013,3.6222350204592555,4.050432598647709,163.40101083327357,0.26893441324745915,0.0
66.57331308319777,9.945361987664965,4.493832400792257,139.05831842958526,0.2716698655190752,0.0
52.20264295354307,1.1309284302645164,3.2668548982343832,129.5792224613771,0.2110770771430994,0.0
59.17885820074098,9.80201324086052,6.781750780619364,151.5461128748063,0.4558749584689259,0.0
60.7373006858378,14.74676029518756,5.411034119026042,146.0724392977231,0.2677954418983317,0.0
72.58656567363828,9.662345024437274,4.723671676383708,147.35657480550978,0.2270827752555653,0.0
122.10584777561209,35.90684241681859,16.393769351105746,68.17689735551582,0.769664538838739,1.0
89.31157462638507,50.858520160863776,18.77268425970062,70.01818413071021,0.7763195551590637,1.0
118.86778505960487,30.93094818928029,16.002355150194326,60.8443743021856,0.8427682852966633,1.0
70.95635217661965,38.368608012641204,23.83909408199347,71.95414356670119,0.7473370034815563,1.0
34.023782035771134,14.588149618622753,4.653029006742647,148.11036162897855,0.21258206213951908,0.0
54.54023458946716,9.504257054627688,5.080085216021115,133.13900650581,0.35375343646523255,0.0
47.99304168648064,5.780643968661888,3.6535400713515584,152.73506388476883,0.32638030297773024,0.0
158.98577072513478,52.220340829384966,16.686518990969326,62.33354461545535,0.6698997329954499,1.0
108.37549934448963,51.82211793191141,12.100647248290883,63.752253248969005,0.6940411951306467,1.0
62.48075844312866,8.280699465013063,5.594459043965785,146.00360257798502,0.15482957183031598,0.0
124.11233981064136,38.817701735377646,25.496372103169644,70.53541094723012,0.6832403862212855,1.0
46.48070472857847,15.605166978586503,5.4520244438703145,143.72450799209915,0.3783676804190988,0.0
104.7179040855264,39.71745908779705,18.5821793128917,65.04589301297575,0.5531037763069832,1.0
66.65889112504992,1.079212390295389,6.216569186305993,125.87207488374634,0.2116562858537489,0.0
69.17251946397587,5.048813676138609,5.233850996011189,145.13929446739513,0.2741948841295122,0.0
117.36733720982494,43.949051691183,17.490881678219495,86.92005856672296,0.9994449485252583,1.0
123.45126614011282,34.1620057734197,8.465795775151609,73.0260034323083,0.8633064731319022,1.0
123.66780407639665,35.71453695556049,16.338160881089085,73.3980757983201,0.9681667706209736,1.0
45.758657485270774,17.879178198616454,4.3389954703267595,153.38636094449353,0.36065546813097643,0.0
132.30300579790156,47.416694404480104,13.111394874278899,69.70284454560017,0.7602307962629811,1.0
63.13819546852717,12.860093550044532,4.067882970101092,170.32379855817828,0.43591956006947585,0.0
116.31084074537618,42.87698591093717,31.64859565816099,60.02162335767499,0.7324789837935075,1.0
66.5743540995803,14.324658680646543,6.533255588394642,148.36227053478345,0.29498764009643486,0.0
57.012795893644785,10.21262883046511,7.165923768591413,146.60024811547868,0.3650439013707527,0.0
116.42285389253696,31.51540133856171,10.258444344364772,60.99109404645667,0.9809606285670827,1.0
122.4851742183096,19.30918252841056,18.444550255417674,75.91072725698308,0.915527229699179,1.0
106.63870769779717,43.527179104986544,12.510642904125058,61.26031600233313,0.8809921473910308,1.0
98.45242137187788,17.843079303235093,4.871807956593866,150.5759980850222,0.29147938669524087,0.0
116.48327737030176,43.41006981660048,11.059552791091612,74.6912303809417,0.933229754669015,1.0
55.54316673545629,-6.661410606384887,7.033334196812376,138.97085594099013,0.19441864209779003,0.0
94.06925060153534,19.11514702297923,1.5349259944431566,160.73981274295068,0.5156235513249712,0.0
75.95128357407955,-2.4674292466598473,4.690474509418798,123.92699511857572,0.21351666158313515,0.0
58.74799924717384,9.137102895830076,9.147238735564137,163.6317702055343,0.33832716588188644,0.0
94.20541753909835,26.234767161891313,24.400806389415777,56.85152132148687,0.6990836299851388,1.0
69.53730145613059,14.309777785419975,6.4618557404947685,116.24025924263412,0.3683397711988265,0.0
62.41421722807002,9.948899716973214,9.36426963214992,180.33791547423414,0.3042986807325883,0.0
62.102644293205344,2.9683463335452975,7.245599093669098,158.25339735918527,0.2729858324995386,0.0
136.02395258202455,39.1150617984739,15.412544258018631,92.13232117707176,0.7959870712026438,1.0
137.4102537143579,46.667038391265315,14.126408159964816,67.90537880990756,0.6000400155707111,1.0
54.1028051855783,2.977732116333752,0.3623200110357727,168.87491351818335,0.1941521142226335,0.0
131.45875349688785,25.167954791825306,14.117066658784442,67.8348348403412,0.8903691658041901,1.0
38.88246887667407,8.210846511734706,3.2112862079603772,115.844316011894,0.34410672674396864,0.0
121.85384654137464,24.25615161839616,20.385584127803302,69.79044411098228,0.8518890218443281,1.0
28.911776571181026,13.509331133745077,3.885170775699909,128.98080710795247,0.5344077051445811,0.0
120.94982780788241,61.685169752574,12.301781425508764,82.36188850560947,0.7226193365592796,1.0
36.93263530138468,8.775212292559813,5.241507883688876,148.3085031712706,0.15186405935954012,0.0
125.08475924340011,31.117418372130516,2.8544565294291875,58.46402551259061,0.8745342204973643,1.0
129.63935697309785,44.87014008183948,18.766878381411257,74.87520819313728,0.8669159802560659,1.0
57.785092915572584,11.846323537363256,3.287334186935168,178.77818567604268,0.38154745340607044,0.0
46.76916330716078,18.66584089895101,5.163353026903872,132.5517133000539,0.2025958104341975,0.0
144.6404592510746,34.5316374950682,5.998854719288735,67.90554415268188,0.8087848541290572,1.0
49.885755692758934,9.345150617569178,6.284059510151216,143.24054348187664,0.4728819140263608,0.0
45.196634597559076,13.68989872285555,2.5384499829565637,155.6554651704768,0.2173031346942751,0.0
125.5843879590545,39.73360474278353,14.176981343657836,66.08870561607064,0.969664512563932,1.0
101.73406687232756,25.494720778328233,6.8421556359158995,66.09847851881679,0.7746362982610748,1.0
33.597898556873176,18.047720014853454,1.320597982664749,186.78846042518623,0.15018518159655792,0.0
53.84324646472318,19.852193506880695,8.362583624502328,167.2589145411655,0.2666483829846788,0.0
87.97451200626276,43.83500728489276,23.57158345274365,62.229474233583474,0.7710152401259774,1.0
108.56598657153182,39.53144356830734,19.41897863291354,80.40747878321623,0.824914252577309,1.0
44.02670666067459,13.526527040477234,7.111764953231571,150.0379866813364,0.36473087715362684,0.0
78.4928932824391,9.132958395103662,1.6344064597492851,130.9142478073319,0.2884577077671969,0.0
142.7466674791341,49.24926283267932,13.565431689235687,75.58063404693588,0.927782628554961,1.0
113.34982309836859,38.30498764357867,13.580272633904082,58.56848436036951,0.8419138022412568,1.0
38.80075023656569,8.739694597597365,9.884907102746393,123.49195612466116,0.2522408901509771,0.0
98.96669885512851,49.308911173994616,20.878269937082617,71.07378300959074,1.0534805655737245,1.0
106.5026013615552,37.76182785912002,18.94972542591399,82.86959792065181,0.7136107334279564,1.0
65.51279856545833,12.975536856346485,6.215461599026854,133.9631746408538,0.3312571798813868,0.0
112.55081425364723,67.21636396992245,18.9864388031195,65.16291449069635,0.7885089706782595,1.0
112.98581602996263,41.42147051648037,15.111800955062794,50.96580071135385,0.6576034431824693,1.0
96.04476356120551,46.82535176517149,15.564013548358758,73.51762753943137,0.7349674909683133,1.0
78.05809115381524,10.226733960204069,5.546708813073693,167.7860316472541,0.3404145652711041,0.0
70.91392417810076,6.785112606230474,7.472047876970285,181.72403237311704,0.3854625838305108,0.0
50.63138236775913,11.36154682132686,3.5200079839293092,179.03056461779502,0.31513824290167397,0.0
63.534780471159365,18.871746807346966,1.2425135629467157,173.95328900764767,0.3663086244083119,0.0
142.56559439819702,41.504405517918734,17.0591613944897,78.44837303412402,0.39825819397955703,1.0
70.22608538272775,1.1452603277867084,4.515757904713161,166.77113679711854,0.24637330875490854,0.0
100.4369487227783,26.678030466298498,14.697449449647085,87.08109155111708,1.0025762712841928,1.0
116.62264331150031,27.74645697293754,11.290984964171333,80.39396413499453,0.7912108305300449,1.0
70.02703929773209,13.878980229220339,7.850806406123918,160.69754145855575,0.209488356075478,0.0
55.94923667636944,2.580097944173394,4.524003061048034,143.03033764065995,0.22525079653247349,0.0
142.2141226739178,51.16601962831622,10.132049687834169,93.33542924204836,0.7302220893971648,1.0
148.92521843451897,50.78942254827565,13.119832810945146,76.89214290373017,0.6299598645079583,1.0
59.99111081064258,14.092415855460771,4.73642465862984,160.13195190802386,0.2668150829171499,0.0
55.88189535167812,9.490993404602026,5.345313595704922,154.26805761202843,0.29077697790121504,0.0
124.33950028551207,29.749405579311173,6.488773935337264,71.74577069550685,1.0839516966440899,1.0
126.14860070270798,49.07790620267193,12.069620293568718,75.30511378231792,0.8170954416755017,1.0
90.74582345608746,34.119726669443686,12.733409807344898,75.69377041785742,0.9267078135087863,1.0
77.28394972056554,11.188841045574508,5.800574119998591,193.00977260222146,0.2938093612241831,0.0
42.07351203006779,6.99939314001817,3.6203060522402044,113.02864255145931,0.2772482516052308,0.0
103.0636392124742,52.93934647483053,16.38232785661025,84.18082563461255,0.6982796114070512,1.0
83.82923667099539,47.56671260456493,15.167331722223944,68.8118521502165,0.9957609677844567,1.0
69.67991542716688,16.80970630836926,5.196546720702788,149.25730800264583,0.3571617096135074,0.0
46.24562620262894,0.9625120788721588,5.436302299995109,142.91618134747182,0.354798162565946,0.0
56.35667161174107,21.377828562257513,5.246135252719416,159.94602681779503,0.34498731535016847,0.0
128.0993324650143,23.776522437209557,9.450413236802602,77.77062192349433,0.7986191856665487,1.0
88.72033840300408,2.917871851763584,6.7111905792916176,141.87974051342786,0.2122799613066692,0.0
115.25891231979516,37.14396831792269,13.603044798016185,68.94490072701774,0.8841445408302638,1.0
67.64845332501767,12.473344186714616,10.955812179444774,139.1498114864844,0.21378409454362024,0.0
68.0006494442155,11.789438626661692,6.666101108354783,157.90146241728698,0.30645824308826153,0.0
158.22342621863848,46.44574903840296,13.277757192344886,63.91417248396272,0.9283894747261507,1.0
97.10586273544575,42.39102070710946,19.434889187478944,72.57848429664675,0.8302620098865933,1.0
86.84343683481592,39.548397753433136,19.044511312821886,58.389395389387666,0.9103791616191621,1.0
48.26230069927065,-0.5368569897237023,2.923436152644419,152.1568641560407,0.2384733021258765,0.0
114.54029331982319,37.29950032357864,16.724222700190644,86.07451674931617,0.9511795022143047,1.0
140.4561654895449,55.63816739261087,10.566667252903759,61.042171629799384,0.8680587925526689,1.0
93.3047737201125,50.666914880249664,19.286104200678565,61.31939634176065,0.7439459280830842,1.0
76.01204096710525,9.653849984786845,5.1340654498781895,173.31648115161312,0.3061426359925562,0.0
46.921632985358265,12.422620134605644,4.6643281979680875,145.67439683796434,0.16818645565745455,0.0
56.61790319972314,2.858329282217009,1.3678800544972471,164.7953573895915,0.23318290619622833,0.0
135.93453758230075,44.975512356822726,18.77583404552273,82.47318656773776,0.7509177976751349,1.0
66.86446718393634,11.500619717706138,-0.051701123539477756,162.3601386506482,0.32789777570684536,0.0
77.61151739003623,19.07347075221506,2.5957305229876986,151.6467692016003,0.3265676611991225,0.0
144.19597630706394,29.648023419683486,10.0104879372421,76.26422279811389,0.9276114094346004,1.0
60.894831040884384,11.174651552365285,2.3992782424855377,159.8182400569315,0.3144612819263789,0.0
56.783079410542946,10.095283512458254,6.305728387275265,168.36404664660176,0.224573414298875,0.0
103.11162445878999,46.36231435073334,17.535171580619924,69.01968980666517,0.9065746901463384,1.0
123.70360523734752,35.58795424259041,17.691369837017586,48.4806323109473,0.7135453675055725,1.0
72.81495094586904,1.7445459254734015,3.0486420345357517,152.37777905296278,0.19549523454202203,0.0
117.36172683145885,22.74873656566312,11.624250629313039,78.39856865018953,0.8260654805318609,1.0
92.75200056269578,36.47342511553714,17.17890598704656,75.01797940619096,0.7121136092091244,1.0
35.567831501776155,2.1428344604481655,5.266965184962624,183.16431465280522,0.3340226617796315,0.0
44.477478741365616,20.46232041501088,7.489098640862627,152.22932202134487,0.015774928432749524,0.0
132.7463989065291,43.35252547581278,19.99516130730926,59.33540751101598,0.7965911272013666,1.0
55.86716611196637,2.1915584045827554,7.451237147670433,146.5574687307559,0.26540791319639384,0.0
62.746596875350654,17.923038873083286,6.49997469040837,122.75150408850932,0.39150052785326805,0.0
51.25348028772166,5.749198188151246,7.792805725337966,133.62344596284564,0.420513566895169,0.0
127.42517664715297,31.643205046739155,16.330575365436033,84.18015257991016,0.7710334140344847,1.0
68.62679340028843,6.634686885184742,5.5019399273254574,134.23422973040087,0.36829757456935475,0.0
136.09360382304118,38.47965516130912,11.100332004474796,69.85617449257293,0.7192795057522692,1.0
74.71402864978154,12.666316741196756,8.47575906869252,148.06845208239204,0.34351142038501575,0.0
60.23826402273342,6.091244881309377,6.907681969901361,143.90549646135742,0.16791805572582938,0.0
141.59201599483927,43.20624585646464,8.315961919196893,74.53166189609276,1.1876920522725605,1.0
139.2433407013023,43.150445537768576,25.279925922745505,79.86697356654248,0.9092327563825208,1.0
52.08015944091174,8.041064400157593,5.467186163749689,155.52606469367356,0.3077964929191492,0.0
66.78712457441202,4.62404954256559,5.203022751106555,127.1076784035733,0.39693517881252927,0.0
44.96224841223798,6.938739982068794,3.659077001421873,202.7001896994011,0.2562381248752782,0.0
123.57492743152018,40.00677215365028,4.5305126688118555,85.22635708020124,0.8709154998440931,1.0
39.293776008539,17.39335277349903,3.0957010148998036,149.8664369179704,0.2057559489448556,0.0
90.09170481594315,29.830377644215424,19.7733980225764,67.80983263660951,0.8532202007483715,1.0
73.83516869924638,31.94670523201998,13.490573791760998,74.11160277088263,0.5387412175874517,1.0
129.53617667975814,30.847354181144137,11.707822950091433,76.37190400595742,0.7888868124595447,1.0
89.06630629100334,44.293768158115185,14.146145192715792,86.19214543254122,0.8763003636689146,1.0
59.71595961246045,12.879259308665416,7.658979910644504,131.11777700145032,0.25828813869239703,0.0
37.42865298295382,10.714328917372038,7.336885287349396,138.73387850951244,0.29473771351194183,0.0
147.08120441603486,47.82738928315706,7.040603474401922,79.53523732883308,0.8241804274750953,1.0
85.2923590807567,31.51008299326662,7.7241561118940725,49.30790331553629,0.8312079729886496,1.0
76.58450634023566,7.135971187276672,3.140549875265541,144.82179542435406,0.24027585047922714,0.0
115.88932932316166,46.06116430003369,10.855846394276407,62.028067687630184,0.6827683303623487,1.0
22.025798899714268,13.678261335265374,4.286151123584671,129.10703577270493,0.43025847658626887,0.0
44.234745219698496,11.265880470776152,11.2937677857823,141.98552273000135,0.4524641380497615,0.0
54.66347107468465,5.40351758346532,6.523802728782325,137.84884966005936,0.18727228751532848,0.0
114.60998053048453,28.508640265109026,10.320884121694162,94.17233161823765,0.7414787247787771,1.0
87.91237192097209,32.37569429264357,22.324589007257337,67.03309119188158,0.7506632401680331,1.0
65.6765708734171,4.4576194176919826,4.72972115798807,158.2983709435606,0.3296877620328227,0.0
65.70843907642586,5.372553501235747,2.4368833636388545,170.39034674093367,0.3548456488730582,0.0
82.82470300463638,14.322381326170532,6.048981600178194,171.6772168011515,0.34127384944648376,0.0
65.34354824101855,6.2649650538228805,6.136732549322359,144.57928986737926,0.3513049508314275,0.0
47.80750403679599,8.450444872854787,7.264170022320432,164.10895395608776,0.39244327621633923,0.0
132.79078648008468,47.65494158796494,18.047083638356487,75.69423133442892,0.7643085101394848,1.0
78.78037279899796,39.26719559130005,16.455458694535487,71.21890613356317,0.750128836413865,1.0
56.218684912367344,5.6362132780762355,3.1963987821330226,166.69778642932036,0.3276595953613118,0.0
58.164347578924485,9.821764989640014,7.069539072263064,153.27121613713058,0.2527319154049521,0.0
86.82942718260585,19.4699599955699,15.794870135835152,74.35927386612403,0.9191384423837701,1.0
109.08469809995236,44.81157834037305,19.67042786184242,64.47679343820414,1.0327101846956195,1.0
63.41792305523016,16.731090723261364,6.063469739260364,184.4114046883834,0.21488537307271655,0.0
117.62543337865638,37.812328738929104,9.687896777209946,62.25642497992648,0.8725118228781599,1.0
54.399219752917936,10.388455856969534,8.229994306227603,161.67489987784091,0.3405050957168587,0.0
35.81536922774872,10.193019184072234,4.236079259242994,172.55202189173613,0.400894353979708,0.0
164.10863952920735,39.54438697649289,15.80385349477549,68.98464925916807,0.8603888641507582,1.0
87.40814030754862,46.27382177596824,18.908854635394288,65.22594369150752,0.7050793925773203,1.0
147.58872712924494,37.63043623936058,6.112006650071429,75.12229855518893,0.8266696744996125,1.0
85.43682929190601,24.256004425201176,3.9386659906401977,152.3797680168821,0.21214805134176118,0.0
37.67649254981178,8.623836452473817,6.164428436035809,134.29855038496973,0.3662670547091435,0.0
98.86207993560717,47.25118497178264,19.203538803742155,76.73516594762138,1.0220354746141844,1.0
57.37005026594057,18.28794537494243,4.451783005365094,141.5009649022239,0.18509321301085205,0.0
79.99490267475826,7.178550769136409,7.176410511351832,131.94086363932894,0.32751811416716214,0.0
61.1169106945031,4.570388489746092,3.8834928663194184,126.18473931513606,0.4679579006668843,0.0
99.99287508556448,28.408994742683447,13.000932330263486,79.83882490484422,0.7574290499772913,1.0
70.16266923532253,14.591868429061389,4.912577553044828,159.08735022841887,0.368285089929034,0.0
105.99045229967925,26.69986203926558,19.350253717434754,80.19400636718234,0.7654946158308398,1.0
78.65118914030757,8.87725988550109,4.853522883498703,135.60817982165287,0.29116604635061627,0.0
139.8016747444181,38.66777508821804,12.662554279303441,83.65797164918808,0.7778789326317586,1.0
66.89612892226188,7.888338276587523,4.651223644261826,162.1636839066683,0.21652530049822005,0.0
72.95397765963878,14.449595658433001,1.8870805182376067,127.07808447690272,0.39911838542581535,0.0
82.76224545389437,5.306573582191588,2.9563104814612147,163.6975102642063,0.34099809385518026,0.0
56.56208441462804,10.73473397760713,4.205051083389875,122.0195514409136,0.24008130518510168,0.0
62.6560663900566,8.503946182798465,5.2894193015883335,137.38825803561633,0.36430225011453665,0.0
70.99572153140744,2.4753547673998995,7.362780331839058,147.0241900639805,0.37822907244170495,0.0
56.72066525032381,7.880521778998216,6.721855070638856,168.52133428911802,0.39559494999847106,0.0
73.40717943338905,5.676514916594314,1.3659948611999444,139.82810909721036,0.2951983098520919,0.0
48.878858351387386,0.6737483192156013,4.052722511038687,144.0465681473374,0.1684547077280982,0.0
43.20311752164298,15.302747474052847,7.1827383887765155,182.63508479847425,0.5711044475414337,0.0
41.336443932457684,9.354225801524487,6.2415826195002495,145.55465228906994,0.0639963394776813,0.0
123.8179982457115,56.593146654385265,18.42133768406879,79.98308225118508,0.8833796166285425,1.0
143.27824338999096,23.37751180745998,26.192250626369233,75.90091555230816,0.510931253207401,1.0
66.46682629015862,5.381621208472176,9.641497852426411,135.8263331592126,0.2925864385826016,0.0
122.18964718158567,58.59644199741025,12.89171261511773,66.67573647025546,0.7625546085224547,1.0
97.35097109105561,3.9265830681017704,10.567902362460886,67.04159729607504,0.7809796284307572,1.0
147.3841247475908,33.700083513749284,11.00778971231673,54.001850637444306,0.8516171029497931,1.0
57.59121846051748,8.64006244893337,7.701239789121908,161.0771765900876,0.46387838851556096,0.0
77.44852475004579,34.8242950447759,19.037765064933083,71.43204797392484,0.8740526577415493,1.0
98.04142214655683,12.80101004534778,14.331297851636677,54.83103234665777,0.8199000742703317,1.0
47.688506928410774,1.5977938961698186,6.251380499449239,140.79221730001038,0.33266202180557325,0.0
106.16738502703492,26.73115302196607,16.000015244045894,57.20494746145274,0.839228543278198,1.0
68.52062818599573,9.500128398147378,5.781448524367138,180.7502616716077,0.17847733138885657,0.0
64.14703906719242,5.562401345554672,4.930980680665655,110.09843247672151,0.32728896313797856,0.0
112.7377966049132,54.87153681446845,18.252211116706857,72.13687478720433,0.7582734979205232,1.0
140.41790674058336,46.86072195486156,12.266793861205219,78.3681552428593,0.7178139775941427,1.0
65.54293817018406,2.205521598459378,4.774110843194086,108.32237714872241,0.49059709577518745,0.0
38.769012579403935,11.478437131779462,2.6697818371486886,161.00801815156206,0.2566435547587002,0.0
83.5534679629254,34.11905590535787,18.281973075426112,47.268699615285726,0.6917799934764047,1.0
72.48439305057244,11.225772673825276,3.9884205025025654,146.20653529285272,0.2806540994550114,0.0
55.116862673696346,13.81804460929528,4.057224210132518,155.8254244138326,0.294415333826094,0.0
135.5428932059957,47.76732504538831,12.032821734762143,73.51275616315911,0.7605316508553946,1.0
79.44266770841065,16.217289543076973,5.405016528074537,145.7844118724946,0.3639965215819517,0.0
50.045035457812325,17.796706015315408,5.956591345229118,139.7446148747372,0.33492070944727714,0.0
69.1749389613324,8.958754287681785,1.8773000329965033,149.2772171017537,0.3868843733133561,0.0
88.21457241262316,16.855431148104422,6.0600563369950615,105.22640787078176,0.2718262327407125,0.0
55.86443673465522,9.94882021614728,7.891734483202946,117.59765644844134,0.18719653690994542,0.0
147.72454561510858,50.09890636750972,18.075148170724187,68.22773539925421,0.6721171836520955,1.0
63.00112446362765,13.19342589429236,7.033676681355949,135.5688062736006,0.30047120655877224,0.0
60.92575694319713,3.3196941539144547,4.214407079021478,126.2567744662816,0.3484045407280001,0.0
54.19204629776854,7.563932629412486,5.379486413211016,178.54786424500392,0.34804057245756903,0.0
82.0499967847867,25.77584582527854,18.401808905030695,52.21179582617112,0.8039656304815169,1.0
62.4711220593379,14.819594282302123,2.6043369636614333,154.64585324393818,0.4522608647073076,0.0
51.48135207103918,7.737062187375624,3.668468304462418,173.2630373638113,0.3133336532982105,0.0
57.69702733956185,4.568778946278461,9.416890290491,179.73309497606175,0.24068555607371983,0.0
81.15896267452567,13.160207494044629,0.7228971257098911,168.82939516654005,0.21494316202107527,0.0
57.65453985785362,5.983650209815731,4.919582861955684,183.44253262201676,0.3187343995063082,0.0
61.728479111188506,7.719479479984705,3.5363628210926787,148.44266968893098,0.4097711732385064,0.0
55.6779301483718,9.261378243430736,3.760678307933409,135.35037664811364,0.3200918406908614,0.0
147.58949377653386,30.32565735866047,19.561862648414337,77.84964266636221,0.7473533145937247,1.0
112.95328464602584,31.577778310227803,16.259841380586064,76.666012128087,0.7580222211649053,1.0
126.63215170367529,35.123867740146736,22.683952788571965,77.99350729689009,0.6915357397521255,1.0
76.14555085958733,15.74313316061637,4.647107411835611,134.02069719931544,0.35718859331205144,0.0
69.09308128424502,50.752256110874185,17.207884394840434,61.16696049174001,0.7902075980533808,1.0
44.48179611694693,7.647274288383864,5.6530700625794035,122.73991310479056,0.28842771890158475,0.0
69.27105482004296,8.27770934090929,6.096609851845795,169.40091077114644,0.43934458588792663,0.0
103.81137025249055,33.94529756932364,12.45384342528687,48.906457955724804,0.7713929765719831,1.0
50.35298230777113,11.747050758925875,7.875487202741219,145.6056821106076,0.2608479870868091,0.0
101.2449764214632,39.825519117954535,21.894279465231204,64.24360747549288,0.800581569318623,1.0
131.88252727782606,26.857612698206154,12.222450063311353,85.54985221736335,0.907387341175397,1.0
101.23128579268607,24.21403183281328,8.548261630374924,78.63723760096622,0.7616415034278934,1.0
53.53396531288407,31.89129663541918,8.172031982744205,64.61984531939666,0.8250887560017571,1.0
101.81624136367867,40.335622135566055,18.265047795308142,80.29314279200874,0.7971413406009453,1.0
74.55590971232809,15.51130596169947,3.2865345160653527,160.71936736787796,0.4896199728890093,0.0
120.71540005866765,21.247157581102936,23.40686419648623,76.7461553875976,0.8910681546150137,1.0
115.11393054827593,57.64183904945949,17.618296089125174,67.30338414788386,0.9397489457468875,1.0
82.31056194627674,14.339450970332113,3.231814243564247,142.03715026686368,0.41286993107909864,0.0
72.12489244611582,17.337929788296712,7.058887618908366,142.94842992089417,0.27747300907965006,0.0
128.5819812733057,36.932920838218365,23.79114650227595,60.305763136217195,0.7213727858269696,1.0
146.401911514348,51.125956068362804,13.139946314854837,67.65691555811905,0.8207532886071841,1.0
85.14911291209108,33.36178544641745,23.35837566923099,69.50693491583958,0.7415641551837014,1.0
116.98643104082234,41.3507835204069,16.731325654210142,66.00867147735522,0.9456540384210134,1.0
61.11824836384628,11.80951681447028,6.689304129466137,163.69587681974934,0.35351817509424155,0.0
41.48372257618192,13.699980749965626,3.304338855109532,179.63666623075514,0.27055936487982235,0.0
100.10862460377953,46.36683729105599,10.019734647163101,69.2647029032261,0.8739626225043821,1.0
97.53722822138516,20.511159157765505,16.85332559203107,49.44399339902763,0.7925126362584367,1.0
94.48899037470665,43.22182881924125,14.299554813077522,81.85180012910581,0.8192552560199524,1.0
59.735432562414495,7.4142671111468665,5.539315197209508,136.25926425246635,0.36180155819470416,0.0
84.11437927717935,16.64992680271955,6.00123320146282,141.89576562139928,0.2835465644339809,0.0
111.58563564478128,44.66158664697087,13.806929111508772,69.02153065560233,0.7521174151471213,1.0
75.61340923420309,4.541521052371337,5.492950082610367,170.250692836711,0.42023299735797925,0.0
61.025580172572255,9.093091137044139,5.433392622056887,139.53608401067945,0.42520556822485706,0.0
63.388512734387604,23.048831579067276,3.8142294738306917,184.21533042512297,0.22842778628535082,0.0
49.503836871228735,13.08025853674138,3.819126039589737,143.06391373567183,0.5395475196914801,0.0
70.1730275214536,12.020505577330189,7.468129693250694,149.7133818437605,0.27401649571618375,0.0
51.980425850089695,12.845900966162777,5.641023004361558,123.49584401765759,0.37098193305820704,0.0
61.89665144160345,-1.1713921594349568,7.3986588413589605,181.44330738072753,0.4022288848708412,0.0
83.50597840784364,10.733890121957744,6.803485531957593,162.71077663708525,0.3839365061753567,0.0
100.13419226431455,40.57334261741612,15.681633743985842,81.22199153167327,0.831443144276061,1.0
120.32720550724756,41.21080294994649,10.511262446165404,72.40585363569056,0.8137779582113673,1.0
130.80612159739277,52.57185575409757,18.818558368181836,68.4171620203166,0.6597090720287027,1.0
106.00205071116584,45.15961140689002,10.144324224574927,58.421660786649596,0.8733401831167822,1.0
55.381837439332635,17.413875079616076,6.874060396233323,123.09502474125873,0.4458476066908102,0.0
75.81340059134837,9.101916865585805,7.760053306100824,164.4502177442826,0.3383915403853809,0.0
38.27781840159035,10.188202722979161,7.498375335698382,185.98434861861986,0.20136902135687887,0.0
57.18991939515276,2.820612336898117,5.12722582827635,132.03948189942298,0.2541950460510816,0.0
43.79844449881975,12.78708460741353,5.436301890630382,158.4088236505539,0.27269956793602024,0.0
25.78533946950175,6.811707655026229,3.6034032214947693,152.0512958664042,0.37666425702324724,0.0
122.7177865771201,58.5227117952141,11.470841485912427,76.64380480390112,0.8559638495543803,1.0
106.30777509277567,55.86885008745965,13.065580120788278,74.84694873597797,0.6733924736339962,1.0
60.45367497973061,19.171136621570483,4.217331061840949,148.64140418642415,0.25724521323227084,0.0
45.05111174452281,11.032445107206472,10.43974587626462,145.58590885700312,0.4366649532873629,0.0
56.52118904723914,11.6739881666755,5.050085125562315,142.18250294880704,0.33174082417888606,0.0
68.12934792871833,6.9772124239413555,3.616881327595731,148.20840603890997,0.32930072877438155,0.0
46.51329755721421,11.465430695330003,4.481664096646745,148.99987801699524,0.3399589764887648,0.0
78.93030450258291,2.7955936345493164,4.829967763559991,156.1849527169913,0.3186590400418453,0.0
101.55272331078208,45.590297977881264,11.447803461476033,83.06071820288196,0.8250628231146983,1.0
71.70518248395487,40.56790948905514,19.525396241038134,66.08301905629914,0.8046672682655168,1.0
62.900286674624326,10.919541472486099,6.629846259676884,148.78713791824995,0.2905875010392729,0.0
50.897763242718156,6.444012348088114,1.9991512945451522,144.2540201331532,0.29889400464159716,0.0
117.37963577763924,44.759501518424244,17.422440656673874,61.36968819545105,0.6957238660862484,1.0
115.23552539718042,32.28191761584225,14.625899078625656,75.9131466505176,0.5835297384650422,1.0
65.8543761836112,2.844760294781615,6.773883676382844,170.86043531000328,0.30359554723947396,0.0
102.90414279845125,31.00200221128126,13.486848451539988,68.29755245705547,0.8770944661608413,1.0
109.81844434580128,33.69579000252278,25.433259976303894,59.85670338208915,0.9360854386593168,1.0
79.93162004657842,28.43340561541246,18.71831259572876,74.19536657217033,0.7450178861199177,1.0
58.40794598999773,5.328907715365045,4.059249767990778,136.6284074573616,0.2645759401046505,0.0
117.20496543875338,35.2293005992107,4.176645241974386,75.59431385574834,0.9056491130017434,1.0
129.23232510445376,56.2828051190999,16.586098690628575,89.33036291344465,0.7039115269848456,1.0
121.24509761406776,44.43274166448208,10.849525704173438,75.98915063310525,0.6958494962210082,1.0
82.03167645480671,33.67499873904658,22.948589402748212,80.39417596414275,0.9164663532427202,1.0
92.38122619116032,6.426653007388223,5.272766514547309,168.03206368611643,0.1779660056484491,0.0
65.50671795914207,7.2391576052924655,4.345579526864794,152.53196874250148,0.23460090101884684,0.0
129.8061234662778,36.20853511264252,17.919613263396055,78.42794863425242,0.6510159395731963,1.0
40.59838804217364,18.33546153351302,6.010345418728309,127.20558958423256,0.26594579809135316,0.0
69.44090615731474,12.597283131068727,6.045842149393072,129.11145521456615,0.3059507668799444,0.0
77.74064998308577,7.243700060690028,5.72034732557575,156.36431807955907,0.3609661754829827,0.0
55.38761170779789,7.090165433177484,3.2904070596575266,121.68642760998293,0.20684465212058906,0.0
110.81735104579029,50.379518648548384,11.033754956700289,65.97028716824902,0.7621502834103304,1.0
71.90750189043634,17.000485663430126,5.762929203459328,103.23449959608433,0.3732370501440466,0.0
36.4642420380915,14.634321155184825,2.9467227394709035,171.29325961788135,0.40456334896588136,0.0
119.04101338497328,46.38434805804893,14.135242931374695,64.7770114027432,0.7882161974609668,1.0
84.49901348610281,5.5546335576058965,7.051200942394135,127.18580474154552,0.3693298491493101,0.0
71.62123001535983,52.86147437108415,14.74660524619066,83.56775069669838,0.7115828339671164,1.0
113.55012834806995,45.12009460813809,9.814515127735497,89.10329465007264,0.8427073261384238,1.0
123.21759841468074,44.65606765094442,20.82019432044234,77.74547459542762,0.7342321362040366,1.0
70.78168883889609,8.822194798325363,4.364010339533172,171.85926766401036,0.3052519833556103,0.0
83.92968516784049,10.039005899852778,0.6039552490587239,148.78752190159804,0.33737127360528885,0.0
130.57712217073703,37.14924944233047,19.552595922535794,65.95403290844,0.7385976126656769,1.0
69.9002583737038,8.962366865963636,9.132118363870259,124.16700685393275,0.4658768823791418,0.0
59.824641737414,0.9654799126430831,7.338178171300148,171.5897219223764,0.29494596384441224,0.0
97.4064821909379,13.449171564582429,4.373021975075796,167.40951927500547,0.40202153949799063,0.0
115.37552222495066,59.89512004495625,10.995083532757668,67.07817194904507,0.8113841908247684,1.0
92.03863106569553,38.29234805724938,17.54975710439344,61.48697330997179,0.6111012157212725,1.0
67.96324690136963,14.2850671900759,5.087756964704436,141.9415161972052,0.3086850429360775,0.0
55.90910690889041,8.62875944177927,4.70856129201267,157.49636629152937,0.38130411779781936,0.0
62.070842296949344,13.333245458715147,2.4655351799179117,153.64513809530752,0.4783705444457988,0.0
96.25162461639594,43.113425583072036,15.525798721808734,54.26288509661147,0.8894597627923889,1.0
61.65811377268598,5.564098664701093,5.793491600231123,146.36526439497612,0.3216917079251101,0.0
123.26990199149058,51.39175643907694,24.863466790227438,69.59604287697745,0.6873409275411514,1.0
87.72955176652,36.782596477744455,10.425056824134781,88.53425687947362,0.6946339055122912,1.0
118.87570898932118,39.29181170489429,11.413589395346538,63.609448178559276,0.7313699439792525,1.0
75.16084790493643,9.36373214268052,5.274509263433344,166.10483533592097,0.2544463278460468,0.0
90.80268716507341,51.93030311844001,9.226897094783595,57.581686900260685,0.9173536958862193,1.0
45.162198561135796,16.577276528141375,5.373242718006783,119.35287784835273,0.18464357383120225,0.0
128.9675384672547,38.840516048539634,12.591966465090668,59.52372214437224,0.7319868773593557,1.0
53.20900497055571,1.0698899499840326,4.402820742782674,159.13620519050244,0.3891638365158109,0.0
127.17816356304962,61.64390914966256,17.03899250582677,65.99724918323628,0.9783489869635673,1.0
107.91458186734802,24.54785710610242,4.25806196686721,69.6166043260128,0.7612600656818062,1.0
87.39991019720978,-0.01710500497370937,5.062167140513713,175.61506571970006,0.46891174055862267,0.0
130.4455601409313,42.607287981262346,18.24090687025905,66.40758514512108,0.9746012044566839,1.0
51.59918385625999,4.9612560639967995,7.743108639489921,167.3150004832021,0.30459781550849246,0.0
99.1023635639792,33.903470265128625,10.751351689946654,78.0368284577879,0.7779781050664172,1.0
132.68746035279486,34.23865964076253,21.729504151266227,79.72498122709914,0.9257577426371869,1.0
85.88462499378115,44.6763931426626,8.121092143022938,72.59362955363807,0.6994790618075205,1.0
34.58008178882913,12.650551363488109,1.410871259204991,167.96419134953186,0.33049815284807604,0.0
35.157522866594014,10.07862290563508,7.516659289317291,161.41653793638545,0.22762126475886463,0.0
50.93778217905378,3.5817197001562295,2.8074446268663444,163.64005203928102,0.18599417694705894,0.0
73.55109152270789,7.01864558005402,7.1531050716491755,161.48891708157186,0.17839941732219594,0.0
100.28970464554968,40.93061737036207,15.349043209603648,62.84929627987432,0.8650810705634924,1.0
17.33989947252634,13.360351135065148,6.363558318900428,182.29945549510208,0.41454836962162855,0.0
141.29746606595495,11.093556481077972,13.576687354636048,68.12439233294667,0.7697274746127989,1.0
122.49502235326273,45.980120813091006,24.502275979328253,60.160554462932424,0.9271202279035864,1.0
60.65227069947964,9.21562869401392,0.20119647928368956,166.99639644636494,0.23690895389219613,0.0
62.861887813970704,16.564348653175283,5.222386050355473,160.51024017535985,0.37741700491381525,0.0
54.35502978128369,15.090845774706992,4.014342816153319,166.95820527760014,0.15744495249780596,0.0
101.99305028265853,46.34514060709471,14.152671718376533,70.82130156884489,0.8343795051808319,1.0
56.23664080172161,7.316485641607409,4.971583364178589,145.65662484538908,0.17268604142102267,0.0
111.29287538359961,35.48431409454798,12.29776817563739,51.598221202291114,0.6553849679077766,1.0
82.60569328734903,2.321419163107672,2.753183749389441,150.76273143025426,0.43071660395653955,0.0
124.17181437052783,26.531188414690355,19.46110051042907,67.9191767044481,0.6864154216482843,1.0
53.44554894965807,22.846402957044923,7.317784341643142,169.72250793458574,0.3785677078434677,0.0
73.26614983108763,11.435514612267498,2.4755207575988223,154.48543696723343,0.29010956667577376,0.0
108.09712292539996,36.47400612222572,14.612290591286605,75.94096154956245,0.9591756173620863,1.0
132.44985516307483,30.662125148485615,15.640900019589829,54.88357676560922,0.7211627192450674,1.0
91.63250685367004,35.97511415641883,8.340908656157598,65.38011478980977,0.819585952763163,1.0
114.5154777802723,54.24265861278586,12.840871582463828,57.90514405216361,0.678909472511179,1.0
153.26558760992998,50.10974185419012,12.08366848102811,85.91320288419372,0.6949482995424997,1.0
45.128667736206125,9.77996148247272,4.607460873250234,140.1915465762967,0.2120637315009154,0.0
51.07446970216897,11.889059968596287,3.7784200043363745,146.43462577136864,0.46534451029246554,0.0
77.74964694452154,20.289002334392478,2.1106806379196574,182.51800304718876,0.4133075822282536,0.0
80.25344359216574,0.572424343198275,7.060386508672484,142.5084839202137,0.1715986159922271,0.0
134.9601475181553,31.19156415446064,11.662184213013125,56.38696596316841,0.6538075415819112,1.0
107.99538150650379,39.10974904096481,21.428970201565754,83.25334956204392,0.7005310486126837,1.0
126.1571446150962,51.00124439364919,9.882168899625707,69.5976740668482,0.7129563254349846,1.0
130.78048373931546,44.537124564895635,10.70524392501789,59.141593179254386,0.6186830073555878,1.0
63.61024880532986,9.243220458776875,4.50964471104289,136.070410243819,0.2690383855465074,0.0
53.23502431870377,16.566415885460856,5.159751632637076,146.71003660669226,0.1370908090542273,0.0
42.25274771792058,6.985697207134576,4.9755537491764334,122.8756321092032,0.3206399690293813,0.0
50.87785845708831,16.035395093407477,6.602050383184171,139.8515384896305,0.2976264302470459,0.0
109.16528579684855,42.71286961955945,12.448039855971757,70.12933302204699,0.8499002229698172,1.0
36.785619301875066,12.28920538913976,4.350133028816029,120.6895491265306,0.15401038359459646,0.0
23.10640590503302,10.631258074269525,2.9977981738163786,136.19628375884622,0.379457873218213,0.0
97.7881569182275,37.16791759935791,14.18991212485724,59.33216129145824,0.9132323164953614,1.0
121.20335343129337,44.95478947287272,13.582323894342283,83.55972096067158,0.8219688758475727,1.0
131.80607206610594,49.23847619004247,20.444389314179755,88.96633490558493,0.854442832940046,1.0
81.23369617101453,9.355748940790052,4.4760294448644276,163.1465106870316,0.4580231812744192,0.0
36.719390747126454,4.899416908594136,1.9375464609712276,146.72112251232844,0.20782665865405237,0.0
127.2039078192101,49.25299185330292,5.781454280836002,79.63377245762929,0.6701948807744289,1.0
58.58935310771542,42.01121768901222,12.742458952521222,74.2548114178461,0.9081011185615031,1.0
95.02972975202921,29.741470722690174,13.223309197077116,72.39803615576001,0.7053706740195222,1.0
58.91286827686028,14.235433086639608,6.691851369278695,121.74715014332179,0.49514860052255444,0.0
49.12652473088039,13.099209523456885,8.02670787061405,162.24987649071238,0.1569044843234796,0.0
115.3816224504492,24.91291964678455,11.317560946085223,76.51411547923496,0.9193940206202169,1.0
69.26849620667494,9.958935422088848,4.949345139914347,148.57778541011538,0.1866688851711768,0.0
136.4148214302006,35.194274945915794,14.708799213042798,74.96048313759896,0.8662976333652737,1.0
96.45394088664337,10.360336658618351,8.872465658694106,71.59736936674602,0.7004804001985743,1.0
99.50669558271102,41.96047445259287,15.595138512852294,76.17198423754921,0.8050618602728233,1.0
47.696799096513836,10.81163248561868,6.704357772667552,160.66579440034212,0.3049204181956325,0.0
74.02331487326268,12.763690780626513,2.7650358664044847,148.48207742318118,0.003173085141337517,0.0
61.67014276573452,13.561835620817636,5.888366236611857,168.31448219914807,0.48641404552419215,0.0
60.84927984196219,11.720108620276587,4.510897483026292,150.55116997259535,0.27322985394287796,0.0
117.53583816158718,31.86623927214641,11.462939108987795,88.59669800380728,0.9596085557042268,1.0
171.36275291165106,56.72005341981818,14.30929015163974,91.1173757627266,0.8462685106028512,1.0
72.44903380618682,9.973048881080166,1.792190924947065,139.21213762194793,0.44738612367577374,0.0
111.15530299248468,34.18348209793953,11.797371392653519,61.92282413590742,0.8133683790060212,1.0
115.38064533109858,34.2853387954799,19.27066839230465,57.399156836661845,0.709850246351475,1.0
56.690931506425216,5.504228056300903,6.531634573177801,153.72170826661153,0.40995126160273637,0.0
132.57963777566022,48.286093058580256,15.876850395542215,62.659057578278485,0.755717506837338,1.0
65.25549144916994,9.181677609283986,3.4609144545110264,192.05861329407617,0.30558073865110696,0.0
93.29190471260152,40.69296031447394,15.471948704107346,80.52222400504301,0.7464315381874335,1.0
103.59809120386505,37.420708289202466,15.404990099636802,77.34505131372441,0.9489922799102879,1.0
83.80020833443407,32.22618074351453,17.737689125864847,63.704445044162924,0.7915339246020254,1.0
47.028893426702446,9.681706711276016,3.7613641879587694,166.56353367738348,0.2966691630254111,0.0
132.36566506415264,43.323906373184435,14.555638159267716,66.61842768714529,0.9259789689224643,1.0
75.7244771572272,1.3133194236293697,5.555399013543808,132.57701383729915,0.3194306885805121,0.0
73.92762019298384,6.881304961170308,5.246471550223881,157.8214877006864,0.15869322193250474,0.0
100.15107661943516,37.16475104880761,18.96327555238552,71.6565007254622,0.8680137142097024,1.0
64.4504452023852,6.589414773506643,6.425069838094553,146.12716293550383,0.4020694321155074,0.0
112.20795748079483,44.15294004725283,5.241559613533095,52.52525332154019,0.8624604488563459,1.0
80.93636959677605,17.987250392573486,3.930656181804395,130.03067270905922,0.46156459825414026,0.0
77.25901562095413,6.748281753714032,5.946753235160573,189.44011645179964,0.3160427069365082,0.0
56.87864705596133,6.3506501478810975,7.314550392547285,168.74686526829524,0.4317278686066153,0.0
129.59523798356005,34.75452952423257,9.608420247741474,75.77572106478077,0.7268893751947816,1.0
64.34344628467578,2.9128270570186334,5.984557822752998,165.88805570041916,0.382226538530338,0.0
105.80103865733899,41.43036211352003,9.09353519425878,76.87060573229277,0.9076772473821064,1.0
68.8647137200621,2.1738501760205287,5.700874362650961,116.36116287474061,0.20045589058193183,0.0
106.8099794312163,48.632105523153,18.100692228363798,67.95861658249306,0.7917445335836852,1.0
72.86302150763024,9.457519652829024,2.5812782286268625,153.1272115791086,0.22098248139437093,0.0
95.34240463055032,41.441848672898985,15.665187197886175,81.79836575774148,0.7669003080004791,1.0
176.56700782791984,55.32206943603602,2.1512289372691846,81.50957099014146,0.8275640048054606,1.0
85.74456870243404,31.647704887997122,15.947405282623484,80.63837797711733,0.8666658022269804,1.0
125.29746106680084,42.11871696956676,12.081818266528392,64.89537569824483,0.7362921449150522,1.0
61.55446029745814,12.836831230407396,5.989933377938288,130.3005955275267,0.024943628465365963,0.0
111.46897517875739,25.082270746095038,8.892834665400649,67.96024155280391,0.7623766442320394,1.0
119.98166285649434,50.3226393449899,11.664438502397399,61.135700869394014,0.8955664388434217,1.0
55.621476544812985,5.680699081723899,7.2721842283900715,188.18443349489058,0.23689637430875535,0.0
63.73869597796075,4.366163711535074,3.55619712781664,160.51661724246443,0.4543535671172955,0.0
142.84369168173654,28.675718689840124,13.333382066715783,68.4408149248599,0.7327661637919929,1.0
80.37384063350017,10.67323665287242,2.8952635256795687,140.76270000763503,0.2573002605356229,0.0
97.47773902066814,37.282137184474735,13.629897035888966,68.84274957837201,0.7458838678871331,1.0
53.6446411953517,11.704889718501303,5.5998879839373545,145.51691933286827,0.1064522311479727,0.0
49.241984386461084,17.012240495890474,4.054864437264397,131.45024376066797,0.32047800883830735,0.0
82.20130428439836,3.829250601845274,4.706228314778999,121.47921059011288,0.2703051056577591,0.0
51.65067759704251,5.467221394376304,2.928318885239379,171.1795373825607,0.059455221110908785,0.0
136.16333266846212,27.190629905528873,9.963378503836928,63.65993654741364,0.779026631704002,1.0
89.31905063564898,43.0059746253749,9.419825589163926,76.8931762262092,0.8459452372364825,1.0
50.77036902913126,14.173125725034847,6.81376056740997,140.26768482885475,0.3598737516188221,0.0
122.70379920812594,39.897488436642085,10.008785566388546,68.48609529739592,0.8618852660329634,1.0
68.30016155599434,10.33875784132281,8.048508109999684,159.10904449701357,0.33179547388363223,0.0
122.23483068503322,39.1439794643449,16.214854160368976,84.9562544700386,0.6237900387129564,1.0
73.5601667800006,36.30754678221568,11.121542969508432,70.37138600463345,0.7420028331770243,1.0
54.85257427729523,15.494780686149092,6.263669389990499,137.95497006429298,0.3498783373794274,0.0
54.40360191678853,4.038257474783304,6.427540071090169,187.47022420358917,0.3762261695752587,0.0
53.684762993651646,13.047242286235619,6.092451683000849,174.21145422550654,0.3333584397364711,0.0
73.494110045085,13.093243385440845,4.258265039472866,157.03395779934806,0.2504041491893323,0.0
111.99696466699103,33.284244592079204,11.781199118921796,67.80748833936313,0.7223189584879437,1.0
45.48792026618958,11.151378399079327,5.221018966346978,172.22590276152232,0.309792716050015,0.0
125.38200284240006,32.220912821450476,9.26578083290646,43.266782996708756,0.8592217841578723,1.0
79.2878590212755,6.042616907290295,3.7638058025867664,140.799672858511,0.23821679653137331,0.0
50.7762986305201,16.073478632177505,2.197910059342314,147.81782720813965,0.28044517400597174,0.0
64.71316903879585,8.517008889598454,4.823365126333387,131.17292653218553,0.3065681419963181,0.0
73.2200870159671,42.35141802614822,18.653599086031434,73.22950969707884,0.7746599167444439,1.0
62.7321151883759,4.033128104641506,6.041105681217608,145.80903441727736,0.29483342621047093,0.0
133.36064714928258,38.274606527079584,21.14013123387477,77.80938543730497,0.7965014993631159,1.0
74.85422752690552,6.317809297408815,7.9374043358639925,117.50577576726806,0.45168926207510923,0.0
64.75531572045821,14.182263299679601,7.087623494266849,140.39788066355726,0.35818860371270184,0.0
59.39541141570604,13.904462390646739,1.2029262574828676,148.30621526349205,0.35146925458960704,0.0
78.80291618686056,12.196218941478481,2.4017407775025346,162.13150718582915,0.08440647995730874,0.0
66.35959351053037,9.829431832006417,4.700418346697544,159.1571269055874,0.25079114590333,0.0
80.46966138963951,7.846605757439534,9.194289985599514,128.79176477888248,0.21646677977501977,0.0
59.15358460156313,5.361899376160329,5.168511125334757,171.64583638073316,0.23278330926131857,0.0
61.04445128948616,12.59527123382939,6.348409514632504,148.38902571704313,0.31165505949281447,0.0
81.94346921959526,11.487177051307262,4.953381886055863,144.78063444855533,0.20194330221634943,0.0
120.03070401408254,34.157035787288244,15.513240106082856,77.8205381827711,0.7833431569430616,1.0
92.05751598512414,39.91120895842813,19.654747254932097,93.84392981489468,0.7304614455271985,1.0
68.66515774163537,41.5702347556332,10.491853289960726,70.67498706493016,0.8741131983750432,1.0
145.42794989310187,41.05044727186357,12.216695048042965,72.31183528181741,0.7355335710475731,1.0
99.50486148009111,38.49684360806445,22.972151429589786,51.38513720474327,0.8654876169007357,1.0
42.335025744916514,0.558004808599712,2.5818761961813084,169.426388937356,0.393646267512337,0.0
103.63021786863465,39.6481863431378,12.92348886295483,57.77936787318565,0.7320169510414873,1.0
102.24943074736704,54.7490899325261,9.348130628051777,66.41209080815527,0.7987835028014073,1.0
100.96988019152438,58.56195036979783,13.343074246117327,66.96023778041821,0.7940263225953654,1.0
135.91512999922696,44.03353743432845,23.13343527287444,79.51477487232412,1.134708396959284,1.0
96.08159481523494,37.99366655580819,18.673590351559973,69.52248461168992,1.0427079901583556,1.0
121.54414369642264,54.52551710266191,15.635568734624586,71.87792262977553,0.8725036080412597,1.0
91.25369822640351,29.3362409628522,14.05697719324456,80.56823772490087,0.7422976003815032,1.0
74.51064353881176,11.381303851112484,3.6531581526560615,138.11772606496345,0.30239319333770365,0.0
109.19323184701177,32.445401276171594,13.568233435391198,59.636353433838565,0.8822823786169987,1.0
61.30656661386959,15.766536952203214,5.310580954672248,168.02811660831816,0.31326046661396756,0.0
119.48324420566702,33.33640597112553,23.25715748436383,54.44647470504668,0.7782662749593566,1.0
137.5405300000531,47.094403579523664,18.07776052711666,71.1191916182975,0.9001234359370105,1.0
143.14426082257302,46.173085408929026,23.422073503019828,94.11452499981752,0.9576570116487736,1.0
58.79703749324056,5.900590287200019,3.5993914253618184,133.85977289387907,0.17893822084230332,0.0
148.8083536933807,50.773255579470145,8.661423335017874,79.61343195750375,0.9196219455489976,1.0
44.95335931813264,6.420572065634397,4.422409626773817,119.94615289840823,0.257653362559565,0.0
134.1182683995143,51.04044204105386,11.203437755255965,78.01925070661639,0.778523260867516,1.0
70.85457071974758,32.80892633061153,14.103774504548932,67.43756314918326,0.7860602756458751,1.0
46.642162950588876,4.942099665595467,4.44034608488472,163.58847876486848,0.21274772631844469,0.0
129.15947851149923,60.87752461362025,17.61075203207983,76.6274457119177,0.7440316831908506,1.0
126.15375018208879,33.26202621344044,14.221500857653764,56.07165833952772,0.7868238473939441,1.0
111.97767873472544,45.1454030051325,9.780521266889226,65.64979463348249,0.8032423242760481,1.0
63.05594311995843,21.25724100856863,4.873303380853159,121.5975852079128,0.2940856260877967,0.0
106.46853007415798,24.237738508889095,15.004794654038358,77.69396910516565,0.8800230391912074,1.0
110.98948110521715,36.364803996968604,13.275032058333226,71.48973876690563,0.9085858746616023,1.0
67.4431259000454,4.484452744495165,3.840346643352976,169.39923551225857,0.5549707995547856,0.0
64.94107805814357,11.70152749983041,3.1753479494325147,155.07930055999924,0.2205733780914283,0.0
99.7242842557243,44.070404024313845,14.704002492797258,72.62830363100669,0.7125808239059364,1.0
138.26658291513638,25.42016303046506,10.891356443856623,62.90132625884738,0.7835001354990314,1.0
91.38077034063011,11.191734991442237,9.020182841143658,169.91278269083264,0.26521252816842295,0.0
60.20642345390282,8.593311463351853,5.710056822951951,110.19532580986197,0.3770019539012679,0.0
68.48156790240168,8.29722205412501,2.9200912197870417,167.47943607667682,0.11914889637890622,0.0
89.76308484280679,41.73456275903569,13.431595869252726,69.62493380562091,0.7751317405252836,1.0
137.1290310829699,53.530241123541835,14.920834324245678,77.3085724977002,0.9190955536681749,1.0
59.64491415760654,18.124796372013837,8.726566830493226,174.6632891187034,0.3246907128054517,0.0
64.64379781855416,12.953485162078138,3.1455721807559858,146.4295940583537,0.06805346996473308,0.0
70.09553457230876,3.8726621798081897,6.618084714496268,141.89538479163267,0.3846317138926857,0.0
63.93754154263222,11.028687010172256,6.002904661758589,198.43954443845453,0.35408799241819783,0.0
61.587681173557165,10.674399118915977,9.540268207174822,140.84121490282007,0.45246077496567905,0.0
49.843069650106564,-1.000778729420194,6.955426058659695,163.90452246780222,0.3286318608682709,0.0
75.52965041287447,11.122059701499516,3.601621292269275,156.325099034717,0.2117506677376707,0.0
144.1527376719039,41.66557558098122,11.042721437997436,63.90152301148618,0.6155293998015373,1.0
45.87464709521451,7.34645515634468,4.499994733623097,147.33378284475552,0.34426052222373926,0.0
63.21256865997016,13.30219046248994,6.976230832101992,127.04293746112283,-0.03178050896028922,0.0
145.21306288196678,40.658441193514726,9.10552828394922,75.05996558494496,0.8811577344946484,1.0
84.13443945081572,8.401896642383246,2.692752228829482,89.89920610686264,0.301416642844912,0.0
162.55331653972297,51.596982277324855,18.10746832242866,70.93118622753838,0.7352027681552762,1.0
99.9377500727689,38.51121828517582,20.445677362167025,76.11597565365838,0.9593279294055712,1.0
64.91312548067374,13.898427693885195,6.016849618678574,159.3804099857032,0.21465533493554262,0.0
56.92012635457527,11.528509850009415,4.167124296933626,138.82782156920982,0.20440439649804737,0.0
53.300379632342626,9.688892986673201,5.372254526395487,155.00761788710372,0.33401005032549935,0.0
105.94808623494653,45.063171878069596,19.057626833513375,69.0630812688426,0.8748022119901592,1.0
50.38015093598858,14.681764038530286,5.918430267655809,151.75675637762805,0.2933355644611735,0.0
106.15928245330502,43.259830530417815,21.603449615409893,65.17620947332114,0.7191602417676798,1.0
104.24653197803211,32.76153061174011,18.31733311736715,84.5344563568367,0.9255363894182648,1.0
67.4760230792222,13.991519552341021,4.3477668719984575,134.27032989520947,0.2609855194943836,0.0
95.10418951839571,42.01342993376138,11.322143670413611,65.97698110592395,0.5081054991547962,1.0
101.28595000717151,33.17537843653931,12.522048428426098,58.15676024901239,0.7580877248391921,1.0
67.42915461563729,17.743621699823017,5.464084746363708,155.25784195029215,0.2591081416986055,0.0
45.37036253694155,10.417711496752041,5.771416334687069,148.91232039097926,0.2217600092126788,0.0
97.84974125891902,28.189741520432303,23.745388407859167,57.54342296585086,0.6441505921022768,1.0
55.17964284656497,11.196336345998606,4.684283960241421,164.1898529923331,0.24757344041682816,0.0
55.97901377429873,8.219536555814676,3.390965833813743,183.13015147618864,0.21121358574573862,0.0
102.70373946748501,43.22719927332571,16.295282817908824,76.53324945737117,0.7669268420655895,1.0
101.20306037847763,41.59458946528978,28.158182836094145,70.66475604271263,0.8058691678516523,1.0
125.03048873649394,42.02369588001516,9.903068741583473,86.24354086800105,1.0820737270968863,1.0
98.9768349655804,24.85345835496222,18.438801182610916,63.80453446394833,0.6029028060206048,1.0
64.64908588229297,12.202399360101536,2.0271216774732728,118.89807513674009,0.25781333389884575,0.0
75.30231548545666,18.413599955729907,6.185287636677952,160.93325717423275,0.4310372380674429,0.0
107.29393095213325,24.076590429549064,16.802140639040434,60.12763492432834,0.7731867303012605,1.0
67.48886542738248,4.588285539937914,5.420746661247246,150.60962855553504,0.18954523393851636,0.0
130.34239814001816,43.95911376341727,20.603307944210414,79.90447610356566,0.9384770035232005,1.0
59.649776172075306,11.161086728006353,5.855615859455277,144.90133051267384,0.2660095861820134,0.0
110.66410524794065,42.727661976954,23.372296984635167,71.70709921331003,0.7048236833650666,1.0
68.29598055278584,55.81790964232688,14.842876735954578,81.2120908857423,0.8669866497757481,1.0
57.093889391809164,-1.4883910853383213,8.16334561293318,160.6799931292965,0.26001822989835377,0.0
103.67629757236544,32.44344676726371,16.05440168875153,75.12838878369116,0.6812588634430308,1.0
109.12889619720957,28.15109038734412,19.922133691684632,74.36544251448073,0.7314472611559065,1.0
111.099481422808,27.76768117679686,21.711870812309698,74.96928475252795,0.7296498003809813,1.0
113.1925378320784,36.144546177494526,6.61034093907727,72.83671166365399,0.7991406899205472,1.0
110.75542003967404,31.336679807041243,15.352089740177135,55.99620209332446,0.8564624153126745,1.0
33.082270386741754,12.544411553588414,3.748118832711084,119.22050587541514,0.42532952438983485,0.0
69.04570246149848,9.500498981733942,4.512976742711496,147.5733263478859,0.46786391213949813,0.0
122.1318424937115,31.433488277055346,14.677948205282682,76.34935807297171,0.7611563798184993,1.0
103.25327963589926,25.243364608457313,9.880743839752597,58.65259887366281,0.7579252082088086,1.0
129.73495515499627,42.122658613326145,12.71041917179034,71.74387050581078,0.8806967496737893,1.0
57.61759625759315,6.244549078190369,5.81029253625257,161.27253636533928,0.20326705506021858,0.0
57.739250881406356,12.809846539755508,4.2032402982037915,117.35370885172881,0.48823080805258273,0.0
97.01081138953153,29.917354225335448,16.71500653429106,57.84039801652179,0.7366833411500368,1.0
104.29355224542871,42.688622017083176,19.37057454476692,84.86360808318962,0.7415805204544182,1.0
66.0330095841265,7.545374403017955,7.662831571131778,154.0623180242917,0.21545748831572129,0.0
77.08867433249077,5.104890173353702,5.141117951339683,170.583136996875,0.2990188410086841,0.0
74.95731710872222,15.560140075233598,7.171274197206182,169.49499117977584,0.23243145162935058,0.0
52.79239801015967,17.46863119537147,5.739109530352044,162.69171084350756,0.44965677522650493,0.0
91.96388500958128,47.21598805085151,13.890460105413341,69.88844139980172,0.8793855773117383,1.0
110.56522118747614,53.6709390832256,11.795156851893715,62.86686280666628,0.8663773998749557,1.0
122.9708119430178,33.797802861214635,17.44327603068362,78.18460728029224,0.8148201296450711,1.0
50.28806964368516,16.51574124783631,5.616725317480062,146.67305622980209,0.2713259410298695,0.0
129.84294077005302,35.30356292043318,11.935356760448148,70.34794098676,0.9048110473573704,1.0
37.556819636786315,5.967313749148479,3.295285840995205,181.4905532476625,0.36268029284364417,0.0
53.154543294579135,13.511071115476561,2.7937572438341647,159.96659001825213,0.33159867209283156,0.0
110.21720513176477,41.38845200959066,22.658660490759917,60.875665519685896,0.8903932520642587,1.0
85.83825509079908,30.352073435140035,11.434867523645536,59.925697248893,0.6892127811503153,1.0
52.57351586620037,-0.5639732535205759,3.879910218108343,162.52447818550633,0.2769033118014363,0.0
98.09076480221974,37.610925404298705,15.059179073804959,73.65590445922884,0.9089979168767548,1.0
85.04760236927626,6.832217366827342,4.600750219318049,176.4895621733393,0.28245629891249624,0.0
111.96393693105802,42.111255803226186,13.802927101639776,70.47308820435207,0.9038659079853981,1.0
57.776024506230215,9.531037964641905,4.550014470491669,181.55229527479707,0.35772483032323227,0.0
39.56184556359279,10.19870908011368,6.287250514431227,159.26952263585528,0.31779043835806126,0.0
107.77691507323271,47.54159662460185,18.975355082408395,67.12410119118124,0.8181463454769345,1.0
108.13663220216131,39.988431233635524,12.591212128520535,71.7378547996936,0.7727370660680767,1.0
100.74503784768581,37.55686689784298,11.754681606549198,67.17177500211731,0.9298409199465906,1.0
122.58199441146667,39.21263261965845,24.36683490796457,60.36309710391403,0.8136732465299452,1.0
53.10753615079523,10.925625675095633,3.560973961664047,150.3547799010828,0.38938301181060553,0.0
67.2235202980282,12.690249329774986,7.610439238905078,149.5110701168956,0.33245214429386893,0.0
141.10580264738098,25.27048423206644,13.164425304858367,79.76202402085146,0.7789026804107649,1.0
40.52560873963624,7.906503240313317,6.609261062574973,159.89146059056588,0.2662080929137252,0.0
71.54105537698587,32.003148903613514,13.42734514204225,59.2024004525952,0.9248544205792423,1.0
91.60816854486478,29.879951743855912,22.66245745139318,78.16118355193694,0.7623124998847721,1.0
62.90666885218369,8.050658935023105,5.883526748761469,148.8585105055015,0.26881272075994167,0.0
117.47411639205993,52.94544919674729,16.206683306256632,74.27275959375855,0.8198619526808639,1.0
44.402277323656264,9.699740736858777,4.4886076088594855,152.38531005472714,0.35073410346469786,0.0
68.60689869609794,3.207725274678964,4.756343934276799,162.92085557139347,0.5519208889900382,0.0
82.02819231782189,12.923101903838761,1.7324589181557117,130.66556616085026,0.2944923603872898,0.0
68.70437681251073,8.147636965373259,0.8023422259562505,177.99670119683515,0.30891019487987215,0.0
110.54970284605348,46.67074804014884,8.323408995048911,66.44100120157606,0.8146744351146191,1.0
149.53452572784698,31.470060486224266,16.40214882602731,78.20134917310045,0.7998125196258346,1.0
53.88910128717426,15.207508949600925,4.158354244809048,130.94493136715232,0.23646815717455194,0.0
40.29120300385419,14.87810873968422,3.871849272040687,155.94841100609494,0.24343079339076723,0.0
117.3265488587048,42.552638887445475,11.930673947689497,56.89118826670982,0.7479493013816895,1.0
116.48498126349362,26.85398592456813,14.288331230198425,80.99170866274568,0.9324362377026603,1.0
93.21362783993247,46.552159149093264,15.80839168069981,66.69316062312602,0.5521580718913345,1.0
76.47850444481652,15.811663151307208,9.967966275956673,143.19746105020462,0.4302785636503481,0.0
89.75149322706046,36.52549156819623,15.08425470249412,75.77413054613348,0.7065198893391265,1.0
51.49685978735644,9.386541738675177,5.60339906220441,157.38387064751015,0.3425233109152802,0.0
53.78418411300405,8.580255563364604,5.9516555741296,158.9088503682345,0.43097607675040694,0.0
77.4540300533099,34.780454829766256,8.73924654763658,77.46182925514884,0.6724554546465031,1.0
96.55716436269016,66.29710042634153,12.427114486953169,81.88896422716847,0.7631304807883301,1.0
72.56969917564527,14.111583521347082,6.342279936964655,166.47742030490184,0.4667440339458971,0.0
92.55531387667041,34.66174897002981,11.397740616734392,66.53125697837656,0.7392893317316469,1.0
59.04151050377068,6.024837846996766,6.272902568550878,178.40050806996987,0.4308272868147094,0.0
55.79827041011476,12.999945113962784,3.7570858508536387,181.1340700187878,0.2521311363289634,0.0
65.96861742336415,10.413920058218451,7.703193837115531,139.85609067909,0.09829160003508541,0.0
147.50565440346847,33.47312450917015,19.462290486862965,80.75028653234482,0.8474528985354336,1.0
86.88124529807297,31.843735631250865,13.112596192966459,87.5115398643533,0.8082379227738153,1.0
33.67151249317465,3.071738862038881,2.980884627007895,155.10039437558157,0.24129612320452415,0.0
113.71422548841821,36.188511841062855,25.157944116007556,82.42367682173224,0.5167303059961208,1.0
106.98666764134585,29.836716615009287,16.824460076143346,64.76811465566423,0.7580259706827704,1.0
85.72426245379815,8.901725236655277,5.87823319444256,128.40090484307646,0.31144722682142784,0.0
126.72608163320857,45.84613900724535,20.99770982602052,70.93364864393544,0.7524040619057358,1.0
49.42753379804892,1.6944088251248228,4.049535812917786,176.07187210390887,0.22645655083540428,0.0
107.20833328466728,47.63545286334921,19.08652537247581,91.33257008611588,0.7450320232396862,1.0
101.66308303939428,27.375850758931804,5.683489888367793,82.62539132444051,0.9603750191391018,1.0
104.66048251589841,51.727296927027176,10.97311054814488,65.2793104763463,0.7728150582423357,1.0
47.25308197969653,13.388484045251168,5.710100826066004,167.56684159219859,0.20662759522882182,0.0
65.23772522970097,12.548586196206724,3.3281756167334016,136.78307570232298,0.0794037588672343,0.0
76.35346400211242,41.63803722024861,19.395784219697916,86.52017898034303,0.7081918975036213,1.0
57.69968904236063,9.180129209223182,5.896635812319731,137.9776866054231,0.4123903935176139,0.0
43.288592307171584,15.828954587743631,1.653718923465024,153.48746328889098,0.2611591082593826,0.0
85.51253098964688,31.68703166299046,20.899230815454892,92.28116422410113,0.799100598888222,1.0
67.07306278138597,10.590993487798123,8.490920362732076,125.89901232045416,0.3343659361245816,0.0
129.9358624982075,40.871094995443045,11.22222303985063,81.7187512614764,0.8373825055829067,1.0
88.40849270505265,40.14013329373211,15.08121536525097,72.20837884454868,0.8180719738805827,1.0
139.8348119611595,48.34059111962274,17.076931614287055,70.08905924507097,0.8931644132749413,1.0
136.04914542873706,39.32503090095655,16.041527821298132,91.11465931501901,0.9592857423909619,1.0
118.60864972545029,34.67327535304595,28.918408934532028,73.65138504564275,0.7301565267885866,1.0
54.13078382881991,8.721819033391746,7.735242475890576,145.7295722651,0.1846444561863594,0.0
71.7667942231759,7.070817480650168,3.995996321754542,141.83278608162342,0.17654557748895916,0.0
58.54557579090603,0.6820519425284761,7.624823664471299,124.05403428199156,0.33204201189783944,0.0
50.415210004889374,10.104149488297638,4.577813755597597,162.94957615750064,0.5474049542440811,0.0
49.90921749677526,5.940744543906133,5.50314715947252,152.22336849636864,0.368259828797612,0.0
47.56372329344782,10.974426301060793,3.598994418758224,160.65397432582236,0.4888231608341633,0.0
28.986482078062235,4.138903637110021,5.243860424786859,158.32394454236703,0.3243154191007469,0.0
47.92174884719337,4.002809000101588,1.3555125275806486,165.0110579673698,0.24838405202563513,0.0
116.07119684713128,40.37944616457274,16.884654979306106,61.97695575116622,0.6680811815987405,1.0
105.83039732874646,54.22536023446469,15.36693651106705,86.76961395754124,0.8854356239418246,1.0
35.11986969214041,13.705429872094701,4.481820897682697,116.4016049861444,0.3553093353907215,0.0
127.71285255200527,25.050481449213823,26.405391948225432,57.822978404665136,0.9022585044024312,1.0
27.33141646272422,6.744952760199536,7.862117849761868,142.74240434059425,0.24586868910803292,0.0
100.6571855371856,40.92549169795286,8.759479117395326,56.54077939677977,0.8451785192099655,1.0
57.33478142656591,15.368242001852114,4.838169379457982,164.54722456991186,0.3119457544537025,0.0
110.19523209486913,41.91013563005714,20.24009066737887,70.61110195128359,0.6650326893817899,1.0
47.84905311680714,11.624088083638435,1.1117387565201802,182.7722509675392,0.30573889096799933,0.0
80.83988407577112,19.8118942754384,3.10479002943104,168.63026324337125,0.3225390446504943,0.0
76.15358661726758,10.682817256778366,4.436264310567025,142.47531286148447,0.5169452858778648,0.0
87.17862051351703,36.40214489463302,18.039267062857448,69.98166877746591,0.795656915400109,1.0
62.802393095406075,3.5343064479363964,3.8552364824534475,165.4935367505099,0.22730029667464835,0.0
127.55010608131914,30.345373279288644,12.625767297303526,63.683732729747916,0.893996999457836,1.0
85.94101138660434,57.98244630113402,19.81273020701326,67.56306647903274,0.6171626151068687,1.0
102.48809671385354,54.34938590856303,10.938772674085897,78.39071468292997,0.8484514844149625,1.0
100.64142141656224,43.26211151195269,15.238613214282147,80.80022662879679,1.081658659788714,1.0
56.27999150402945,12.555553671338,0.3928948345284491,145.7024455302996,0.33790422473642223,0.0
29.830840472827386,13.746553095698125,1.0806490679780523,144.6585736913622,0.4328170688793155,0.0
32.31718937583303,8.038131041815843,4.839217619981221,140.9807552060565,0.4668783314098152,0.0
39.305340857090904,14.536828613297187,4.271579594348742,182.62488381059694,0.3118153973368486,0.0
80.94093268301428,37.583763920823834,21.249494862365093,78.76642454619903,0.6577720498375965,1.0
71.41209038851382,5.4161660380019665,2.546626788346841,139.70450173952378,0.2865906032584878,0.0
65.26554590642955,8.919023233372915,2.459157104998562,125.90210240261356,0.3312031664164792,0.0
63.253247471652145,7.110374570837147,4.078180198095433,142.7325625088851,0.22632052236151,0.0
99.67067915375699,42.35427872792691,24.97583901180038,66.50263232694165,0.7496830614376596,1.0
122.67275598059014,55.60902840548367,11.250708999549301,43.48223435476912,0.7818577992352298,1.0
74.93485139564459,22.59032607151396,19.661992713895557,72.51903813710797,0.7165253577382079,1.0
106.9290510801553,52.95414833697586,12.54535498107357,69.7045183594879,0.7500764200217624,1.0
64.73949197660646,17.183456626219495,5.235513874752948,142.68136026380307,0.20033358117860495,0.0
119.88687243722917,45.15295255521897,9.075414689428008,63.458163327674846,0.8300344601942213,1.0
120.54406662660381,53.35894873976513,13.375690684161912,82.86890166858674,0.7860477843001211,1.0
99.47917619633901,22.388811414263344,12.536780610374526,66.2999789648431,0.8002211842432609,1.0
66.52746285656515,8.836245442779202,8.600537521801474,191.94725947420622,0.46269855130485726,0.0
64.92924112301094,4.825238881357844,10.14032387072184,159.1009071008166,0.3560390458629867,0.0
84.2038961302584,37.070902667661436,17.3586087771279,82.28529989177937,0.7280362756486589,1.0
129.50138636966622,37.938766573796336,3.000077900621026,67.18453094800151,0.9110345411317274,1.0
65.24175353662858,5.675386250204622,9.247178565731504,151.58321986962662,0.29108750318954785,0.0
109.70629422090887,23.60033619628329,13.330735800305655,84.72287471985173,0.6794763413312132,1.0
111.03438431220127,43.86243713047937,10.963377189460594,68.52888380006937,0.7584849425905843,1.0
64.19452064874075,3.1591952381289747,5.596325999097961,148.28627481436683,0.18686367871639648,0.0
93.68434096224385,13.283838859186911,5.661129780842014,167.934560526063,0.3704543650966278,0.0
89.7087396187718,50.00152079023665,16.871474825008246,50.71711288703848,0.9124117975093394,1.0
101.6324487729435,36.84012464008041,8.941378118888531,62.97109020102569,0.7445245312855631,1.0
117.62010247129578,43.56559970664222,12.447836763834042,75.64243341048578,0.6667033839940175,1.0
49.981907227767984,12.361663702553196,6.15940048002729,134.95545700374274,0.11531426657148869,0.0
69.4366648694364,15.084181370194411,2.6254191805080804,129.79923085056782,0.19633048451730883,0.0
70.70564609607047,20.893547984039305,4.884309042110531,162.83644294457133,0.2957311099815261,0.0
66.37278014649391,17.401012092446276,7.168487128156363,154.05607822001835,0.31039320696541783,0.0
65.04807470818362,8.709943994476921,6.285933397114302,144.42481079143454,0.16162493914253853,0.0
72.7350026591138,13.645502943606287,6.554695767285077,163.18883133549738,0.5510878570566309,0.0
126.14938131522592,43.7113793155057,24.344191302105454,65.7273985426876,0.7556827022985926,1.0
59.91277215121976,8.209997598894496,4.985858750820673,144.54125718359919,0.2524015379559224,0.0
51.81366901661892,15.220713808594287,5.361033220211103,147.42660595752974,0.45667442375458794,0.0
131.52068670102264,39.39510776146705,6.330594970557527,75.48652684500586,0.7800821283718422,1.0
69.08193206617162,13.70572376064877,5.101637398473621,144.6804291131757,0.08008746197773323,0.0
98.51826792011299,41.07384927539683,18.003887367445394,80.77275061949884,0.634605801569095,1.0
108.33411646028034,46.94243360393105,14.462409488299894,67.75354757631003,0.7121867084635751,1.0
84.56364440349061,4.447156512604096,5.139149132388601,161.85351759158823,0.3651878781825287,0.0
121.77124981900523,39.931238058987226,7.771339714728511,74.65640551991059,0.7505262016775136,1.0
56.960994720329005,9.601898945116853,4.623611689483349,152.82771313351725,0.5766113022934483,0.0
111.95869093868438,36.167414114225366,15.557138761460413,77.47691383086881,0.9212424916893661,1.0
132.8824948156145,38.00950214965089,16.99578156800801,71.77467410480345,0.7296093897741159,1.0
79.43297723734511,20.92037240724332,7.517090125656479,138.09605714039674,0.40309910508479535,0.0
42.939055248484735,13.280957228379588,5.301389693675468,168.50244151689822,0.3403820690191293,0.0
80.77873163074038,4.8187336112211865,6.098246920235939,145.5865393566475,0.28427789567995543,0.0
53.694959873570234,0.8837356446635312,5.394415540425043,148.74215993162622,0.28010473244003725,0.0
52.39935651355245,10.941395908305376,2.4861336861699828,148.30636011372687,0.2898895142165235,0.0
55.79579339394218,3.104860173595987,7.511732931593092,118.87797849468083,0.4903001694575855,0.0
44.52346225961017,5.973616341095368,2.5776756312534643,163.88882333353672,0.2672857390564928,0.0
111.14792700838973,52.76857410105816,12.034901926575673,78.08169911556965,0.9445604796934717,1.0
132.01542321689362,54.887229243011994,20.850839121214513,81.76469400600652,0.8821208603070007,1.0
74.25151301850421,11.901588329113395,3.299682311487585,151.9479864274134,0.16564478924765122,0.0
106.41691496694247,50.190339816250045,14.984931070794508,61.371909586542024,0.7741138459855527,1.0
74.33665014887984,9.289976337492389,3.4659518730974,157.2603221703237,0.24342054884471348,0.0
140.44850004077483,42.7655305234202,12.395115077611507,62.32571207336773,0.6632339923010522,1.0
67.51645652329103,12.23629392759591,5.734473100535931,179.96717335354631,0.2754773230279877,0.0
53.81254251472202,4.063995023119715,2.1130219503144985,147.66265150860627,0.20031034004569898,0.0
87.92746300673994,9.183178870986065,1.875079882385824,191.30528679864148,0.341328147023619,0.0
66.67979133644631,12.91401654799561,4.630549688233086,158.835300867533,0.3152466783007041,0.0
50.88560655704764,4.828836698954774,5.139040465625832,149.2199117396965,0.22731291186862085,0.0
67.01241449929194,4.847903624060139,5.826409117689965,146.6903071551923,0.14669657695837568,0.0
62.733422340505705,4.255535283124124,5.391969467767022,97.56070917218156,0.048532085334148434,0.0
106.9966216212482,53.08147789777976,17.726102197383437,84.18711649414209,1.0074861565788462,1.0
134.06431167533344,34.47301268956232,17.4001576945919,65.62266876653513,0.9049939787861926,1.0
41.1666986874927,8.67172086041778,2.7559359288225975,155.55880665213328,0.397818017440411,0.0
56.07188840584763,7.276352119288516,2.715188102890684,170.83618750424063,0.318924343566292,0.0
75.35975329448641,16.463502139742623,6.471205107779167,158.06688204967307,0.29758671781502344,0.0
109.93686823789564,51.6372173014092,11.340005307501965,65.13982439448444,0.7468287998854111,1.0
35.440652447963245,11.686862361886917,3.5062927872582517,120.28860337979305,0.056852318357254655,0.0
111.49860167975186,42.96368098611596,18.27367289196514,82.22838271717465,0.8938830290743691,1.0
115.26016519775621,50.95023350348689,20.550316430184637,61.16217331517511,0.8659201305425007,1.0
47.45238066801824,19.72176358354999,4.877087682653091,134.01059768137134,0.076070569113216,0.0
52.868051752170324,13.361089074191195,4.178754717923254,126.8186204943433,0.1502808916074545,0.0
95.69064944715595,38.38761460576169,4.042809782800042,64.40543773434764,0.7787357774535867,1.0
66.61109375604919,11.640539912464796,5.197752287372132,140.91885423218542,0.41278296546270854,0.0
76.1212536262764,43.93098171909365,16.94139677260602,67.00054713691704,0.7356123855586747,1.0
121.82515923264907,43.676312967125014,15.830210088211123,64.53693023940538,0.8746904348047717,1.0
52.09081705624779,7.177860422294727,5.698924957130176,142.1179371523251,0.23274745971416788,0.0
7.842266179577464,10.453210529130219,6.072948988786553,173.11084249973945,0.16042360457556543,0.0
66.00315403521775,7.606325397019216,4.436089998838232,167.66953601516127,0.39567469264236693,0.0
55.55261421228643,13.051175626969329,2.077433471703211,168.63140355024808,0.288269276263631,0.0
95.5679714754107,50.31632511863552,7.075488945652126,66.431001493882,0.7443174558500543,1.0
117.822864526604,30.994062802071475,18.758003082015115,68.30645651054706,1.0159437529800148,1.0
57.84191767675014,14.225163744179348,3.10202194407296,165.4945650581433,0.20690196846111847,0.0
27.871620776898823,-2.649412658140042,7.195156422097713,129.0393916785159,0.3427072247374289,0.0
33.78892620520999,17.054985623544304,6.908410427293887,176.40762109129898,0.31142438925956567,0.0
119.676748694052,35.45232642310528,17.64950407856476,84.66817796253193,0.8484927911847358,1.0
63.302924912112495,14.697570581036056,1.803090287960897,129.85345402516134,0.34585976252851797,0.0
52.115878395722056,12.980274957920962,2.802452319006594,164.47302652888771,0.31856900069286853,0.0
106.41146527843965,72.14167737087408,11.493784755272053,82.39064641370392,0.7656348101549276,1.0
124.49769942275034,30.463006320925988,28.60093056179584,77.67996479548569,0.9071807340933916,1.0
91.69171022832069,28.431576481105825,15.821019330305509,67.02890678637705,0.7560177114545925,1.0
42.39111785311617,9.417200103035094,6.310958691944677,165.44180918148547,0.23357092760729875,0.0
16.131661342415505,12.568605222161583,2.4615600846218655,152.28154266844905,0.4226764917380494,0.0
120.76674396907976,21.37225129259346,9.172492835581412,62.903008228696095,0.9772742965164716,1.0
112.23661300086398,49.161732122897064,22.617868981070306,68.69029622289348,1.0443304359068644,1.0
89.02507237705925,44.827369286052964,23.155284899183307,59.01789907708161,0.6298255449592275,1.0
82.89667456630573,32.47373090296904,15.134698561912447,69.41753244064918,0.6226274195963456,1.0
158.0915246199205,24.24863307077242,16.627729794790103,67.32351005748575,0.8109068785091246,1.0
32.75845678475302,15.452308542188787,1.7070722447953122,175.28085493213572,0.3218283787081365,0.0
42.6894904602625,10.889308033942363,2.164855282252486,143.6114117952782,0.3836034813114427,0.0
99.47815292420948,56.34834830486275,21.479349742068372,69.17490468820125,0.9243603572064947,1.0
36.383535504630544,9.283227511203036,3.541443917365889,152.82343099015253,0.31688345508035126,0.0
61.88666900535243,10.42168914733507,3.6715378688421776,157.90581550463185,0.28733222338792297,0.0
118.40510041652685,26.62929630433576,7.450433862018036,58.243456773684876,0.6443873793228991,1.0
56.035226939856884,8.107732022003589,9.293720011871962,126.7945496906751,0.3710703414161379,0.0
111.8572458960089,48.663635241092926,8.436561748747376,63.54874567289275,0.8879896058070234,1.0
33.74255173162504,9.519725481778549,2.509135100598787,124.03458431727958,0.3921297479960478,0.0
46.31078968089888,7.896313346099342,5.934175516316899,126.85249141623214,0.48890250895980847,0.0
76.38783059686611,35.88715192080151,12.027770841764365,89.80932262925647,0.6102766814786236,1.0
96.63595024282944,42.00306868209932,23.323231031302136,78.179739151663,0.765039014885466,1.0
99.83151299775078,39.440361977776234,3.3042626684518694,78.27914232289861,0.7809151819048298,1.0
103.72969522468333,32.163625131167244,13.861468140203037,55.6353132840177,0.7339772060117022,1.0
45.59572963496081,8.26822432729222,5.796072481414756,152.34632110369324,0.3493711104660521,0.0
129.43666027197824,47.17691859701368,10.418485234767907,64.56542281140405,0.7800013397203708,1.0
46.74823249513839,5.492223259428471,5.629453072962871,190.28158875610018,0.2799989974590014,0.0
124.64858201175376,41.07191149711757,10.33263175690944,64.05773060153692,0.66925613450442,1.0
129.90778271063354,43.1959120449122,10.886007532362669,60.229321150046445,0.8689076022583077,1.0
60.307446206316236,5.145251287199643,2.367522173940973,153.58704334318523,0.19903869374280905,0.0
171.08545815130185,40.19621576474317,13.93599409402157,48.893711226435386,0.6119286639086984,1.0
62.89016911016608,16.217849873501034,6.608546113114057,146.47975347700907,0.27019152082613507,0.0
61.88880910861737,10.679367319586076,6.5376794379575855,133.07327198439026,0.19138858745048393,0.0
87.21498636177435,58.27013112395057,14.080360395621415,54.169374732376646,0.9065071687931756,1.0
63.4118036223788,11.304687434745471,4.609917273381828,128.19254857274512,0.3463716041662789,0.0
53.08388329315469,8.94629139309612,6.315210959865405,128.79929439997508,0.2943806632164338,0.0
57.603504983766946,14.367762095671726,1.2211710239570865,170.918688866916,0.14187712779026646,0.0
74.53374581365098,-1.5530904771054317,7.045726228789297,185.406909761664,0.3878492987246243,0.0
49.04388798284734,18.97098381579376,4.191254252528863,123.49689977769836,0.339676354659617,0.0
62.79718438767178,9.610591281189093,1.9228133518558148,124.96805962813117,0.40004957727623186,0.0
68.64138552811221,10.950687968339283,5.9487886864745025,131.69136428664277,0.2674528483398081,0.0
76.44053722631497,7.434164375215907,3.5851278327152123,143.01566094871416,0.2095174526307434,0.0
105.93433808417802,38.29045435469006,9.385503165383499,56.31674500945465,0.7896217680014533,1.0
99.09748254600292,37.84900011832323,14.41636973651731,65.16228602254084,0.7263505767924489,1.0
21.27389404100429,5.416757875022465,6.424204210807661,156.78038953780893,0.3801020010771599,0.0
79.94524645305552,49.387444869171055,19.769625932122537,81.6602830529107,0.7663024797017679,1.0
67.52299026861454,8.73628619222963,5.546286148880538,138.87350165601111,0.28970742061335436,0.0
118.05564779428178,42.455901205842956,17.781010049289943,76.74023083065742,0.7070830502130935,1.0
57.74393895897148,14.729903379749643,2.0231820975191965,163.85110814092795,0.21153127278289113,0.0
106.5591087687549,29.132882455526502,20.41098796470508,73.19675306737967,0.7472642194459416,1.0
64.80730166804449,8.27273042211178,4.057881777440005,131.3760274905946,0.43720367538155475,0.0
53.112997747541236,14.796125117266762,2.6642524816034348,132.22339433756798,0.3777902249546021,0.0
47.826639122855056,-1.4482031364504628,6.7353763097001105,150.87392631089267,0.337026626865127,0.0
43.480677878468775,9.22280176594231,7.407668395472894,146.93482040414602,0.18870544134900058,0.0
62.994062683691,2.0864489407084648,4.864020292354555,167.02296873942254,0.20622516585259124,0.0
56.640804289864725,11.80457061916916,6.199088099604605,142.4440690721169,0.14493605277234672,0.0
87.71170509756558,43.75894842380737,20.238349025028413,93.49750686761467,0.8190228443661327,1.0
144.71618186620822,32.98674310955314,23.709184653555756,62.65805876159043,0.803112596057637,1.0
49.87598130527827,13.061081659843268,2.1851011233098405,151.64531375504663,0.42298366876012516,0.0
127.02845240517028,52.31147956768602,13.6082685092602,88.43393734739047,0.7631250896833162,1.0
58.406833245081934,8.569403297435473,4.072806222867242,120.92708177576186,0.4502771559110747,0.0
127.4658803736082,24.87209593066605,8.47597520022168,39.26032785253186,0.8780908272405994,1.0
107.75056749833759,36.862447164420246,12.354247161921826,65.42306667969262,0.8679642772032985,1.0
129.62774132638668,29.35044376281445,20.223274431555932,72.09200418596524,1.0557564571150326,1.0
55.5393691862605,13.821441988882896,6.296462660578798,107.25552891546045,0.21749719419915586,0.0
105.07451406992512,43.31563358601842,29.857410617501387,72.37598201605677,0.7793896694097588,1.0
68.02703639088821,-2.809984469953408,1.6172497496370704,141.53340165131772,0.37296860026092815,0.0
67.71081547026975,10.425353833713501,4.708425545610831,152.13198261358312,0.10335043726836152,0.0
62.342174354078104,7.592175965446396,1.1997640796818398,138.56187312579584,0.29088322561707025,0.0
42.449574649068936,7.032345021435464,0.055761597254079476,168.12710987351437,0.2851736223826283,0.0
121.86945824825479,31.24563217130926,9.287131111074231,83.05516777127534,0.7865898714478196,1.0
43.896498218952,10.613964328175683,4.574073720134077,148.47320197480454,0.46369646598390224,0.0
74.70436223554384,11.954032654529117,3.2582452643126514,133.40226539309504,0.19543615492598582,0.0
43.618327692688695,5.784375623650646,4.222041408541873,159.6410434186268,0.3900286567442035,0.0
56.737846805907935,-4.875109702311946,5.722500665707878,181.72376346927098,0.18265184230189738,0.0
52.22171940134823,13.810206954617325,2.772414922208066,151.31148080567138,0.22213912205641845,0.0
131.795836366226,32.323007489098906,13.868535566521903,70.91668773627839,0.776506432129056,1.0
61.65757351919727,14.228048293242505,3.529822165339019,160.50435707107928,0.26973696343273473,0.0
116.94676977085922,39.3149151668002,18.95063783248798,65.05890547084104,0.8824309015653169,1.0
52.339459515317046,19.095002390793788,5.912906854766281,184.35828654678176,0.1781258680237763,0.0
140.17517118624943,15.137970691262424,16.5129825603545,73.48901715052195,0.7298215918421735,1.0
72.21303347578944,15.728789191381392,4.4816378874558485,185.37214418562078,0.23878132128110247,0.0
75.85211372346001,23.755171982893764,4.793098566340102,168.52179048715445,0.1886756726956017,0.0
110.25680705055774,32.36632496723904,16.33205371862904,65.63401016583676,0.8926699668720657,1.0
110.07423949538293,52.74058078199896,12.955249175564797,77.14767884959704,0.8857378436404976,1.0
120.21826222769516,32.83277443047939,23.009740976964046,60.5981366148834,0.838651700195432,1.0
74.49158200651105,2.9998648954290683,4.871096296913392,181.4570061398756,0.2751681418692094,0.0
99.96711862765783,48.16678945710123,19.651446740220205,71.28539718584544,1.0097942754617366,1.0
62.10600460166859,11.610077292303526,6.2217604043759,149.30200041037844,0.47196377187673266,0.0
65.40225890696571,9.007322554381217,4.364189294583097,150.54440908321047,0.21448671608150827,0.0
86.81577838870808,4.630238133238959,1.611366195051041,133.59700916721178,0.23276273986817747,0.0
109.33105689122088,23.86028195420472,18.99794281576872,69.22975893675282,0.5988514061648386,1.0
51.17327943701618,10.437891796864228,6.837052842632287,155.91630487259067,0.27712797917129417,0.0
92.74409780326383,33.372949779383404,24.241835292514352,71.30994245356298,1.006239692586644,1.0
108.5968105992644,27.392400051978925,12.968262053005391,49.36063338713544,0.8677780795218298,1.0
64.80058428288498,6.868737555240569,3.84746983351328,186.20415649570512,0.4276744372429875,0.0
60.67928715659515,22.00944152057094,6.6308930327294595,137.9805925207024,0.487768501617451,0.0
128.7173647638609,28.303125748594518,13.487892114863703,75.12471479305869,0.8453930673880414,1.0
149.21906199634353,20.31365693547867,13.66197164464175,71.23185457430147,0.9955704990330253,1.0
103.48393637588732,42.23117696233027,25.405261303565645,56.40100518245241,0.6359150278588604,1.0
109.79267314908911,26.273780707462482,20.846823921863955,64.67951963995228,0.7001428863242944,1.0
72.18874171134354,9.500584842243185,4.206904424580806,172.87374707226064,0.11081824207051783,0.0
132.39089106719547,35.43746430083696,4.685540718850557,80.53140749307126,0.8254239501046898,1.0
74.79418394637764,1.3294104060633032,7.707416684674952,143.33907141354877,0.27808087559630784,0.0
26.600543023932588,4.862337890853162,3.290605228038759,159.09737718028526,0.2675600966841151,0.0
93.09328238319111,44.40069428823018,9.677659283305694,73.67703100571568,0.8370078603332332,1.0
132.59557727772398,45.70120427065679,15.433350418571939,82.14878077426957,0.704644263857201,1.0
95.27136503137181,47.59097736825679,21.95055462307537,63.772209277459254,0.7931872991716783,1.0
64.16829043339548,12.71098563353527,3.095059197945393,167.46296402090104,0.1462066498459236,0.0
62.695908308394436,13.745215872745302,7.209005348818588,157.92529363660765,0.29902932992078246,0.0
50.322995844401724,5.828541411118713,7.444216802994485,149.40076130359787,0.2341745650745261,0.0
118.22394622716104,39.30088297155029,9.87512138969922,63.377881549070025,0.860441995070513,1.0
74.31257487445572,17.086362422325816,8.473661088651427,121.41890655029144,0.31142109307266347,0.0
140.1639076333089,44.161624639919594,3.0972991268036143,69.68914862679259,0.7998461568187997,1.0
45.49471295031174,5.528183058136955,2.861503707476942,165.30300674260587,0.290495008935086,0.0
56.55461523805388,11.959294762409986,6.573840746987777,115.89142422642988,0.42268973593183534,0.0
63.4446775506486,14.869967756748059,5.711511818961059,148.25243700359866,0.41553864719101324,0.0
98.72054697532803,32.412128105287245,15.115429474205659,90.9984933378181,0.979239637678887,1.0
118.82765740481712,28.539814796365178,16.61071409871918,69.98491854482432,0.9097011552305654,1.0
69.26530852400352,3.996722304882038,3.1513492965979406,161.11700515385363,0.4026227589319854,0.0
136.80089340207712,35.751808914763,11.699251812201549,77.50176524775668,0.8790915021422365,1.0
125.66292171356598,43.40661773265127,12.914137412613607,73.59369489294762,0.7112100721823326,1.0
75.52761698392982,11.366300716520229,6.130297477106033,120.30306240384058,0.33172149080665125,0.0
44.98542417631716,7.249755667404875,8.024359379619717,120.47240939567453,0.35018698029873674,0.0
56.286939278718876,17.215815644295862,4.489339218373846,150.10285489830525,0.3970770946047455,0.0
81.78354496509124,44.673299595684185,21.937971166533515,66.12757008046383,0.7936662111123975,1.0
127.9063537051023,21.45317623393431,22.55924553117248,67.63738257628454,0.6697463806678391,1.0
94.35800775199613,21.1705843103296,19.16100002937969,79.42334522511413,0.7436590685544918,1.0
58.68546970314738,17.59679450732382,3.473940470335231,112.28666029295698,0.1375404539349904,0.0
41.629868820981805,4.901999522081542,3.2313787496848008,145.90500916469165,0.29373143796665035,0.0
38.9427858421505,6.930404991594276,4.482279446170193,158.63658231008304,0.2788282137968422,0.0
73.48593346427717,9.398256732216128,2.9971925621235154,161.31760660296493,0.3453363105740993,0.0
53.77868793555538,15.146155941634769,1.629258668213864,128.29259757779144,0.256376339068008,0.0
63.14801447773133,11.206383220990421,6.062912897992469,165.23521817598677,0.30395834055971244,0.0
91.96518558967168,39.48264372051725,17.15852021444294,89.24053698090727,0.7862985610092533,1.0
26.969796875621228,4.372722090082575,7.3357085874334995,157.53137058921286,0.2190849041601794,0.0
79.06277775683691,12.679142715499108,11.947711817980142,46.695520866301266,0.8645834317168056,1.0
66.63281307208872,2.878496942471026,5.940270611648992,132.0389567707113,0.26425424330466707,0.0
81.98719308855368,44.157044108697576,21.416451914386556,69.19960273611787,0.8954696407374808,1.0
77.68375492175569,13.018828072770951,-0.23425346747560383,139.69928277882417,0.20895719682598052,0.0
123.4538539388206,57.98081455714687,16.52058868320794,55.643340313964885,0.7645805663431643,1.0
52.67513672796515,0.7689165520902712,1.7522658942736706,141.3060841788678,0.38580296732396513,0.0
144.94222846896383,35.20974728044673,20.774026237464327,79.7693060281541,0.8432044113705445,1.0
101.64901780543263,38.41836144060562,24.23627148438252,72.08682135074447,0.7269655259257114,1.0
55.37022224378463,9.832861609661636,1.5966028286147527,139.26727668261995,0.396207747737356,0.0
48.580796991499625,9.472067999690722,8.533810617744246,166.49067462420624,0.14423405180390053,0.0
60.42290802836012,16.52710969712379,2.7195978530113005,154.3481484752189,0.31364309231635235,0.0
129.04340263621822,20.85755183602266,5.43653714802004,80.70746067805699,0.584098858358046,1.0
68.139863371307,7.560684895995553,3.57930701889226,152.18942194298947,0.2594623023735338,0.0
27.81099510986288,7.423434300840805,5.869277357684539,125.5898789004791,0.41699245576780397,0.0
54.669286709830544,8.288607577199649,4.588259415148538,150.82653935190893,0.3828273434118327,0.0
101.8966857383721,32.73928802513606,20.935594585103004,72.16405446766797,0.9179832333189315,1.0
138.5798714658313,49.40673345735464,14.86373715778577,60.63248198398094,0.8427435055471567,1.0
53.95713874317363,0.23870728821093756,5.565336267215215,143.768482896555,0.3193457993437863,0.0
118.51257791533254,30.64197288667993,17.359966819936666,91.36769668917697,0.6505743834955781,1.0
38.48459840231146,12.020929183714088,5.34272104535583,131.71957585160413,0.12269004799635541,0.0
52.300019939281846,0.9953483968475343,4.218432764069724,177.4682674991009,0.14521875695866687,0.0
145.61565272004947,29.66776629320339,17.000756115520282,73.95186099067034,0.8331469403971506,1.0
75.24130589204445,36.180817746361285,14.884556311453974,74.24757137140551,0.6972418389368651,1.0
69.1603060879691,12.840391582932703,3.148539134118389,126.72030008888747,0.23191942754616435,0.0
58.31992802956674,5.2148581613126135,6.4929120541403496,128.81920580911034,0.23523103652519486,0.0
66.52665383353013,11.339555604536363,4.132203690710368,152.85772674786,0.4966938312020585,0.0
84.11115989355348,10.781288333769707,3.9661741829638952,121.266426232743,0.3687204467174046,0.0
114.13730760789801,47.43897112996933,5.744735000069161,53.20240331644311,0.9288618583523804,1.0
31.24083905824628,19.435801798589978,6.076302888654229,167.68092666376157,0.4134459834737826,0.0
60.81851934856017,0.21626900328905307,3.882145204347898,182.77778379492247,0.2622528114217979,0.0
135.00736377039692,47.93878032213452,15.108925826551062,58.269125364532876,0.8748385704665629,1.0
128.89116695579372,35.11596519226031,13.807820081849531,56.08701596590174,0.6565988359126225,1.0
107.99653056161007,42.040790363280784,15.441681792907259,62.66737132258499,0.7310180442882074,1.0
126.68654809392962,36.7605805405681,14.641599675301693,48.687794470110475,0.7406524786569386,1.0
131.01808021606345,53.11970165694154,21.54628356402007,84.59879800617263,0.78394395447638,1.0
95.38807747404645,47.99803381873168,17.934196254818882,77.83107931172486,0.7436739545606452,1.0
77.71269727417655,27.630107824053706,12.379405772916211,81.6417297511554,0.8450929226553799,1.0
85.99323090280177,37.75481278155327,15.972536114698496,74.60716078660789,0.8642070039942162,1.0
49.82476706383696,9.963837808744604,6.335809338157949,192.5555819991683,0.4499459987676759,0.0
73.90541131054076,9.091692161118818,6.483895270353209,144.1304290763022,0.1890199919346444,0.0
134.40810499763023,43.698214259636664,11.33622686971192,67.15840380129235,0.9662354560401226,1.0
43.94287788732565,11.006913942397457,3.0527297784038776,156.38726025034396,0.2663525043766808,0.0
96.96715929123073,38.421579096981915,15.469238895336098,61.59253907411208,0.7677894184910196,1.0
55.805728902903425,12.258092922693258,2.7212690171638316,131.77218471473756,0.16378487399351688,0.0
71.67949790730574,8.60387818163022,3.6776788647440464,130.04520002847812,0.45011628596586173,0.0
58.52437753723184,18.174658001668845,6.460573240139505,160.18353429666533,0.2277066469584823,0.0
109.56306010622917,40.904415555201126,17.471032350706665,63.3618184687984,0.8339649773272015,1.0
110.40119149255759,59.44578318667115,11.1238615080174,59.95103335679393,0.7867662416771315,1.0
119.75352945917176,37.646755511695346,19.950998386071248,92.02623758455968,0.7837194757633658,1.0
93.22540790893687,46.03160394295078,11.602725354268493,49.24849875639799,0.7327120500224148,1.0
64.00030742237031,6.628063219223614,5.756493436174689,125.04908558220492,0.1621956989450247,0.0
71.49759071635435,7.799450880881132,4.718724795409322,147.12902330561076,0.14569381807929865,0.0
67.59904442728973,9.745534084025005,5.3785454151154015,134.92807740558624,0.28810276176453575,0.0
114.7129289964073,41.01584379857835,18.77003369761275,63.28431529443789,0.8972017662230415,1.0
103.5301264921414,50.18572700898723,14.390774549450374,90.2914460243814,0.9008404479610721,1.0
43.37964050109535,12.172639987206338,7.0489617883582,192.54148221163547,0.27321699080596296,0.0
127.10804256406071,32.94796723879544,12.324608260594946,60.95261519103185,1.014079933698699,1.0
68.23485182614458,6.903658756031039,8.377705405666013,163.5088711507527,0.412775324838713,0.0
42.43233178367193,10.24114625137832,6.374412271664033,132.81437977954116,0.3395123610420029,0.0
71.55688030521281,4.028128061040364,2.966577219334426,127.5974850426799,0.2563549779858086,0.0
41.92435985334127,10.052829809849527,4.683683234794752,144.00724642644028,0.3214364827441012,0.0
117.92840624653812,36.52086234874006,15.393181013270684,59.54656182869442,0.8254554898117026,1.0
33.81564895579075,8.67930502947881,6.655316976406933,173.05047261039545,0.33379066017287956,0.0
63.442213081896405,14.253914920888509,8.201620374603824,110.1290062869686,0.4631616670440881,0.0
109.69357431985239,39.45197096395902,15.663926378681309,67.75357161157821,0.8376089591937952,1.0
48.99702363852287,10.30314033491337,5.160374818518141,157.82596009084133,0.4155012150634878,0.0
90.19130102355732,9.694352134657766,0.8571903356686867,134.36886193318625,0.22327329601668122,0.0
124.73467550005861,31.07368411971712,10.793146495284478,74.05366570027687,0.7213613934968761,1.0
59.08758193685904,10.484262071341044,4.098078152645291,130.76258664172158,0.3750430346767288,0.0
105.90343314809348,39.54720336827786,11.604781123306447,75.52514002033917,0.745495914117406,1.0
52.901197294712546,9.168481875843176,2.1554207127696983,136.74522320001236,0.19047750165889002,0.0
87.30901057101016,30.79657731601337,17.946582946391473,86.59660425804684,0.8788020074690274,1.0
41.44720065933153,14.704875732672054,5.124525309300335,157.7380144726153,0.20263149850848355,0.0
64.45240740897911,45.29157033809075,10.803017162608402,68.58002437034953,0.8442768866808779,1.0
126.5330649160268,47.082494669126746,15.301868975415202,69.33680824117006,0.9312049891941149,1.0
62.55896145270677,6.760926878196461,2.7480644967244094,144.39097643834026,0.22173855021067562,0.0
45.01269113760431,16.548470595316836,5.160719217965455,164.3141448565731,0.17044960136004397,0.0
72.3003719357775,4.712476172687891,4.369241370859354,116.6905249350711,0.285877544068877,0.0
75.98669587765396,7.518969852009771,6.300688942800354,179.3664955618621,0.30104778721439923,0.0
38.20381241008806,4.683343462273576,4.116468571301049,172.90819954316572,0.39540467161370535,0.0
40.53759358727524,5.728658792965954,6.196087613230233,144.3625208964666,0.322308539358259,0.0
34.05670278050901,7.121748969465855,3.54057923415156,117.59736970335422,0.18087556306789626,0.0
108.46290482299452,33.498808233239444,11.88413723680033,74.52772982528143,0.9375694001990444,1.0
55.89433592346314,15.883682098782355,1.8464888657695808,141.33769866851847,0.37338669202540725,0.0
116.14074307719349,37.82428681411394,14.068629298196958,68.7175436702884,0.6800469473073529,1.0
127.95969650867846,47.368696156248625,14.854732338389566,76.39403133167109,0.772880636517805,1.0
54.414980439240125,16.253165889610752,0.6214376175721332,156.48071702123994,0.23208278779568753,0.0
53.558360332709825,4.289426184769684,5.737782304459133,141.2537842117547,0.3410958248628381,0.0
70.32943973906933,7.040693718705246,1.8957915689140457,166.72957063048233,0.1870543741850229,0.0
60.40330753855031,12.667490768344916,5.634066867654466,151.55813376854843,0.29379449345137765,0.0
117.2258539852008,50.36964323459105,18.3330249957903,56.86230738311474,0.7080657066550177,1.0
111.19121918439122,44.002253079480816,21.13277210425629,55.444059280790384,0.7937634609381682,1.0
68.94211065772008,10.888862378919091,4.97757179168425,131.1838298195188,0.4664941704369225,0.0
77.09086968837235,15.060211569738753,6.250504068619573,123.35937638361037,0.17935292979934647,0.0
54.59596217065258,7.840704718730572,3.2468367014814365,170.14139385762866,0.2602711186581738,0.0
72.63616865637847,7.750146691526746,6.028967280092774,114.51791021942623,0.3926818979047583,0.0
99.5428684356083,53.01159437183463,16.37484650126849,62.42664339368146,0.8933096328426706,1.0
66.60342596979672,5.46537314296869,2.0873050472847416,155.27986057453876,0.3008106674218047,0.0
92.79673856656028,50.022561160050785,16.603305991109895,60.733035294846985,0.8279644221464679,1.0
104.86558833513604,24.74745359213956,15.862555100018792,63.77087761846383,0.7767222692626936,1.0
37.56110515881885,27.98334985971779,8.060158869278888,74.25600590308473,0.7819886514007213,1.0
112.74520773051721,21.87897135543674,10.209427788489108,83.29836021443532,0.7703078693770535,1.0
67.2483803444217,12.256117443459798,4.827845746518534,171.76258865519065,0.28366938813432335,0.0
36.74530455540756,-1.2392992305056545,5.037706397757532,149.650164278406,0.18021665511494234,0.0
113.1909816500248,40.902952368834214,12.10894981655416,87.13019247846114,0.7458119539687865,1.0
80.70356346342231,6.9753212949216366,3.257530448774716,154.77983694490993,0.32978314220983584,0.0
55.9707267263458,18.651043580006878,3.671562915051481,169.14774163185956,0.29277612816664567,0.0
69.3465289475275,0.861577096874246,6.344974925134044,170.6287256965561,0.5503780686276976,0.0
110.63250961134277,29.89535381964952,17.528210730362964,64.73058541581085,0.6434526990626837,1.0
56.94205485971943,20.898153615573616,4.1742867453842525,147.43928539643383,0.12525657554685907,0.0
133.31786184426744,32.01949469926529,15.545717989195879,49.144695562491336,0.7057306424218035,1.0
66.17023248511866,9.24662313249917,4.40396260488206,138.5539417734473,0.05781361915708974,0.0
61.82213590566412,14.502241912528696,7.495313603427438,146.25588015829388,0.3084729580682614,0.0
65.70336205666706,11.70961741709259,1.9176786385383209,123.60419906695398,0.26869420072559813,0.0
96.10877908627302,41.98493567984693,12.555240910814769,89.67846339915968,0.7757244999425641,1.0
116.67718718826875,43.04303673581277,17.834606261720833,64.38175467369005,0.6952133332633821,1.0
111.55908870477577,40.52806015873588,20.236877752587304,76.82023942812317,0.8571464932411019,1.0
68.6302326282516,7.602541648522374,4.593727339181949,199.79522313023327,0.2976119474604369,0.0
115.69712173233957,38.9617136904744,16.960697938537933,74.99127096399108,0.8730188030318876,1.0
120.74196950317322,32.680904475365715,25.749121346318688,80.55803283763964,0.7000296317814781,1.0
46.57650772929953,14.204054177635285,3.958863589557626,134.99474663161772,0.443843211989767,0.0
141.03324479480915,31.501373945207817,12.236153783340672,73.64267613473243,0.9389555703137007,1.0
80.9868146480445,26.102907215037554,19.916591529672896,84.48928557822417,0.7444859743650454,1.0
57.02222151975778,15.56925008939536,7.934281475343461,153.37362409369814,0.3607984607608127,0.0
111.4657664955902,47.91738860927323,9.808464647950828,72.08641518013864,0.7029250541111143,1.0
113.27697965860122,30.166740354025805,14.219323721203438,60.46517426541197,0.9715817785594534,1.0
76.50562648072845,48.58221767476198,27.64898811577981,71.1261737513877,0.761860226531706,1.0
106.20210523307418,45.8610215986582,16.447233132363046,63.80237592385857,0.9517681267861574,1.0
64.046025607936,9.454512462608006,4.786421517749995,143.3458067883819,0.13511794093840737,0.0
158.05600473799325,51.471018155376186,12.139387326149869,71.73703486796401,0.8207744094284493,1.0
124.31505820830023,19.844801930788748,6.74207988564665,66.6454241789551,0.8939554562748121,1.0
139.69420531312164,35.265880398652264,12.964673484489161,67.64990162799609,0.8636196309039541,1.0
78.94193742753733,17.968483604266574,4.680151566538383,151.29900900468965,0.2815651191052062,0.0
59.081803305678136,13.221875705245047,1.7100613496416819,159.93470275078755,0.2991778846978571,0.0
59.789990215565155,7.696865849615646,5.3153957936472676,109.78193860377854,0.5787994823444316,0.0
50.85945795939353,10.018982192646249,3.597643872131264,182.17475835501673,0.24837284989487157,0.0
59.885857710475356,4.869384233973023,7.000284530265005,145.75153153337658,0.3168309279318576,0.0
75.67136167274644,6.791660513755518,4.152605512171605,139.2176785446916,0.30027354496307057,0.0
67.43986908402923,36.778041438135034,15.031546711012778,50.138167968503566,0.8136311541550713,1.0
73.6531401820817,4.484044776795507,5.186163290528152,164.0153160304017,0.26375720593566787,0.0
81.66791232877308,7.686933550441614,1.1952363187076118,171.0585611935773,0.2537606335282733,0.0
93.16463720471828,56.262645582549204,18.605881103961377,58.44730689281358,0.8451018436206034,1.0
57.77750399312022,13.043762022498752,4.4464811887560955,181.05968384212238,0.22238453632818017,0.0
39.78754075836685,5.75385397192912,6.006101099302986,174.06967470614492,0.15529542206175947,0.0
25.608004283901295,20.26974493664912,6.857896400622704,132.8486964549729,0.24303429520352154,0.0
120.72395998236088,46.18450340055487,6.3932604834148385,70.14989773111303,0.738066148899432,1.0
103.80189400072332,40.638815651166745,22.92682871931791,83.74117869832935,0.858342426944454,1.0
109.64549847954972,27.121546857569875,17.68930019773472,64.67411713362274,0.48535127417119717,1.0
54.05014423490027,12.019304496299137,3.75523289610367,138.65917276807247,0.44285691320418674,0.0
48.4888182414419,4.560161404207213,4.748966651550166,169.42210490505047,0.40582499281054485,0.0
80.82771468673545,6.156780610270181,6.0191406883753125,154.13944348399423,0.39563608113553944,0.0
75.15079185364887,6.701102063206079,8.197175770495754,157.9119170422693,0.17880092253481517,0.0
64.24311879965626,9.898200531524768,4.871121481687305,143.67859963594793,0.17949242804906995,0.0
57.75265912566454,3.786099563145177,3.8855405204327345,165.05175006118242,0.2997808649696501,0.0
100.92338829611712,43.919897331932546,18.031226207684785,66.95936025916144,0.83853159065252,1.0
63.59230601576117,10.63221771919696,1.8888156081039513,160.72230840625733,0.3335215706270122,0.0
73.68708102022649,11.740598600121075,3.9986387945498416,175.0985860934212,0.2207783601384255,0.0
52.58043006490196,13.936784232325596,1.7493877035373866,144.27044709692632,0.35539240494797525,0.0
49.88805866210159,18.199736255228135,3.4098422627498377,146.13238383985018,0.29642196112631003,0.0
41.85187724249391,18.77008747641443,5.4195811840178685,153.10270295024281,0.2153867718379106,0.0
108.58902163534837,36.4696379416598,15.698142620116013,72.82076332302907,0.8656947508123272,1.0
135.0293350334628,47.878989362168426,13.933072743746752,67.17100127031019,0.9069922509679983,1.0
114.48146653201528,48.14742392463189,12.147571496965085,68.05696331518047,0.9715157816568707,1.0
73.14353607514718,13.63302113218612,6.363056633229891,197.49568321832595,0.34520314358206666,0.0
79.03887041156098,15.319775171734666,6.02830884386461,168.81517097104245,0.14496663166295937,0.0
56.40418947175286,19.437153435167684,3.5085388202558985,166.20637594505058,0.5099263536451293,0.0
51.338614387781064,6.1912796935724455,5.067319172144154,136.65568716158668,0.32629175320555165,0.0
105.18154091275312,52.980942252477234,12.273696086636203,67.03387903724082,0.8107928656291783,1.0
44.52764558632695,15.666655630734402,4.049954174566362,174.28010786507113,0.36181727737075225,0.0
50.2966716325054,5.882295381403024,4.813785245459735,171.39569498914088,0.3344562662289938,0.0
60.337267394937044,9.16264287137565,7.559369427316906,132.09405315759614,0.3321423337146635,0.0
68.4435311040773,6.816441879197948,6.19068649156366,161.79302839944802,0.30938393083955323,0.0
72.91621457589532,10.225721087003224,4.576626716943558,152.12683475438828,0.3099673849022156,0.0
74.58972891108218,9.643613787377676,10.418277057052833,135.43261496289958,0.3048537032949567,0.0
51.16855604199481,8.847867938238977,4.272850492831788,144.2985438356566,0.4658370631303616,0.0
125.35535393516294,51.96250381453399,14.779080040270935,75.10204358275826,0.7812862180838251,1.0
102.67508506089612,27.343795936299422,7.100917973390935,79.99372904379517,0.7865042141843853,1.0
121.91436968570677,42.499489621160045,13.866571362608413,61.49514467571365,0.7843147192331301,1.0
73.11918636695005,3.515081206261942,1.4298199783309884,159.8620859123678,0.1151292055739685,0.0
112.02055917918528,51.197193509565864,15.506372099086775,65.15093498801448,0.6251591805851858,1.0
119.1525780614006,40.43677688568262,12.603363507568266,68.19209757545428,0.8050124383601541,1.0
57.29687363038702,13.661505816487653,3.2440041178273904,153.6105165983256,0.1375825634960977,0.0
76.60292881762598,7.652281183665187,8.818912758869207,155.98174152799393,0.30183039271190126,0.0
86.26249625319087,30.37602531810362,13.97210850715962,75.61731436124067,0.7620650932815007,1.0
137.41597910058783,43.82076440846259,2.075687700045183,65.99554009531137,0.7562302780478517,1.0
60.04739860237862,11.076274310875169,7.832177060319401,148.34790810871124,0.07953123767928238,0.0
45.72562187395282,22.871691120249963,21.669584635980954,80.8424656565476,0.8561379972456734,1.0
74.65621282133382,49.00400100256394,9.57623150460871,98.08533936228511,0.7475803280557688,1.0
139.50128996431528,22.32445845836219,12.075850519874962,61.987143786973995,0.8131091774035336,1.0
110.96345802791201,38.499018051358156,8.646887043014098,57.19043024992808,0.7032763569918462,1.0
54.141257474662574,16.354683378619185,4.155608578060114,163.1904393312375,0.5017544146078597,0.0
72.46283620676843,30.043421863261713,11.276084664144756,80.05792466339248,0.7903911169447374,1.0
65.53936222548093,42.51838100392415,23.652937592625825,88.39821189750285,0.7193040053583031,1.0
96.99955194041041,13.06098756544024,3.3743011380776853,158.32607786475614,0.23099855452848678,0.0
82.47284345920102,45.344265541615925,11.040817783219842,78.50068288561793,0.8124699679601745,1.0
123.64403382021524,41.52772129273259,20.135259964073263,76.91400939563853,0.6677391389285288,1.0
101.64746114478294,51.369112377849554,3.759587268659729,67.34807992930588,0.9336819570691505,1.0
107.33759110432162,30.59461264586054,11.793651572992772,53.40374497834633,0.8819377000868507,1.0
41.428403548882656,3.4161844887381845,6.679022584048494,117.72182353002296,0.40666717058578244,0.0
59.020057994731665,10.63804168623198,3.122142312900045,141.49273456313458,0.4577292534809374,0.0
56.218999129424496,10.542213686365896,4.852398111472994,190.065253492068,0.29878549093894025,0.0
105.08300032205608,47.258749172752474,16.927839471780775,74.18323477930977,0.911549443015221,1.0
133.12131890257612,54.54896930716332,13.825769075305091,46.47156512471684,0.8649764034230004,1.0
63.374569351293296,2.5968727842041774,6.0973072126498735,161.40235072629312,0.2563751891761548,0.0
58.43449403943971,20.441611313621802,7.8150257197077675,158.79776668683422,0.306053840184542,0.0
116.08011271975532,40.33750414883842,21.603478811551756,91.4840344993632,0.8608546562906514,1.0
66.70567076014349,14.878350524063375,3.298820949108864,153.96884792671537,0.3078489796435702,0.0
50.91966360797774,15.537312305425317,8.060884844122498,141.22741110904508,0.4617549478634215,0.0
87.81788418948943,6.590245350829047,5.114157715397731,145.6025347159412,0.2578745689275611,0.0
71.6741448388182,1.248690482338123,6.475053668633871,135.67082928088368,0.376225845270264,0.0
46.463017697094664,7.501248277861951,3.633914315102337,161.5335264109529,0.2845669079128769,0.0
80.90106600019669,4.752397173618038,6.9206080522254005,141.00399120549378,0.137535195151503,0.0
65.30947524785834,12.824354771806835,7.247740610365742,133.89030918722713,0.26660296810721684,0.0
119.64384612605278,37.06265094176424,20.149198436165655,81.73107816535016,0.7278525962563686,1.0
108.10338037762043,52.180938469440285,11.229434627559963,78.84769899636898,0.8806221185463965,1.0
74.57536267974149,47.993811717034106,17.855064908473658,77.82048220730948,0.678294722112222,1.0
145.5210516444937,31.766209704188338,19.68565919660246,65.53477653661332,0.8262152037160204,1.0
38.991078713495824,9.649832803056416,3.395831695957261,148.65764562405096,0.4278929240081403,0.0
71.12962086737201,0.3531738903655999,5.4789795449187375,133.5986403510683,0.40702442264768823,0.0
77.8107907207605,7.775893096145713,7.653137211323514,181.7702681906534,0.2723644151441541,0.0
78.8800875150514,9.323393765465458,4.190919216703142,170.47154559270348,0.25800578415965125,0.0
54.17623361605425,14.19945023183672,6.151524717003078,164.19833535732312,0.34794793078882663,0.0
71.13629024466827,48.40581200131671,18.70064890759514,74.96077627321861,0.5984869968318243,1.0
85.64291208281915,29.691278180646464,22.6749600558487,60.13437992063692,0.831563180275625,1.0
37.11083876922387,11.396176869905073,6.378156671737273,128.30222920066487,0.2660791017691464,0.0
114.90031758885968,24.354199058633967,7.1228663224078606,70.23434628558805,0.8805727318275546,1.0
142.0372611645064,23.30217237144935,7.880557797546542,69.87844756698114,0.8020926793849291,1.0
30.188798922988003,6.269942099855713,1.304033840818176,144.88741987054524,0.1857278258761447,0.0
54.224995917265346,7.33556942447047,1.849933160460525,157.41440381052834,0.3194012351194759,0.0
108.6082332568294,41.610603731704586,4.925685863546558,64.02731576773101,0.8287272556629209,1.0
92.3550820238989,41.45431614520349,17.364213437525056,73.52150036101423,0.7551899398389352,1.0
106.82897138332915,36.75630214768753,11.253317523394362,82.16848620153795,0.7915879830962408,1.0
76.61521445620711,10.154825407190938,7.9043179530343775,133.65614202858848,0.25212843904273957,0.0
138.07708928801193,49.08921673629197,15.164463908767736,73.06670043844782,0.7855100714690524,1.0
81.93180047312906,39.46692710064375,23.75844659434636,82.84470750062007,0.7625958432345543,1.0
125.77536815138693,39.02780666251784,12.318064059827972,87.91662845907211,0.770722564372304,1.0
172.83000579511395,31.25993288303725,24.74769259427785,60.253894317173064,0.6825728512776024,1.0
57.48914925331905,-1.423023064710753,4.367103790039898,128.403545699694,0.2579742075370627,0.0
57.27865058523231,5.186752584791593,3.9145418462945667,158.02721377994484,0.4066029446586823,0.0
154.3981224610293,24.711587088113216,13.670562932744625,63.076784342555264,0.9212617344856664,1.0
67.41111180223652,6.442409276490607,3.4948224347615255,145.78933992590464,0.19912960230929988,0.0
134.8084258909811,30.7050464317313,13.136040133190724,64.90215244471503,0.721723570660398,1.0
74.47427697661709,4.520767778809485,2.5476894509990693,136.2264564917497,0.17264773057453367,0.0
71.79295265286191,46.28406739274885,24.14109280856804,65.16691218957597,0.784991935705283,1.0
97.72069736910608,32.97143335959512,12.976972865395872,64.90168696772152,0.9292398581514948,1.0
116.54415223474668,39.34901997890685,7.399827829309743,73.52494053438859,0.9120744146325492,1.0
147.0603408719101,42.99950669435894,17.39627234099462,86.09593866293923,0.7843323507136817,1.0
113.66967615336208,44.31338778268373,8.66008466508178,67.45522402167298,0.759126951011823,1.0
79.71138475724442,11.582610980897625,-1.0395383930916937,130.13094613848264,0.16647099017094188,0.0
58.218428400253394,1.012338243577119,5.525319225755214,149.22938717357786,0.31165646470124503,0.0
105.21804981306524,79.28375428596537,12.210334293934748,66.96535080754656,0.7727318981759734,1.0
100.10297075401013,45.06737901442874,15.913418484955615,65.8211350105895,0.7783027884983861,1.0
70.72573088545572,12.148201662945153,6.609112168798193,160.64796339669772,0.4250037526975089,0.0
110.49861512030785,31.616702851162493,11.437349399442368,63.76294237176762,0.6488337721994102,1.0
67.72429760694271,4.99092492696851,8.095635721374606,133.16680288701815,0.3457649835840487,0.0
130.763707506797,36.04196603029475,12.64155042977723,60.4663586035501,0.7118327525468569,1.0
109.99034006877997,43.78082163288682,14.32043020734664,73.88166523165611,0.7257137329526099,1.0
61.835455862202316,11.469494160603332,7.324519090383787,95.85400418949513,0.36375392051035843,0.0
83.17443647670089,32.760611553374936,11.86895277949133,54.98574515788668,0.7528004041661972,1.0
56.922736600819775,8.110035992206377,6.249394277803576,144.92148633942867,0.29044984166050947,0.0
133.5292968511095,49.92630216616122,17.304669936192955,58.5339337936056,0.7014812337030145,1.0
53.388344078368306,11.696363459107127,3.921188532250939,132.97848458633118,0.22307504031667816,0.0
60.46230834966714,16.883068606827855,4.1730783163169916,178.65116317718707,0.2071211072347674,0.0
111.98689138135471,28.024396382585657,10.906177432761918,64.04381766754143,0.8482269688631878,1.0
79.10758360955589,3.853116666604758,7.459647822595794,172.81388619897018,0.5292386290863507,0.0
103.88081205563974,43.559428354571985,13.428200888527606,65.23465089702675,0.8467467212451297,1.0
97.05857798775943,50.68617954102794,24.50636904645512,74.02494202053322,0.7193228919235202,1.0
87.17054606487717,12.93001865566941,3.1349134887236394,124.27580327609209,0.23914944837383825,0.0
93.75430618576418,39.28558477308292,24.3066756185551,56.26843047018379,0.7159657337892146,1.0
61.70207625287045,12.362038955628023,5.384215985038917,153.24014719334798,0.15724873483366453,0.0
113.08092834760194,29.550160601827834,14.898890322005755,80.95927508983023,0.6197444330717942,1.0
107.62140244090816,40.768006539342416,14.721635040404843,70.66063291146621,0.7939587243414035,1.0
114.8143732078667,55.29027791172245,12.993683911138962,78.97630514017122,0.8480843031229467,1.0
105.52660603144359,45.5671349469457,16.307362957698246,68.67130961521927,0.7854691032996246,1.0
71.10278911519552,9.169045692338267,5.5496972648728775,191.29582262854933,0.5485305017402883,0.0
107.52666908889461,36.20603634098867,9.611979703985332,68.92289344792259,0.5440463659904384,1.0
132.2461324528106,45.857574178736165,5.79686611410766,56.684981410376054,0.7250534485287579,1.0
106.68228968331198,49.106475682752674,14.451679715622213,81.72631961379645,0.8283513788792345,1.0
117.87147276830899,31.69070748002594,9.875644991325036,63.18568878387777,0.7991151061785532,1.0
68.15470988002762,9.505931790078028,6.270531978004477,162.0772582877287,0.09789317553760163,0.0
110.66795886457575,31.497664647956114,12.622526741888528,72.2681132794699,0.8096281498698799,1.0
55.178667226009594,8.516675397704734,4.124142648181221,150.81902054787616,0.29727183189630146,0.0
118.64859143543464,46.75457391694564,13.957896621455053,74.07375030671497,0.6890753130108114,1.0
50.32868707001649,9.405793084296032,4.950634810139612,153.30032133327174,0.23139684924859785,0.0
102.59085340129437,37.289499703056286,19.061271625600934,67.78836536277389,0.750928679598823,1.0
125.85946846304194,40.14380676243752,6.3163300820815245,58.926976191570944,0.8566113485929543,1.0
110.36921836992794,20.454217306907555,6.913842518528053,70.02950779991069,0.8044344088573105,1.0
87.08880580202172,31.89378169918703,11.361028916979414,68.02949283550136,0.8817379629199873,1.0
104.80812131447836,41.60189285011167,7.705518386715897,68.25097972078265,0.768798765536329,1.0
123.5559457955644,43.10074938175222,13.848750560487446,77.44151388956863,0.9235328443688464,1.0
125.6365386470273,41.58862246053125,9.812949777162846,74.50008113191687,0.9650583586419805,1.0
28.130514166585993,7.913881828991216,6.592645577121231,129.80545023749843,0.46591297209845195,0.0
135.01261564154905,50.488918737028854,12.286329783952928,80.8927855234727,0.697272901161476,1.0
84.00826907684294,37.49857675248918,17.168779084486587,79.10064004815531,0.9418387503692669,1.0
40.747879907924556,23.173508722861868,6.90124568037429,132.40186567521042,0.32643948201347356,0.0
70.34457579179163,35.317937087980006,20.915040203298744,61.51239058127905,0.7574400842730714,1.0
114.59653750283445,28.665571196470236,15.900758368851019,69.47619413199695,0.8124554481835751,1.0
57.43174041099538,20.070584754965616,7.34974128460998,152.6010950089647,0.1411561967539724,0.0
122.15734567516321,33.00091890221606,9.554132865852146,87.01511373952285,0.9242946715299043,1.0
128.61671964730326,37.401002474506186,15.12226037779059,67.96685793273151,1.0309853811466416,1.0
95.43301323905865,34.87122589934743,12.930523175979658,60.48772748041577,0.7112709753355891,1.0
51.317891429455614,22.682086730411452,4.243994434984712,160.82121789066412,0.31271283159325636,0.0
62.68022649498266,15.166235625455105,7.938657629456504,178.09498328542264,0.3840215232325677,0.0
62.962501877944725,9.216950157667677,4.50544344252809,153.75326074136154,0.2741800822153194,0.0
78.10893787158751,7.85480724702273,4.12984421972496,162.16013981151295,0.26954825009500955,0.0
120.51080779884715,36.00610508185555,15.539914159033493,83.16399028233297,0.8709798175540807,1.0
119.79215638307079,64.58808946586188,19.612041998407214,77.427867459207,0.796795063618532,1.0
118.09583323200276,44.69641587324129,18.409508141117595,73.60117330206981,0.9742918603779589,1.0
142.35113789472115,49.42035974515824,18.100963248952596,67.61773476892459,0.841181312394259,1.0
47.25600516570887,10.965032075887553,-0.1519345891313879,134.84058530720952,0.35213239904743393,0.0
118.69749637488643,33.61003127831716,14.960838424969225,57.60769118421479,0.8461788245498099,1.0
97.05291864280267,49.10410619852673,11.513404237483337,61.54486765334234,1.0166879834506657,1.0
70.79013362274523,11.237345764551337,4.7222923957616985,155.33916821103995,0.3239431439689931,0.0
54.824471320240164,0.7971003529868526,6.588230958797285,127.5742825326927,0.3585129169704913,0.0
134.52283895953144,54.76978911334997,10.51308141046037,67.34409818454454,0.9225533940467551,1.0
64.67535412716573,7.1717259100277735,4.8961086458662875,147.74029616543984,0.30756793691222384,0.0
130.43214832120518,43.42597331015428,26.709220880795222,73.55468547730375,0.7707060475437335,1.0
74.3446332957362,7.0624142752455965,5.540958874177963,165.50899236539567,0.2857012835638002,0.0
33.95230219944043,9.793819174129354,3.8109719831708855,148.86682251609815,0.24537804770429708,0.0
132.8759776723698,46.191463818603836,3.4728429720781655,71.14912958790329,0.8594068235327404,1.0
52.6693137530098,14.353517493651264,3.2281592646747974,181.02238637262764,0.29515146503623796,0.0
87.05543146626816,37.18862957055175,15.93897307046402,82.89322582338758,0.9332667583430375,1.0
98.92115120887658,18.165775282332795,9.691879336081247,132.7219201978562,0.20858630726061433,0.0
129.13873529053654,22.47476043954331,16.42738825033438,61.07996089260208,0.7689419409241518,1.0
127.6106725107455,31.214297404328107,9.015292171991765,66.62839119575284,0.7315549985633951,1.0
119.13070056299757,48.46379890060018,18.850334066685065,76.63804153250294,0.8467886967731357,1.0
130.0171044971414,30.12440119898254,19.383512066656802,68.73734701616097,0.794784694855449,1.0
81.1755181927471,12.417435903353157,6.53849853415992,142.31058376371874,0.32011569843310433,0.0
113.44399682685753,16.553957266193922,20.78579467715034,93.42185737842078,0.7932551355177672,1.0
40.79988936498958,13.174240932792067,5.323002662637831,163.1850597379858,0.3194555416518347,0.0
65.57648726794902,9.761233264285137,-0.5419398971037541,134.8443366205675,0.25736288574192806,0.0
65.26205888530754,-1.234875727090607,6.428064805014383,169.89386675247917,0.22779630497013206,0.0
46.078276165950896,13.777938441592205,4.176067588817352,204.34777095098153,0.26450407262629366,0.0
44.87514107641163,-3.9534602847548417,5.016659052322335,182.1556315066884,0.21244084171183597,0.0
79.97143106239669,23.88236854134064,17.4588787138823,82.42762676118589,0.8070974938375072,1.0
113.85209070645747,47.703778394608015,8.672378781325598,59.6333753451676,0.8182495115791508,1.0
83.9546680670242,5.450689511533424,7.082771709338232,210.0852913133409,0.3914932168820526,0.0
125.04643884740905,20.468960823300336,12.16124614650239,68.49289601092974,0.9816443787261694,1.0
63.13187316336299,15.26878193685068,2.2010598673610877,166.61473213552154,0.33946596163171205,0.0
55.22034370662127,13.137885602437741,6.617207772747914,104.46412250368523,0.20668177008121497,0.0
97.98401261333188,23.70674113932776,10.043475328147037,79.06325730191489,0.6940004536563368,1.0
57.495994168457635,22.360383886210638,5.975971063252143,144.71771200216384,0.31255491713960964,0.0
51.07738501865644,17.097956147814788,5.9484609634078005,119.54127867218449,0.32021002249980146,0.0
69.69806600695291,12.307931071134455,2.648586609255347,117.92735551095718,0.1615428647055182,0.0
42.0622016328702,3.6107721808367064,5.863163671706375,138.1546751677028,0.12453608771304508,0.0
132.07968046224534,48.00484335149322,9.879148519474516,76.28724704412515,0.796355996916553,1.0
114.09308426794435,57.912764950870525,18.849509971882462,71.69200544829147,1.0208585951889,1.0
97.25999951509053,41.77028989763019,16.53574486565227,86.87009172661838,0.8015548506963397,1.0
136.86869017816198,51.60252188421363,15.899000392358452,59.79378964103272,0.8454164944114939,1.0
62.63767740234726,14.666801078611066,5.136890606376884,134.10360076487962,0.27646544099336134,0.0
100.93755038766004,48.11268214127402,13.373662859055582,63.72645242242847,0.8209755448635259,1.0
80.16090645059884,44.47175049727917,19.336504976261324,77.52725303798383,0.8206759541391798,1.0
58.66414718031116,10.520644863946686,4.718698388859757,181.3396406092679,0.4421486264240638,0.0
74.37207329958727,5.41871981410044,4.590865980062779,140.17439322151,0.3559460406452396,0.0
97.97660116093815,49.298894640296375,12.865420958838456,71.66959313231582,0.7790157008831634,1.0
32.33067768634524,5.222576165836407,6.545907389807679,161.20724267924766,0.31287526527751786,0.0
152.3061089497662,35.42947710571858,10.369933956570588,65.1761638166331,0.6435537756688288,1.0
129.95274291771915,25.029014079106783,18.403462096129093,68.36519551492117,0.8447183265340972,1.0
114.50553312906231,41.28177340489544,4.91714549794464,75.0792286611994,0.7660538869744189,1.0
114.07212637135788,47.969598661349025,9.902698095155785,61.15304853278181,0.772193743382096,1.0
62.9190679697503,11.396218908176841,5.566829195676587,117.08098021989086,0.4385543726023451,0.0
68.55653227832767,7.454614566182013,6.0985387746041155,181.85172058026984,0.31624796300570623,0.0
56.21960079119921,8.894249589040092,5.52526800368776,126.036157874478,0.48585075567487673,0.0
69.06913170913796,6.106770784920867,6.614016218815344,157.87204095125708,0.059850141545321006,0.0
131.92717202905487,40.74802101517528,17.7601918418163,72.02926353332202,0.7369641735909261,1.0
140.54973930934295,43.68354239656821,13.731843554530382,84.58288740299771,0.8061646050800322,1.0
52.028031861644436,6.640610657563608,8.172050677216017,136.2033368960328,0.29527747883939626,0.0
48.3317806281659,7.241379319771179,7.3461805831277704,174.69146336485775,0.31515831524614407,0.0
47.89214265730777,13.768927063814633,6.7327274286056324,133.18978645707452,0.3439610703607845,0.0
99.24230605356979,56.0296222602812,18.481614803389718,69.6868827596246,0.9405057446737124,1.0
151.2525066217749,29.577067684277395,18.961149637178732,66.17667664861196,0.9066573995389483,1.0
123.20569490505217,48.24561613490445,17.53521922415306,93.45135777433136,0.7493721049066168,1.0
98.97525946036964,28.746817387935014,19.842576511340813,80.86276399161018,0.7776683623435489,1.0
115.47509408542808,51.80959875297199,12.993545607437223,64.59274152846612,0.8808069462325595,1.0
57.87968736897515,6.008104808812105,5.902311573334664,183.26579085062673,0.0671346646161042,0.0
88.75984004125247,7.618663665496227,7.295582044285309,159.75800494201366,0.0979043021836708,0.0
137.39912656846215,53.06153650184158,18.636543451510505,93.8384207465162,0.8197269914334312,1.0
96.12903965878638,21.52080662724728,17.629714344249116,75.8870826398263,0.924958817012025,1.0
64.20481109550401,10.766444611573531,5.6594426444837875,160.51822021003872,0.5585646207995021,0.0
101.00271379575781,50.96234339718943,9.626085230600829,72.0778019798743,0.8555958767787575,1.0
117.13076599642046,29.381317202625716,11.14179208167422,61.46587309425652,0.7453646317556476,1.0
127.77745610858716,27.176257094034685,9.430635158070736,56.73401890511814,0.7181559878859993,1.0
120.67534656242535,33.75031321399778,7.1701375220989805,80.01434294602791,0.7062746421691289,1.0
19.376596871604008,7.815395346539027,3.1049346411982586,118.66182664390587,0.2517310466970971,0.0
69.42743282161933,42.907222120385114,14.099968491997833,61.90481186006523,0.7766600672253319,1.0
121.7538180323165,35.23309429356905,17.67716248388512,84.83017641096693,0.7916989421154279,1.0
90.2703101018937,46.54377518750452,17.880344217653366,81.26555112886217,0.9763565158549913,1.0
66.73903772975703,10.615167526984102,4.461992105552417,194.59434346164016,0.13959763150456858,0.0
85.06899643193645,50.38030748133498,11.02105164715816,71.34325826837201,0.7723190525054026,1.0
132.81847752842395,24.509056237120735,12.4651951990211,72.92321155366075,0.9602287121769769,1.0
102.13696933919879,43.33026652262798,8.313602586676286,75.53421114800415,0.8819147848313806,1.0
124.13291241034786,41.24747896567542,13.307894088061706,70.3399221019875,0.8102878987458166,1.0
61.92564114564787,13.500971091072232,5.57928628974112,136.39354151292176,0.20883062322800272,0.0
54.006674640169976,13.525994118143007,5.523163183379595,149.68023294251728,0.3238058927810214,0.0
107.47921565433893,44.10663007479807,17.72184614874943,73.51748754610573,0.8456964964722528,1.0
43.12925624869531,3.5163477611083485,0.39670943052897645,121.10813515070954,0.27666262448316387,0.0
75.92568743652677,6.034951150997262,5.0709851740069185,145.07944048441743,0.07068840932403997,0.0
73.7751999721988,10.492096769577394,8.995280155340488,169.2620621690454,0.1958082666461265,0.0
99.67086802041142,39.407708093821,9.137781220698903,66.70559083890113,0.6744155463987775,1.0
112.80894066460671,38.72973792467436,5.738606808783235,84.97090233521982,0.803230237284888,1.0
44.16005668978352,7.8208582591061955,7.011255508850217,152.51657689117562,0.1557764881620936,0.0
84.94718278212873,40.00402478086211,16.889651211352867,85.84378020571744,0.7389257773044597,1.0
83.46639366315678,11.105799974240954,4.585085849221656,158.689960921283,0.45845213741853064,0.0
81.42880707961126,46.11830252128024,12.159620519220908,56.411202115669695,0.9087486349018645,1.0
96.59605136904567,51.507869143343044,19.30136395460111,96.2261399521617,0.9393757172319801,1.0
48.615375471746106,17.400707821696614,-0.3552930250456878,101.339522896787,0.21076620759275205,0.0
120.39146649430043,47.21068722011755,20.636228262352983,65.34901060226846,0.6336031746574146,1.0
53.9570245336535,13.05295484895024,6.7165096271910985,137.9960769418207,0.31637715137230954,0.0
112.42514288040876,28.567740096519636,0.17726760102611827,67.55497808623866,0.7720845951375802,1.0
62.29077651513076,8.243557173224588,1.1630311294011526,117.58686353854189,0.3271722865609633,0.0
128.0894589046953,58.67248054597019,20.77063334838543,78.80371507244436,0.7702430951537037,1.0
51.757525096569395,8.42081428480076,9.478723413166138,177.45756485338075,0.2931344591662996,0.0
106.61485690470566,51.30259305068256,28.545062756981068,67.16617044033848,0.9874070458243978,1.0
64.39812627755174,5.683754649975042,2.1793151703760683,155.66627279836555,0.15698523192690642,0.0
97.06514248532525,32.32092947219438,12.656609560051322,74.13187213767445,0.7811142854086722,1.0
54.0369554284166,4.3986868849218155,8.857974649546296,143.56550477547214,0.11694661769921746,0.0
65.40043511418715,13.255159104997041,10.0290563403415,154.063530932493,0.3719985451450213,0.0
129.99062742004494,27.295836662769233,14.048067807070202,71.64323288819894,0.7205934896694033,1.0
80.95000995159694,11.363273705354873,5.345673573250953,147.91400779507464,0.25493923030065446,0.0
142.08835674069422,55.92054518922884,20.15781000843162,58.44165792745643,0.7920561089074674,1.0
118.91682756109452,45.273797648706775,17.853552338162025,62.59197306272766,0.7605900099109434,1.0
128.41212517104182,28.45982178786341,21.929540101342262,75.09072303335776,0.7006406045015605,1.0
70.77081383788884,9.868922296745776,8.521689113942543,138.77219531480992,0.30175529970533,0.0
70.11854954956706,12.8394411717155,5.112359756506339,149.29331844405863,0.31964285051288827,0.0
113.50370869835378,41.111576575969714,16.597888900718285,53.19690770130234,0.9604728638688907,1.0
123.62666804169348,33.19036979632941,7.655160290711581,75.98934418206258,0.8975500892121111,1.0
62.56128489497533,12.035414722837054,1.9705115295655093,107.6954433216114,0.2775758112575233,0.0
114.87957120161721,31.75319709370331,16.210628571941296,59.500174833574505,0.9855762505054172,1.0
158.52547134202644,36.827538218422234,13.795637663994924,58.74643222849306,0.7252382958162877,1.0
59.08581760459157,3.956915428981768,5.500585414863206,193.50243075748762,0.2652819483436166,0.0
131.8771456695646,27.616629006118572,10.341119141335996,69.57769444135063,0.7050176929826947,1.0
92.77404258295833,31.65148914491484,8.598038077220025,71.78185355163663,0.7381672134803617,1.0
54.62517845753147,23.240791603871386,12.745529709927244,76.46660109135001,0.8402832774010397,1.0
67.2760097168586,27.721483821321296,5.084667487564076,69.82293966615043,0.782452042278439,1.0
54.83932694100257,3.690484463975274,5.4837648898899465,127.62504485749018,0.2989514736163481,0.0
96.13057268284403,42.58461839915626,6.74173109654115,59.437990703773465,1.001757190044751,1.0
54.85134184690151,5.369704851078037,4.298383568340533,172.34305930933016,0.4431361965407642,0.0
83.17871283224471,3.85566094602543,2.1091210410216545,143.5994656040777,0.3171606789078848,0.0
108.10922489981195,51.048232085724244,15.554937810938878,67.99671551772678,0.7038214940530308,1.0
90.45249702046377,62.97053432968967,19.450561210163563,64.87511912086494,0.6788682263510639,1.0
59.25249022151779,4.558744651229475,4.829092527149374,135.33970752060537,0.38728753256742093,0.0
145.76045376167986,39.88705197091296,11.498547438575986,72.1320334358102,0.9853997018782676,1.0
119.82200709547762,44.86259367953334,16.179792473994784,91.06257861533331,0.7567867891672451,1.0
116.37432536702292,35.49048932657432,13.958117790086453,56.20314145345779,0.6457554694431501,1.0
100.06127693651362,37.4641366352621,17.247498473699636,47.45306138627775,0.7639931251696773,1.0
83.94385218726019,51.88934156095499,18.715157074718114,48.19160287358952,1.006222868806096,1.0
64.38039632888669,54.18684287040074,-1.4249575636797651,49.758993566367266,0.7320429737536003,1.0
43.385664059320334,10.618092052764677,4.100388737623603,154.05995409196646,0.2950261688235199,0.0
106.74327761786444,45.81854926400832,23.550390708967107,70.82975383184592,0.7543947310212755,1.0
107.99512582582298,42.46576268508754,17.812317787630246,51.013011390714425,0.9938332000860777,1.0
85.36714607314681,26.634501976822627,16.045313616098568,48.77851352737901,0.7168540283639124,1.0
109.16667256821893,47.57316544831055,10.43052628897654,75.84307322248978,0.7850845420851804,1.0
48.78268173003467,7.165507953372795,2.913214417148359,150.2241955195869,0.20950405754190304,0.0
125.53217730754906,39.311957966641316,5.4721108810406385,83.06171280988075,0.8113001982659434,1.0
117.93831057781398,40.55950909931852,8.78454808416615,79.02461239109086,0.7577855807292901,1.0
135.3572012333716,38.148892446754104,9.821815331791987,80.15760147161231,0.7658536253261046,1.0
49.15855457827061,9.936133517937689,4.198497518894507,155.97576647340892,0.2029257975361795,0.0
103.16157337570377,44.49133846631407,21.15898145422026,73.18259082684509,0.6159216494034114,1.0
56.49636281488534,14.585809991680952,4.051605044870883,103.42304333691183,0.37514474683800353,0.0
131.16415798490542,35.426933575352116,18.28071203417295,103.33267600758812,0.765231265892232,1.0
109.91768735913394,59.282078331970986,17.224263534115718,73.40852477597855,0.8861171888393374,1.0
104.89226273878425,37.31068296469989,14.273545891010478,59.54485039051828,0.8446074834190527,1.0
62.2476292394251,7.988206654416093,4.308233992045264,160.77040231699397,0.2442201397593389,0.0
87.41530631355054,-0.727401187985155,3.935543222663311,134.25984628024437,0.35011487021790555,0.0
117.84556523343774,25.76336882300137,22.148772599972688,49.356287359240106,0.7965655934972318,1.0
74.52663690046805,50.47329883867429,7.540220819414848,59.08590213059897,0.7989991181696692,1.0
66.73896481550777,12.840223803122061,5.339200891693205,178.94618540155892,0.37449262916334275,0.0
39.458053122253915,14.02874453177357,1.6861896261591416,111.01293759252266,0.46562916636908286,0.0
124.68465001621806,41.179237056711685,20.920928890788186,83.42035984778809,0.721010376622669,1.0
60.972980896922465,9.466088161270656,3.793956969131669,160.65609957719272,0.24747443610898523,0.0
139.7432181881171,52.01000712392169,18.3563488961169,77.3360948377505,0.7298749684201891,1.0
112.20695611376505,49.257354776482764,21.664290504573856,72.0225035673881,0.9051275328121207,1.0
73.36017434555305,12.869655714256936,5.049892326915352,130.42579013809248,0.3617044497271385,0.0
128.5964819077522,41.88624930197949,14.661554630890569,65.94985620114849,0.8017654172028587,1.0
75.83224096284343,12.565605102436024,2.7767920451662964,145.879970796058,0.38898163018715026,0.0
96.91761293576921,22.214574687010156,14.60719782052548,71.45694677346863,0.8166381101857905,1.0
35.150079958926156,2.7579516301830944,5.079191987171076,161.65905603742436,0.27843595944557453,0.0
54.063224402119715,21.332668181894654,9.975317728701189,148.7559216469124,0.43198420046591524,0.0
104.92841920961386,68.32647066213745,13.932854869293923,71.36275710125888,0.8422364879603419,1.0
112.50123482522649,32.44961932082634,7.5887524389811025,69.83606610609722,0.812222151273825,1.0
130.4074319049372,54.08473986693581,14.188363619825292,77.87776926716514,0.7005178027217196,1.0
139.8736482075858,67.84415212833369,14.924165396694498,70.82543058064792,0.9509158783936229,1.0
99.83442348919337,38.99709021171485,12.104778651007857,70.0171116669833,0.8842317647518972,1.0
115.9606848952451,30.671424564695034,16.740384430299258,79.31719864753866,0.8846017357296877,1.0
46.78503954938476,14.945134839933718,0.7200015436505369,133.14094750587248,0.23040351516488955,0.0
122.89387628181117,46.40077944794455,16.79606712210494,54.60244723718276,0.7455066232869997,1.0
66.26020251005991,18.960782533436184,7.871454963998717,116.14114900029946,0.2383355062557177,0.0
44.10078579843264,9.111260607533433,2.856036373422918,167.70217098365174,0.30015121359261493,0.0
68.63971303220069,9.953779342884062,4.908524965240088,120.25486419070972,0.3879267675842391,0.0
90.08525964800245,28.728307854005763,20.288384942776045,63.52685467094267,0.7443034011500251,1.0
82.51409416927288,7.750095874991652,2.3109798655485756,132.61735449517425,0.28749329334918877,0.0
141.33052146741008,45.604302089412876,18.61841971052653,68.2509277463076,0.723450390652064,1.0
99.14739288433714,40.0016403865815,19.844528745425748,60.643323848336635,0.7509025389262982,1.0
89.0182360882311,43.733771687832665,3.791293097999448,61.71895334577015,0.8188202662551298,1.0
92.83523559034465,8.190633716835693,4.091132649877906,171.81723130076494,0.14332724024503932,0.0
45.84897710152729,11.129438617023238,5.149589891095713,177.71422763556092,0.30454830375908976,0.0
95.84503918605483,43.91485197183578,13.76705017742754,61.19363005783267,0.8312756986448588,1.0
124.25009469249594,31.612091465486458,17.202882280432558,82.90896988910836,0.909431902076405,1.0
67.87471325983688,17.071331884563904,7.39967560063608,152.75100034578648,0.23874900257692794,0.0
77.94264724543208,34.37275946101305,12.905743768173917,76.23997648175371,0.94295350071566,1.0
126.38517034416482,41.622776943897236,13.210677869064524,62.728313639909594,0.7479140276378595,1.0
84.54446077722993,45.73627223072249,21.846160963904573,61.61068603781764,0.8287317000037769,1.0
58.592717691579914,11.769809166307228,6.012760950938577,157.05294690720757,0.3694877690500478,0.0
91.55476891744236,51.98958644600299,16.3460376229679,73.25761544890844,0.6737488938455045,1.0
90.20749996463928,32.08740396793133,16.913099566466165,67.76609381588275,0.664099881533443,1.0
56.59320407479291,5.878258171252008,7.84299190747454,170.84572230372473,0.28150939116899815,0.0
58.94508567123306,16.633559127378348,2.5072437985463853,159.17763275692766,0.38255343714717094,0.0
50.527456359635735,9.023756355244592,5.758717677201178,165.51599038896885,0.20996289556632897,0.0
53.33328354296184,10.180833198494195,3.404209019466842,155.8070470003435,0.4472175735448628,0.0
131.26411817044453,36.03114829040979,14.022059443128871,82.2708039007919,0.8219781796194243,1.0
63.457348666226906,0.9310592555428023,7.1812947168929036,133.92635389991594,0.3185022244948872,0.0
77.7545741050059,10.36369413436411,6.416738242663699,139.6925592238412,0.24292522054927732,0.0
121.09531923618636,35.96957400033784,10.913795441788887,67.20423367873914,0.897058074400777,1.0
121.50508227241127,59.78427242602669,8.25915904235189,76.87723767640861,0.946722956544988,1.0
82.74807197419618,8.089294046457999,1.8397089931412474,143.084458436338,0.24521113400032904,0.0
37.00505733118813,10.07006891921105,5.961897038308027,139.29683113961642,0.20916545012620175,0.0
58.413925299495546,15.364657322171242,4.512289114378413,157.40487428755932,0.24312039178827993,0.0
104.57238520710156,40.03263365165899,10.825045909574275,78.89518801311375,0.6976005583342372,1.0
128.94133934987084,29.965499522496977,19.466300775588962,53.87144601227426,0.7977754879134574,1.0
60.942756290406756,-1.6037088778315578,11.089507191461546,124.57546538550872,0.26487774932918795,0.0
72.13949366428925,9.690440590518799,6.98257244462622,169.76109733719164,0.31729174194198567,0.0
61.36883729001045,6.310065947063652,4.293102210386947,167.43441247442735,0.2403451464697,0.0
124.17127512728494,43.38580917491974,19.832673417009055,71.54695639730738,0.9018502167392298,1.0
98.66059938909665,42.333529434722806,12.977444817499316,73.8185797067398,0.9416653396177007,1.0
72.7406110324963,9.204929543065102,4.501164106272463,163.9857749372892,0.45997324366375003,0.0
101.0056604005002,48.37586369700977,14.72421792513596,65.90180667139063,1.0372018876418732,1.0
37.82225583846655,9.509373850148487,1.986841176186155,151.9490819420966,0.22383629227346524,0.0
93.15017235556257,46.045421088038424,20.73526405342007,79.31320002718768,0.7980993223440489,1.0
85.38400607147562,41.69893831624279,10.083254251224552,67.03412398928668,0.6771363133390861,1.0
74.92571637457036,65.22481353803236,21.188944255210107,60.88427215966961,0.9091371330730633,1.0
106.57614610886739,45.50077853783114,21.556069689501363,86.5630462695666,0.8432404384086021,1.0
115.52409795090823,50.380771483002285,7.565293755580893,76.38929409570302,0.9358258904642596,1.0
52.4207031975964,14.308270420502833,4.203451045003,146.12672210309415,0.37265550570043504,0.0
53.635799415517994,16.54884671470765,4.435455636148773,150.8203535778792,0.14902762674558573,0.0
67.33424938793995,8.253935465503021,7.655665355659615,184.68828966355477,0.20588904632769567,0.0
171.47631964948064,42.73113868447331,13.000573224853191,67.54628717813468,0.9359774405430291,1.0
111.13677681177975,18.320516267370024,21.21999830452728,78.1942377641334,0.8001173046434273,1.0
134.55397078941513,56.73317443304436,17.03364902125167,68.54600494500514,0.6452291316353148,1.0
115.44149503882404,30.610468981147108,13.44604886646044,61.60252123932438,0.5867658737676246,1.0
68.21649979684918,7.910726948510934,5.723826993146709,150.62222680800713,0.3049493715848399,0.0
107.09804386008442,51.905095781539856,13.899134032536805,86.27732963689122,0.6798227954610938,1.0
58.68590702788746,3.6144986164080484,5.787589898092259,160.1866804036901,0.27268707313161866,0.0
129.81649486935453,34.98559427507385,14.165717092174514,64.18311263754369,0.7070675742284062,1.0
102.24973425040601,46.364693357816215,6.966177113662994,71.58449042299901,0.6876665957732374,1.0
112.4596417392446,29.86375121352078,15.205882676598032,82.19775753040906,0.7857335279203556,1.0
95.1203715148677,38.96639326948663,17.61872740304249,58.94779231036768,0.8579187403937535,1.0
52.73994724434778,12.098652406571821,3.8805749073648013,161.03437160319098,0.31141484527839897,0.0
64.65132524025572,6.182500700508051,6.425889578950068,159.43398722382986,0.5100026753919339,0.0
55.0925886140698,5.23987917676346,6.14903687754257,169.0517756775014,0.44571611704031244,0.0
78.2547203942529,43.67265091926962,17.777989103404604,79.29363709572839,0.7511595421953847,1.0
63.06156182565669,14.453055661529703,3.98117386075235,166.38866554287785,0.2916341109660734,0.0
54.44619576518842,13.042491668216552,5.795039126514286,163.88466832959352,0.4337870659286399,0.0
79.41166021299907,15.693422040805071,7.579760441005947,146.91296843620157,0.3978274498717007,0.0
76.19847620453577,11.505557506799377,4.24747335840363,142.1185741676819,0.31577034712623764,0.0
54.52273800774861,21.20581561551988,1.2272483794234197,153.38098037765744,0.2866057052270374,0.0
88.35223631690671,32.392141002606515,13.48566392349325,75.8068240507025,0.7338166822677403,1.0
119.36904143404603,24.25506379300686,13.16668126753322,62.39997703046421,0.8331505069018413,1.0
110.38932526086766,39.001784813869826,18.014395102019172,63.34231891234667,0.5886972458981208,1.0
63.1102818180221,11.611527819832355,1.2518529088293642,145.8282324792957,0.293360021986822,0.0
162.1618932720824,31.458744851958876,11.826504951614481,69.53001588061572,0.9699986634694148,1.0
68.1822815578044,16.352749698562025,5.188081006780242,140.58366628071883,0.49861568312750165,0.0
101.45441819261629,59.79486253629546,6.9880691083881175,61.91383817961146,0.6166834828456809,1.0
49.63407346209954,15.171749992001203,7.1765811056071085,163.1742311177678,0.24865992154465816,0.0
75.82708768656828,10.775585376973073,6.333024672179517,189.90808172099642,0.36352977894382205,0.0
108.48057145282701,40.10615140035797,14.652370435707628,53.76112299040477,0.8974249244555407,1.0
50.23462048438253,8.479684724929351,7.593944838744248,155.08252196510992,0.27979986782222405,0.0
104.96811639968533,45.493050553194166,13.556027652081404,67.0581073854926,0.6870955818771675,1.0
130.94344979017578,53.327857735223915,2.265726803410148,63.896652705713365,0.8300804978777812,1.0
87.27205672021506,51.43116587332708,13.721152598559367,62.48828644234549,0.7409677482793053,1.0
115.09809054742064,38.64441153147006,10.012515833415854,72.66120859276593,0.8961781828440728,1.0
73.6773213691032,16.26941441182433,3.93717902243475,155.64021300473743,0.30809483138346355,0.0
131.52986076593965,41.3008219346224,20.49569017867465,77.92521119973694,0.8186556497878148,1.0
52.43386373552017,9.617700402446195,6.516423164185463,121.46642857917907,0.28026708839684455,0.0
95.06164676950272,44.444955957112846,12.373015368535182,73.97341506548905,0.8137476493905538,1.0
130.85789738354867,45.98331784123945,21.10667438282494,55.33681583586993,0.8211530201968132,1.0
64.75298792096702,9.277399048929837,4.339451042515256,152.98074349323997,0.24477939684018185,0.0
69.58563918904945,25.5201484780345,5.825907168918388,75.24685611903173,0.8294811293811986,1.0
88.45570116024093,0.9053176312299769,8.356676486288613,150.05332184027242,0.4901684708158098,0.0
54.101274123421746,12.247469982691824,9.902731631025032,157.99652841687515,0.21959261083225662,0.0
91.17321124052587,38.33577956776645,28.755181304748987,65.27728373752397,0.6366811537863085,1.0
112.35084723055401,47.72945383735552,19.143271851185258,84.90174468054653,0.8220921501485514,1.0
61.057811039155695,5.422737489421665,3.707206672811367,157.04461373508593,0.23064846777832726,0.0
75.68756324366565,3.9640988726432287,5.959345585348322,135.82112449214623,0.23700954929301896,0.0
76.99685950499584,14.039391373069739,7.2800468874609265,171.46022978756525,0.274291895426387,0.0
42.68559447188673,19.811516153167823,6.661491912513453,180.24796499828608,0.22919942297554768,0.0
152.34233353018735,43.927470727390514,18.91811202285948,58.77605973492492,0.8997086877009695,1.0
59.076167868006465,16.89028069845331,3.5456520894053734,164.15947129697628,0.4147318309850122,0.0
65.47414032145865,2.4319520706194497,5.1650577284768575,145.1917513804986,0.14902988254578456,0.0
94.17164723857232,2.8227615553351058,4.971541765274236,171.73986329172456,0.26622606179107583,0.0
42.43725296176767,18.061612337124277,2.2366337859956937,161.68476731117184,0.20248316059712462,0.0
107.37913000972536,38.61687759979942,13.222711641404262,77.60221484850581,0.7806628644951836,1.0
59.21182013595255,12.862344612846448,6.001844355298702,163.18992761659024,0.30613053420179287,0.0
75.39645576047977,12.10473625219098,8.7791728663821,164.79028490606348,0.21584766113682208,0.0
48.78783220331348,0.9811405935508724,2.950735640226568,165.06965993637635,0.2520285056770104,0.0
51.60948261143265,4.059399837785832,5.4443289731668125,158.22649914213162,0.3679570960007079,0.0
118.52544604304298,43.60116104315533,19.27788077821664,70.72834372825305,0.8114714476290934,1.0
54.32021038663682,6.486027224411282,4.789301647882568,157.8905811493623,0.360469720963963,0.0
103.29520018873131,53.99807120381274,19.10671595423416,85.71838241044208,0.7024092200379304,1.0
67.99682248783989,13.87113028674667,4.295986808500414,169.68265268648992,0.3592918723597481,0.0
69.60932659011931,19.526435635314343,5.6414005231935445,126.89564993474909,0.40177676108559296,0.0
112.23581832729064,30.255850605332142,16.982699401611605,67.78284454866358,0.7286232692983594,1.0
52.363895888485644,8.931087422096079,5.140740560020576,189.93315456556908,0.3941195494457547,0.0
87.97289234445762,57.98249927203685,9.698057279047921,79.65607440509527,0.6804677635394173,1.0
87.40873934675733,6.809611000948053,5.931096969878324,158.8553892009428,0.1779225130268049,0.0
77.9966027397602,9.532335791754171,5.067810156106354,152.76043964946908,0.4453549383511619,0.0
99.51816894390744,42.59772540504948,5.235319487386308,67.97052300104548,0.7014682603176944,1.0
101.05203459116669,29.144521560442495,17.75296675978078,70.82779466766047,0.8443211193248007,1.0
57.39633890172806,12.96964682985176,4.232675427473172,127.05693973326855,0.22372176407215666,0.0
115.32180238379883,39.86089717736523,12.841250862509984,75.41760944633945,1.0485565262176055,1.0
81.17898168966366,16.711561178624383,5.068960946642798,130.25870850092554,0.31292340356148285,0.0
74.13632772437816,17.130962679610384,6.741230585973579,73.47411351400874,0.8300446814986737,1.0
85.86390197117345,36.29747851339268,23.955425165716797,73.0332641340957,0.8576209399823467,1.0
61.84191982763049,8.615785735392299,4.850640743787622,154.8865923848635,0.2825189576533235,0.0
71.77546824815741,8.65014431340725,1.5186291912607786,162.15437898433902,0.37438040092746544,0.0
112.85854823732517,26.315038692038407,16.602364325973625,72.76564058995567,0.9169179876651689,1.0
146.22377091971563,44.22345183591626,15.298847048537004,77.94881310353219,0.7969756908773636,1.0
39.44259434508564,2.662286530824593,4.051741286216885,173.73916622254558,0.30411016364217797,0.0
100.88937073327943,46.28753433625714,12.309771175482975,84.7632544818776,0.951463042096732,1.0
58.19160954307047,7.428269622337167,4.889393560093379,166.98343172297598,0.29396409437406557,0.0
28.147217204635048,2.3162422164143575,5.232160253300042,128.3110848333891,0.1321724544069338,0.0
57.73072114115527,1.1389580635826277,0.29513413095313634,134.96352192055406,0.40545661031238417,0.0
96.72372615292127,37.89504980772505,13.375090938811386,66.10965805740437,0.6381673052630743,1.0
106.33450977356313,43.80721489248843,13.82154780248192,80.36013954301114,0.7335715507592276,1.0
123.75966124772016,42.040876170594345,11.607230453942805,91.23931103866023,0.6760388984937858,1.0
67.19353656401205,14.351702258534738,0.891875737467898,146.8185332528659,0.1803066432339433,0.0
67.27684790817376,16.647445714909274,5.325847391570164,170.98167675336862,0.3524049823734645,0.0
98.17657096216895,43.939022286484246,13.54097690548761,62.00414500279271,0.9005241338468166,1.0
110.2211871510005,22.701143552158562,16.555644666674763,58.699050020651136,0.7980190540606847,1.0
107.05135838990141,11.663153974913364,11.26896683261124,72.66412142622109,0.8440007141803401,1.0
37.996869956803856,13.14607768747346,7.651901287886925,173.61155415163262,0.4681185402789365,0.0
101.19988666508446,33.12962253449333,19.019368476444544,61.70263432499996,0.8622137112711397,1.0
93.58177165291352,43.91725600125519,8.331855920289208,75.40569286039961,0.7974759623443675,1.0
84.57224932840408,1.3868764857895197,6.726870652380026,152.49331645722793,0.14798069333570757,0.0
63.63880602976688,5.311825618959766,7.164218598594554,85.07257339529993,0.16306357064478297,0.0
70.06048397223583,3.093282199005486,4.196476486147513,129.42168941229056,0.18678885322887978,0.0
96.79426547150277,39.03899253099987,9.359898018119885,66.4486084275313,0.8646622787053941,1.0
86.16603051688689,17.91294596937675,3.4870944817605682,132.2763297154919,0.3965914020351242,0.0
60.46909804615878,19.152077993439335,4.97538900947691,197.82797305505056,0.5630430825461731,0.0
49.21497361768586,19.110171729488258,1.7338411579202173,120.46413070336851,0.18286436214993668,0.0
51.605045008014365,13.49685018507531,4.908080679116023,170.51198397176447,0.2845525528174578,0.0
175.13611432272955,46.12116606664921,16.148097409104967,79.79645458501705,0.6482532806481551,1.0
113.95194956149716,36.930970442918856,11.950975906075954,78.72370828553679,0.7661179499712442,1.0
61.733030786403624,17.46414197218144,6.781582065768299,157.05293645771556,0.17273609803093667,0.0
81.67857289906888,26.31438569223141,16.078305447658746,76.16440046436126,0.9094124850879115,1.0
89.68188935549833,31.77245890419279,10.840974677681723,67.0886890925837,0.883546874898581,1.0
71.0182436889614,19.224210851079096,3.7215684878498867,125.08255167540082,0.35558150213566275,0.0
53.79506255657027,11.61250718332883,6.9929146421513995,150.1857985637976,0.30388799793057863,0.0
29.883928830146296,6.910527121519429,4.513658982347254,127.95115124125851,0.3465636500472979,0.0
78.84887613708403,13.038867183276096,4.344783509105792,172.38391525081659,0.07253386274904766,0.0
97.60730261999825,28.22027061633526,14.704517881560987,73.93202532746064,0.8003680542990347,1.0
51.23653421451783,9.565166579602678,5.116856946280357,147.31577266001634,0.08093354965258387,0.0
117.91670829948387,37.69934840488249,22.201330869251546,64.57977332043606,0.8669325802369638,1.0
46.79857678211945,17.898514049214462,3.144582417194,150.63256183004484,0.19416588686540937,0.0
93.53182485379195,31.85286125249843,6.725079507356824,77.6172702612565,0.9000836293611003,1.0
133.21891050406202,27.67281940117614,24.471850437484463,63.28535313564086,0.8010150684639902,1.0
111.57374539204092,50.52165305342843,19.00339187766443,73.46418084559159,0.7810152277986782,1.0
62.52062505744825,13.204993720604733,4.580479138380415,137.00208634397626,0.23218522582678008,0.0
113.4441989548396,48.470072943700636,14.951056109811752,63.80494922195098,0.6665400730663739,1.0
55.14551190514161,3.5991792258922466,6.752894020342413,145.24827463438652,0.37149015267746555,0.0
96.92468934681337,41.80675099271377,22.549740527247266,91.74797009963584,0.8522277336979169,1.0
59.922942583662,7.827193296213962,6.806954734875441,195.16652681475887,0.5469144946673894,0.0
46.464228051111164,8.165786485675284,6.960309722842094,133.5909740057518,0.2925416885724601,0.0
83.89313901124038,39.190630234446594,22.034228066963088,63.87927739063424,0.7592456528220988,1.0
116.7819833319675,45.4017274113541,9.173707367577153,71.87506317375426,0.8239221886612119,1.0
44.33315174436525,-1.405810356308713,4.417927521822972,152.8442693628574,0.24124804118593438,0.0
102.77467802775016,13.081216017035786,8.546840180270944,150.3066783125686,0.5176895403367842,0.0
77.65817753577275,9.929717477663015,4.258407797643167,147.01888037675067,0.3638465980035517,0.0
143.46634627911718,43.22434740391382,18.61518906831171,65.83556982219451,0.9164416066564743,1.0
87.35937331448939,38.789045321105,10.348699647737114,69.81722336521113,0.7299529922402268,1.0
65.8897403260453,13.537728552896034,4.862480985775851,145.90358783542175,0.31430138416535747,0.0
126.0451474210193,39.90766718116059,16.86314485172256,76.58766787825354,0.6945060401343482,1.0
92.33057685028186,22.699304485113,12.01298346355037,68.76550683136207,0.7365168215505481,1.0
101.4712293984139,9.790110498228419,6.382846517879624,138.0886079676634,0.17345726920715865,0.0
100.34637622777214,39.1012510902808,20.189480742510284,61.19990822023078,0.746236952143096,1.0
56.754524259508536,1.419910105161545,6.574115516042067,151.91900446317894,0.1961174747887442,0.0
59.40691332205023,9.752922387832111,7.723339084020639,146.24543914765954,0.27464382562303485,0.0
72.80300076315767,7.4700173410609745,4.9167178874009165,141.08482841499512,0.2469699929369657,0.0
59.62445786066854,15.65403918178701,5.069242457392165,146.2323610896761,0.27054135584202454,0.0
30.0635207515529,11.53033984398919,3.941067055258906,160.05412069824752,0.24997950285034368,0.0
63.36072127741563,9.832483593746995,5.606535077419226,150.2751947590916,0.33755965568153024,0.0
97.88609578988579,40.30470357294717,10.246891794942815,71.97607698134956,0.7815786053323912,1.0
64.33818063708515,4.263537657844138,7.095948097904561,119.9896930356021,0.3406214306468791,0.0
48.682322719979446,6.7823259101924425,5.165159417399714,155.77813774753864,0.14666386000300996,0.0
99.9128755321036,44.79877923449282,14.358193732694282,75.02218251154216,0.8615585978578203,1.0
131.68181991369002,25.389555981775906,22.625908717266014,69.3650781245976,0.9959428223049541,1.0
84.76613176377639,49.988978269718174,20.88362134897928,82.49466844437723,0.761382976474384,1.0
70.88341671424861,0.4714943151583313,4.007297931535282,125.33914289024631,0.39276503892566655,0.0
58.856937052924806,8.694024732952288,5.602429164253414,176.37944499685148,0.2510184120478371,0.0
102.76120901256434,30.748102639923236,19.796524128158303,78.11019648814909,0.7446579860184157,1.0
68.96105430400671,8.489618515050859,5.096584736795625,128.02028754298834,0.23516060693553875,0.0
32.79325667780425,12.648311359602607,4.917488465116276,147.10944399305046,0.31351576230404576,0.0
126.00409896286052,27.94551373108337,22.95291012772658,59.70810484440632,0.7566972872424391,1.0
95.75695507033562,38.69493000533298,12.142593312301614,71.79647191703904,0.8198703258334437,1.0
103.30100288359449,59.60309015621388,13.370739105425582,83.88558346896586,0.7761501674830024,1.0
132.33700331679978,30.374040824125856,18.134652810727726,72.74980098498017,0.564523777605561,1.0
86.52924106647689,45.49406994977042,10.719588222697482,63.3692209820271,0.5514051627035113,1.0
128.50871787565987,49.76113428834965,17.12808143173654,77.76032890709439,0.78832884331836,1.0
65.26819182965549,14.616073455521466,6.412540680039979,151.21305543343757,0.2783334877319649,0.0
151.97193748883143,51.78033883081887,13.510917614737304,59.14907878906068,0.5562208856001711,1.0
98.28798516703753,42.81806862867725,12.624001318797761,67.26256408321908,0.7130067570347068,1.0
125.66600068668392,38.72255156691804,21.473207768392726,59.075594410596764,0.6799817936658057,1.0
68.62099942629389,15.513333567375518,7.252468192071156,136.93570373177957,0.30520632899185296,0.0
76.37828422269935,3.2370535617864027,8.159624012182572,129.3502115021742,0.3599912146302189,0.0
76.15594165131051,11.371838232311744,5.104922477408428,149.3044751193823,0.4712306619391673,0.0
89.53668424500478,36.098750643951,20.348053382497774,70.70097115605678,0.8522187634321453,1.0
91.72094470830396,48.10646918142188,19.708257942059113,58.43600894789486,0.6777016276827281,1.0
88.78805767134659,50.11981430634121,16.5088078222038,68.87156105658588,0.79359415880196,1.0
58.50439057846293,8.887054649759776,0.4813792157098602,152.1011256829559,0.39211903291274725,0.0
121.77534834705988,52.196739664314215,12.167639447817669,58.711248535579344,0.6972382144661834,1.0
64.90063787872911,14.8905766631874,5.32054814565391,150.8534712844798,0.32988059978388873,0.0
111.54049527073549,36.686686969173934,14.438273524479683,67.53068955788454,0.7579739684719778,1.0
114.93343170334866,47.23390297526045,18.655915881352897,74.86894095515666,0.6586754417974485,1.0
87.9680175058183,14.07033860838414,2.5180697744887683,175.11274333375036,0.3073226563566644,0.0
67.6934888711075,6.88660950853082,2.6541156434199276,141.8272454843969,0.30161033335033094,0.0
43.72578279958823,-0.16138985741270417,5.695302088803159,178.77045417649225,0.30897972372639826,0.0
104.8836463004554,48.91224890005433,10.933988484754174,62.25249709545301,0.8015894395308237,1.0
117.36385778857479,34.81200915029336,25.40658268503704,55.45218622329602,0.6792305769058393,1.0
132.50978677637974,32.69604538142351,21.00462066530344,74.14052736644253,0.8761172733867809,1.0
108.84692055888897,58.33013956606064,18.630193601312186,70.90950031690429,0.840039878649999,1.0
91.70295889479983,41.87812334688875,11.443627386103882,73.7597526193907,0.7288992950338068,1.0
92.14898434832986,38.52336006185103,14.104440190515586,75.69247702262531,0.9233756268576431,1.0
54.42190883112339,10.540601273319748,6.907418787717457,172.50778812636563,0.39661010766367233,0.0
109.98949045693307,48.9109087725142,11.705064946065193,70.46703403618021,0.8923403320016855,1.0
61.264680436928785,23.159380677604823,8.157109790480973,169.15347575627044,0.23193678952457245,0.0
100.41340196469598,52.55526484552399,13.752294516087861,61.078145120025454,0.7458166263454546,1.0
140.48946971852428,39.25539933669645,11.951748311665266,76.2536347281973,0.7551052720325403,1.0
100.57411868225358,63.50736482453697,18.394602294441825,70.24620053148531,0.7752348508392801,1.0
42.04635719733099,10.685103079019969,5.145110081290403,139.78919774758285,0.20474834764123326,0.0
68.54109459749269,6.080032983763797,2.459545674740694,171.41266857492184,0.39298174298681116,0.0
65.74596043317031,18.007040137352632,4.228084463628103,155.0511103959469,0.2245925876536562,0.0
117.37970302642442,19.35022857475506,10.28715777642568,76.71841606409416,0.9057633236380409,1.0
131.4592630351879,51.45530919825073,20.350724442625435,63.473537455887076,0.6858073736844168,1.0
71.79836247432902,14.694488208986185,5.370451145056948,132.16844385819377,0.13425501777651544,0.0
45.01618563715633,11.926930850321666,3.50515296307937,119.2820020495049,0.2736175874362169,0.0
51.15883619522324,10.924815570138966,5.82363564149974,129.96109587585,0.2917290135639143,0.0
95.42748590338748,44.77337464888746,18.991428233440267,52.33144550733729,0.7845999881763694,1.0
153.46823613347667,42.290986214489806,13.549232416763264,67.12634607327048,0.6656889438072311,1.0
90.60649675831223,21.118906912583824,4.465336999592263,131.88396137330912,0.3325146441116131,0.0
71.41542419596239,8.68591540977749,2.0682684169748544,122.55599963411015,0.2003987841375624,0.0
62.00587706760846,13.493689577686824,5.110134289463854,163.71259837053753,0.3544967925888193,0.0
119.28318819146395,32.167671036954204,14.829140853703318,69.13612198485345,0.7327871538253767,1.0
86.35636280623848,50.924499861036985,28.75770244759793,77.67336014600887,0.8684505454911163,1.0
53.01107689825743,9.14782069395795,6.226149619611514,148.81197200404597,0.25295061307472894,0.0
45.31401259283024,3.426338184302576,5.796012943000418,162.83332051471024,0.34267528072794684,0.0
67.38003286781687,25.073049670086334,4.277066573629522,133.3191875149494,0.22890840955779557,0.0
106.01270447864508,36.00486190382059,5.943535742944874,72.41309350766848,0.7987890537088761,1.0
110.26631819407206,39.32704377332135,-0.2645010142724722,71.64847465977871,0.7153985324763587,1.0
69.53030004047577,6.609867839020784,5.997386690523616,179.17802130687164,0.36433750314042124,0.0
146.30648041401648,32.29441204433328,4.733885795294162,77.74745071389783,0.8266081428745957,1.0
107.55376108979104,26.23128466279368,15.450122077557756,67.20968144886014,0.6304989477653036,1.0
46.1105250367986,10.059876561352633,4.585506020576523,117.24520265855116,0.11290213154923112,0.0
99.74166212990855,47.42233446163954,15.716609049080892,60.47926696641488,0.7316038041419932,1.0
126.48981548206677,47.430075780678855,1.5585262547580996,45.906566955606074,0.7799546804074968,1.0
67.18528089795474,7.603488829827059,6.891611254955947,153.4143573698453,0.35365358751497855,0.0
124.6881065606072,52.201692805231175,11.013431314310147,80.1138386130739,0.7632686232614425,1.0
57.80715314271291,3.5530494033194397,3.9006259541825266,170.98938976588067,0.42150334595339417,0.0
135.55437519148057,30.543014789737327,20.218298971912496,53.16768057420019,0.7580218289834117,1.0
57.86147126204826,9.188718721764403,3.174304991506009,146.8036979747155,0.2702198588468407,0.0
25.081953478995338,7.066422794103089,2.6202108310501657,154.11119233890872,0.2784692850088097,0.0
46.24994243052698,21.904218559030706,5.2989198036383875,133.57911413331075,0.3825156685575527,0.0
36.91712450734617,0.31420617218797986,5.217123462568454,152.1929033175795,0.48205063876522547,0.0
61.920188144014425,9.498245333905446,6.52771535128548,154.13042763959774,0.2080200073642257,0.0
99.06346297410276,15.543096600776806,29.841783437767454,71.68865456952588,0.8776165271960019,1.0
96.07592103871302,31.329962382679906,8.587185636337873,66.1123736663647,0.7019477635753888,1.0
66.84704889411191,9.701168911420137,6.163344906084992,149.7759981715998,0.4602698428593709,0.0
60.761536753173004,13.08065677704623,-0.21909296595256667,153.36525459342445,0.15343397887619534,0.0
78.74873116341529,4.2273327003162775,4.352715164770509,119.94680008677649,0.4338844774474986,0.0
98.35423951113572,34.839237372711956,9.259123968791961,77.17193395231936,0.9099800757944336,1.0
93.16023355566048,29.149571189807318,20.78676449881515,60.34140996155314,0.8205151745206247,1.0
118.26290563006924,40.34291907623011,9.028917508480685,72.89875884622113,0.6856602847149937,1.0
74.72308541975498,13.600813089280269,7.466749620256006,169.57764448747432,0.40224301837172943,0.0
125.24083261225888,23.436835829905974,19.36387320068731,80.4948025144529,0.7691828874906659,1.0
58.76327283838258,13.108779078667682,5.357359223980543,172.79237690388032,0.3441070997395318,0.0
85.5580952036454,40.5312870611377,17.210781548093635,62.40300939225583,1.0171926308859631,1.0
87.1064450453243,32.103665753681774,8.713169682096598,56.83184304875828,0.7771601419701757,1.0
125.87581195013951,31.620351484332197,12.769882372183915,58.5415813175058,0.9519811584283625,1.0
43.82975551357029,14.01943252119351,3.782626990854073,156.82594538096268,0.3022521888476331,0.0
64.30405996924208,10.048778335948352,3.5800759363561907,131.47261807891547,0.26135464337542197,0.0
70.93768508879324,14.082699428128398,4.587234041115361,155.83688679710338,0.4287014062457032,0.0
107.63531944574201,29.370879159444026,17.63315903227686,58.11040771535437,0.9937925666108772,1.0
114.31535672715161,43.83015122648787,8.880465734287391,62.039320302753765,0.7635391217216657,1.0
148.3310288193777,34.36042658091532,13.306758113252219,56.71936156175436,0.6236554878146017,1.0
102.07970500740386,35.99341655751627,15.80733200833892,54.804637111507354,0.7829387505878972,1.0
107.98182895293931,49.25379894817239,19.790640872754132,57.769190030257505,0.6234137285370709,1.0
143.33403533341314,15.265073303733203,19.45312210492976,77.25068761706727,0.5132147671999645,1.0
65.4084866440605,0.8012652200468011,7.126206380660834,140.4917089330644,0.34126479918726815,0.0
120.23522141402185,44.746327246334566,7.285108485756076,66.25077175888738,0.7293156432035286,1.0
114.53836389875399,48.280055469353876,10.876905770471975,70.1740334995663,0.8509858560159107,1.0
24.333951506476275,19.55430074078897,7.224226415539252,168.80345665820704,0.24621303923382143,0.0
82.6238196842425,12.341849018397195,1.6581034758824789,163.89582691663585,0.16525324169189146,0.0
51.708215495579964,9.488594484206267,4.763373042645217,160.8040805569004,0.3070927356305897,0.0
119.8305970040487,36.82759062560216,23.294164869654104,74.2159070925169,0.5700957204525015,1.0
63.4288366799051,7.88212269330098,7.5815644477644835,149.70391254410075,0.14810977937085018,0.0
114.81369529906135,41.570504056776464,18.35263415542142,68.00368164742068,0.935768426022944,1.0
104.70892169547196,42.19880723081774,19.801995486223454,54.24364418023482,0.7026297030818034,1.0
106.71714004868755,33.8306852061513,14.47959660726223,77.73954881989353,0.7848678671441068,1.0
56.640063284687855,12.044349657249253,5.143782879451948,154.5544394408549,0.38673758702659633,0.0
145.24652934359477,40.87691646923961,11.167978254695985,69.13263369548889,0.7771902206303674,1.0
54.285772253939555,9.307882818039543,5.35811893836399,152.78872703157285,0.49175314540434856,0.0
59.446978704722795,13.40456609123013,8.375452763056135,160.64157818306893,0.08981649244577844,0.0
44.182455984824976,8.52226831979948,3.8077538925031513,133.84393115776493,0.3401287382785054,0.0
64.59079785295545,3.5792019619531965,2.5079432126250025,170.11793329943114,0.24044691404415658,0.0
61.6119740283837,12.824072193885666,4.861920296581866,184.70307014195058,0.3084627285926608,0.0
68.23047591892954,9.23666533115346,3.8079610440468343,157.47899172100125,0.3563142893512859,0.0
113.54407207683684,33.18577308176789,15.455985569964154,62.574094649789195,0.8664881819843956,1.0
107.84019753207498,46.62868879811682,8.472140131520339,49.87697982497396,0.6318765177510033,1.0
60.35925592343883,6.440146960708087,6.170256299049873,147.2091985120356,0.17949262287254614,0.0
55.11512372078922,14.875015664010427,4.375419288387746,140.41257268474126,0.1729403786590945,0.0
109.03562279579391,44.69174842118203,18.884369910734733,58.09736697469997,0.8185628032739388,1.0
71.34566475373205,7.217790723136691,4.9020739894687875,154.09062225678886,0.16302317977257916,0.0
116.20002415672646,26.767997614251478,10.984633200190004,61.995438920133566,0.8153572514695023,1.0
25.343087113006554,10.309312018768379,5.644353416434145,126.1648097777745,0.3780022814456605,0.0
46.416768595478985,12.582394285293923,2.9985282936982216,164.85992104998897,0.25382882493322934,0.0
91.26708973435737,35.02852068366425,19.212809441943172,60.211490882153036,0.5490054646113445,1.0
101.41037713819001,51.68144152660963,16.738360457137556,67.3567951079566,0.6728207028502983,1.0
95.55719224052315,17.981312267446476,8.16144163329556,160.3835399830487,0.32495606976570385,0.0
89.97676407092362,32.79657172249328,6.193614718058809,63.386603927148634,0.5477358204766536,1.0
117.0102997438605,40.38873495093139,21.818719079347122,82.97865262757955,0.8179138146244765,1.0
98.48787573997585,30.899619909691832,20.41006881952276,75.34958456264842,0.6822879950027065,1.0
53.51920906028115,9.058818264210577,3.484837750125802,132.19376023314652,0.31895908825618546,0.0
111.57457422848881,30.618563519984747,17.50155273194333,79.62157085202165,0.5937648319449949,1.0
103.4995554884486,44.963556040330545,15.087835796292646,106.26281168361348,0.8089381553445519,1.0
121.9476120918645,46.38016477791237,11.561796958320876,58.74266349898331,0.9428028260214418,1.0
89.83405923219172,38.479935876763385,18.684974143078065,78.20177094957833,0.8281872445606415,1.0
91.52024459653335,32.047734099961886,8.041695112941586,66.87825912722535,0.5880064403929947,1.0
57.75044604814205,10.938545404958637,4.965529607769343,156.4039151574289,0.243492814540223,0.0
138.1643872433089,46.43739115004126,16.03893335154144,63.51680452248206,0.8564673548342063,1.0
155.99943024512402,50.089276970981544,12.814820741587525,78.64141303703563,0.9629302099262147,1.0
102.99015899409557,45.77993138058255,17.098483068030248,74.51158295218418,0.8460047340440249,1.0
42.36922560310383,2.5385633456325483,7.14931097302947,164.06345395535718,0.2693217896434373,0.0
67.27769706360245,7.872743420431395,5.308278129126061,171.1837434905869,0.36162631783119176,0.0
58.83673675075619,11.835626333106465,5.087966702180723,126.24456693305879,0.10428978000316086,0.0
66.35327632004874,5.533733296427462,0.761837728196654,168.13538475712372,0.3029121234204821,0.0
28.586012173559055,4.038796667574022,7.154441055171784,155.85635051723654,0.17698098696405187,0.0
59.60626696561912,8.485925610543653,2.8963018413422725,144.3385869675848,0.3030221026783704,0.0
91.95187103243836,57.41878574940727,11.02704930116025,73.15070182987694,0.6611825957931778,1.0
63.100478433469696,0.3143301158255696,2.9204443385479926,213.83388513260022,0.34074405408028197,0.0
131.4138389734602,33.501147437130186,15.262166245696244,60.14256581605955,0.9566959652302375,1.0
114.71413057125253,31.050910738730238,20.967231389846567,77.34147217367787,0.6796913648667335,1.0
50.764782638747945,9.956490286809967,3.9757119084380483,147.19859253958634,0.21866118472609308,0.0
101.43257969899923,44.376402867615425,19.40478305526872,73.76405544558826,0.8925461418894475,1.0
110.67434001156272,38.81300506511917,9.420603088044304,72.50807072584132,0.7242149710670623,1.0
75.3368878502868,6.5672701301724095,3.515627765428082,164.20117197810322,0.2821907231756895,0.0
88.92183663265975,47.51649569419233,9.301711505288234,82.2066377340246,0.7103524631738687,1.0
79.65714426156842,15.492902825613154,2.9701452108176265,122.27191307235127,0.4061522006747438,0.0
109.99546185289573,39.87608630679331,9.861984015778926,78.29630973730394,0.8606072655750316,1.0
72.9036608417619,3.5154802918685837,6.278916249385141,186.7307747499063,0.2930348043881708,0.0
183.68134026118287,51.546211798629614,16.304050286863454,72.59797249229783,0.9018969550460199,1.0
109.68652424545346,44.24456443044346,7.285845495319761,58.25472770504452,0.9252983669710724,1.0
67.8080348810492,12.15590999293188,0.7580254965548487,156.47063227020158,0.43080109793364707,0.0
48.68616803920218,15.533573567034926,6.082058715568395,153.81204762575643,0.270673561417614,0.0
102.12556700750238,53.471596877825405,15.094590360650765,59.343322287079786,0.9222678059502922,1.0
114.66293370542554,57.84897193177239,18.235886466170655,71.53375983754854,0.8457664486754802,1.0
79.03091553951832,4.879577910827038,2.7493445086266086,148.0457482803991,0.319033559497434,0.0
133.0936715716835,40.879824717730244,24.99585248247798,61.35386282753039,0.7414136458194438,1.0
94.11138259392885,38.32525009718074,14.68096874986311,66.48518198959509,0.9191801855193953,1.0
104.69743168531909,44.80726249549278,17.723787438070882,63.806371543243095,0.8907869922582651,1.0
116.0608379851353,32.196388564612086,15.152499532716439,80.07476588714482,0.8833140185746626,1.0
121.18048139327517,28.05298662288542,10.084512186235767,76.21120784198621,0.5661484469016621,1.0
68.19126536501037,54.75068454843702,18.66225121860576,68.4282716954754,0.7448696805013346,1.0
48.14242721790209,13.449505248516402,2.46728995256591,138.91445545976867,0.3098047338422679,0.0
79.85821900125887,56.76265252151374,12.642611151759954,68.04843503871469,0.7324963713541319,1.0
57.951585101962095,5.182957417748461,4.710938811697119,131.65142469196442,0.29022560243177725,0.0
45.08641762581293,14.958606943664133,6.092050452131321,193.1524292808901,0.44641618588553234,0.0
70.30635174555275,15.617336452974193,6.338677817904982,134.37590232640835,0.1875481216103717,0.0
65.53223153375093,10.769595225403688,2.9469370044739702,116.13726913325138,0.16617325422435703,0.0
79.62097765858712,17.136953299439497,7.227610838592103,148.68173944036985,0.2486825953775342,0.0
100.15483863153136,36.14101495733898,16.789399014216876,67.74851706814964,0.8653761982178003,1.0
99.46246669363335,30.810555325919,13.017657055639706,77.63644307743859,0.839668635375323,1.0
123.89286474456856,29.92574350624533,20.952808776325707,76.90790702691727,1.0078222740924372,1.0
108.49428746544389,41.94101062994125,21.80368338102768,65.0664774527041,0.8823355377780009,1.0
79.3357040194658,13.004040682209343,5.3187830962213845,97.87512920928359,0.28402086706768565,0.0
99.78202448864847,43.69328475153211,12.505034820344008,76.17041369300443,0.6493814331927019,1.0
106.17940504866722,37.78965230196956,16.770106326349534,70.26039390618992,0.7983373157056022,1.0
96.63267056008885,30.146398933500272,9.466169320084909,69.50448947262906,0.6974458351064285,1.0
103.88850305214426,30.195819212399805,7.82600272081282,82.86668972662027,0.8576056753098481,1.0
127.37078595981274,46.1978845158758,4.251455716626218,62.366902094202985,0.9430130205728675,1.0
114.05020357544215,20.825485832324013,23.037522580323042,74.21093909435375,0.8615967231915951,1.0
41.246848560293984,5.9027385328828,6.033949051016274,143.21497056179405,0.5033216724495366,0.0
54.102518974765715,13.586877472145254,4.699455953928536,123.79675299787579,0.14443063173741047,0.0
68.19847010587202,6.502325128270311,3.506062066567212,167.00920302146446,0.29136374064608656,0.0
40.052283399526374,8.716164999504525,5.732522355600246,153.5284590908104,0.24165303683748307,0.0
68.70816645896373,16.89536024351213,4.245512498270408,187.91672434161637,0.2718902586388622,0.0
30.415074450125246,6.431792807857258,10.665796554277687,141.43120163260946,0.3165884190348637,0.0
74.02744813521558,4.870887904802545,8.21255482002819,169.30815718483677,0.4519763955265213,0.0
110.6064045340655,39.272253907232304,15.766297144164914,68.05376259001304,0.855550083332086,1.0
70.7107066337919,8.8075468007462,3.5860411451403706,178.311661217199,0.31837312030541,0.0
56.39615460375354,16.789217348269496,7.410893060024943,162.6041984897118,0.33016606027467155,0.0
98.32100102968987,52.82522125646233,23.4975657888789,63.7071849413504,0.926463334869501,1.0
129.0438236329809,33.94256741392215,12.018796151721897,92.0375121006602,0.9282551113431804,1.0
107.5787453056013,43.47880516041469,15.402672388416331,94.9759804955888,0.8640545902132043,1.0
162.84928956403513,32.06906046789755,18.242927129178454,77.02602813838642,0.6249633783414105,1.0
144.19284543177326,45.193709038904856,21.826992277728692,69.02613865818388,0.8608842480313087,1.0
125.22187751204561,39.91857596165588,20.131614461175122,79.73464177793507,0.9101785735753791,1.0
108.14299161853785,39.82766728720142,22.861777231351674,71.64567138658721,0.7103960031247546,1.0
108.36080208331211,44.033223936500605,18.935915115544596,59.85781842640674,0.8320754257532206,1.0
63.28845412961443,8.763535035925846,5.68008402977653,133.97262137052655,0.2504506262988873,0.0
124.83966502906367,50.06728735841943,18.11753408570928,62.231616424853236,0.73276380689663,1.0
96.97238941675428,36.04535335897629,21.39665614097143,73.80323328863122,1.0138857951539044,1.0
76.0413671604127,1.26448215253121,4.285713971780171,146.71721954205574,0.3170861047378328,0.0
67.93075703520303,12.396266417594308,2.994979519510639,127.6957336629646,0.4743374135221747,0.0
52.60152149921254,16.935071037518576,8.401714288287685,158.4633062184577,0.20500977935515646,0.0
79.17467540123958,6.601981870687986,4.037002214946684,122.2555605080272,0.3546488757090953,0.0
58.358540907830175,16.070927172044705,2.5703474192629905,155.63355309385653,0.39425087242530465,0.0
115.82750360421737,36.785016042704925,19.45111006889059,53.70416880178974,0.8308280671978728,1.0
97.37076838196133,39.121777666488754,16.545267828494683,58.06691004408689,0.772259341766058,1.0
100.63033192642655,54.171902839761614,4.886261640866692,66.80689976155172,0.6793891834538514,1.0
114.5175926260027,22.84701455379163,20.717099239726483,81.44474621816838,0.7765465792256916,1.0
70.04859860554465,9.778370184354714,3.842717753227015,154.73327082989118,0.2157251618568657,0.0
124.75133026695718,21.82008979803986,16.04190388909076,81.39557542518864,0.9070002445270551,1.0
39.61349238088034,9.284533659148497,7.717489905070771,182.8676995198212,0.25220707295937,0.0
96.19624781753237,33.70424136874644,14.306534189747975,73.9174797538559,0.9201126080624623,1.0
112.90447794885084,43.69259246133118,13.12206434230913,83.62445238186267,0.6533256327086963,1.0
76.24322979840412,0.2777226169400553,4.581044848861733,125.71985216273444,0.3525880919777431,0.0
37.20130565468736,3.4872670047051617,5.144378445056045,133.6755183567547,0.14405859171249163,0.0
60.44288229030438,8.977304926805527,7.329486327290507,178.13361943026865,0.2686426466761883,0.0
73.31080460763583,6.0776963122996035,10.353675945767602,153.2933976718146,0.428592496509708,0.0
72.21393429223193,4.316774195644878,2.862008501970468,162.64749529646141,0.39565970170014575,0.0
83.0044192158228,10.710120069087136,6.957192912985893,144.4513478898918,0.44540429437324336,0.0
100.3719079624601,42.747295024947675,20.344136409188764,89.99139807595631,0.7266847507327914,1.0
40.74013617378441,4.034414078860187,4.901133300025464,170.85863530294714,0.18887302114783824,0.0
123.71343889473889,25.24946332602713,9.169178534576186,79.0210204959687,0.6988107655087729,1.0
22.575339582885846,17.222351554039218,5.035050099326229,136.90821882084194,0.3387213723833925,0.0
118.61524500273498,43.44829524483807,8.488654736153716,71.05353149962414,0.7363988649929771,1.0
66.03437646023376,15.334705492993045,7.259505654580254,113.56680108949212,0.4250706749302732,0.0
93.94470831102073,38.342057014634406,8.492925226062095,72.36029852931982,0.8840419632767719,1.0
57.095388051496776,12.708893512066137,3.347629322981792,132.52462433506682,0.4082042150909527,0.0
129.2678861429133,41.21763039110536,10.84073980340181,67.3499186000097,0.6166538984365988,1.0
110.03470137603182,29.58796561399291,14.357099524885628,76.04709249797963,0.9549817736941468,1.0
89.60524806400198,38.733390029870286,22.129407847766473,78.64315014166417,0.8452326388258308,1.0
42.35289370594745,8.909637960519092,4.885186584355485,114.27318668994063,0.08713453232295312,0.0
116.07506704578971,51.007555890403104,16.0775213125023,69.43476838515677,0.6300479856617958,1.0
76.58140206854713,34.3280676778798,5.7375222421750856,63.025259780607755,0.8878959813480554,1.0
152.62740856801707,34.97536558051295,22.43245186475736,63.0114657003385,0.7847922890315597,1.0
61.86888041396784,10.145621591783007,3.4392326628308094,99.86724996630076,0.26105289931071896,0.0
111.84814017662352,50.9508465546762,4.366086103155919,77.09210605315907,0.838233917549864,1.0
59.58155624307416,5.626923092866417,1.8271713871552278,180.8081060850158,0.3707996060997242,0.0
129.94839962793307,34.79509757734679,2.146218497224872,80.82858601586258,0.7222115663114731,1.0
77.45552444317181,19.610572608557028,5.0574998797536725,128.6475297014016,0.43644471217162495,0.0
95.73357728757352,25.809440371616905,17.05299352834673,69.0504826554511,0.7172530620305777,1.0
75.49662620386582,14.490197737413634,3.625312665222606,147.653219505384,0.3223431366439124,0.0
96.0635705591947,7.398781158952403,17.77233539854699,63.41771029198111,0.753448928306252,1.0
46.607649533440714,2.0065836797112464,5.100831217380576,159.94424204435236,0.2790538505672327,0.0
109.6184743712655,38.144595914611976,7.160757229078124,53.159900172663846,0.7973535011970496,1.0
23.75572682461918,8.878682250123287,6.050077757628287,156.91823810510476,0.4442319310318811,0.0
68.81710935230407,22.93918793721455,8.118414344024732,132.20238201969232,0.27783440415195204,0.0
101.5939859415543,22.71075966197197,18.841795912231543,82.24095513711018,0.8080765916259245,1.0
107.09492991460306,56.45395530755597,8.940223405226178,59.206042520188234,0.8981914041517195,1.0
44.628781742305854,2.8827635144114447,4.472487271998198,170.6767823473011,0.24457053667620388,0.0
99.4981390607053,63.01079076324767,15.612869444988434,70.106127455137,1.0560926795514671,1.0
89.40786244293449,46.71270714494224,6.942874893212062,68.83609506515782,0.7356339577646156,1.0
144.50473542558697,43.998502482579106,16.315271182163954,63.99053805959732,0.7771949418064787,1.0
37.609920229397886,12.168372758494955,2.1892577957576087,139.52554198435698,0.2764298356557631,0.0
64.56311786824347,10.033181176296559,8.190815512903875,135.4107668248044,0.3672419023313492,0.0
70.01558016642412,9.567541560594787,2.849770418211099,155.79770311824905,0.12181973560265918,0.0
112.95787098732876,39.793978732252896,11.439059421439469,55.0207550197577,0.7283419807966593,1.0
145.77871521120215,17.27882130992683,17.256736551901728,83.92930717551012,0.7167114899173394,1.0
84.6470819562907,5.697175254654727,3.4403396240088484,132.59405252970507,0.3462119264638437,0.0
84.73494218005322,7.148167997508474,6.435176120322841,127.24132246236151,0.2876282122231837,0.0
61.83371199748567,18.42476558745577,5.891993348517752,163.9091378752156,0.043084799902184445,0.0
114.1126882598965,51.33271762110233,17.290919964358643,88.81918522763226,0.8071232122744527,1.0
132.7538678182288,44.7474306832734,15.896039154255789,60.80735407950293,0.6008773616220153,1.0
41.1989247431557,12.026214324510958,6.29852812323282,143.3559239882381,0.04259839817541988,0.0
93.68165749212187,52.53821257103351,15.232671761195542,65.0716032725195,0.7426360214269045,1.0
98.32762093272262,50.10254550172336,10.143759491607428,58.18334269936844,0.8435485447589772,1.0
64.88552881072641,20.21065848884646,2.5218677696990617,101.48213688999547,0.3677028105653025,0.0
54.391387947751845,11.855456612452754,3.6708382730418556,162.91214171430138,0.34444748440042056,0.0
70.66280935578092,9.196219282233187,5.520664463994158,176.75218616958358,0.1675885047684985,0.0
79.8123195187348,8.906431406030775,5.718379497807444,186.6397201807788,0.11433960807531024,0.0
68.02190531282099,14.582149041730702,7.751846919166083,150.70304612455703,0.34015172286990114,0.0
114.06408479274731,30.29950022695541,21.869767481077666,70.9808127942851,0.6591871293217126,1.0
39.026790164326734,7.975845159314003,6.138615017713634,139.81499669999994,0.21576262587048245,0.0
64.30980762480587,11.326130020238606,8.523307735242224,176.3943700571025,0.34540314621097346,0.0
81.0062334820715,30.6285266446166,13.748211655751152,76.28312738724804,0.7943425439737813,1.0
121.88930590229431,21.982808128262967,21.478214502231737,72.89524579076632,0.7765515941889857,1.0
99.8686194819094,30.620735324391326,14.666342015313369,60.791688330488334,0.6952481781250904,1.0
62.20080422249818,11.28467767601995,4.436133397142429,138.61707224002092,0.4316174965312025,0.0
113.45145540051523,41.70156736368504,13.696459742128305,66.59071271168803,0.7457870815239098,1.0
114.50580779752055,33.109208630486194,24.381079683649517,62.66461444185916,0.8252687347844331,1.0
35.634367918679736,12.702896243991978,8.153647818699708,135.54609029245887,0.19665700763852278,0.0
54.055612363867766,12.599333659845975,8.51287460613393,148.37836314752857,0.31260424195018,0.0
56.23193309658326,7.070992161524896,4.13794688303532,143.62078865940424,0.30263892342054255,0.0
85.61383786959823,37.63680702231013,6.927043652564754,69.36967433870494,0.9419114869303467,1.0
90.05821047602751,41.62678253837328,6.822285892427647,66.20637145648084,0.8010257960682777,1.0
65.10888727638107,3.3024683981092506,3.469386950154009,157.68297128170806,0.2695756429478388,0.0
118.62747193163771,45.19823263487831,13.66022992959635,73.62296855319893,0.9315000903852961,1.0
58.77489922866019,14.916304370135009,0.5582540846758235,140.5579278470286,0.3511778371545041,0.0
123.14047513905331,41.91513871169859,15.615682207456787,66.52789234383465,0.7395683366434606,1.0
67.71223722194505,9.35844702849947,4.851345649303767,147.36299354510186,0.4443082313804819,0.0
114.24149321044878,35.08548371213433,12.817573068972267,82.55016752130844,0.7501425383836893,1.0
126.12807994190345,42.80545777906236,15.9601276253667,74.01730504126284,0.7804757801910334,1.0
71.1351889027361,13.793348046515256,2.8818569114327013,118.56621423102106,0.25646179506698885,0.0
56.87307702374698,10.039315099185528,8.51634238481573,122.672875473455,0.3805786391203676,0.0
53.76971541771835,6.327499617135046,4.6793049432486,118.98783076199564,0.2781717279793099,0.0
93.2350650437782,23.10039708164745,13.879016039943084,74.1396277613062,0.7299616907786376,1.0
69.34923657116376,5.092614814383917,8.133457245897995,107.2039394025623,0.20975037469268026,0.0
111.59599521900832,32.1831639741941,23.2778600657414,72.59789112965723,0.8561918149868977,1.0
60.47280755471335,6.862554845126123,3.9642373855971096,137.4351086825133,0.3637091581439927,0.0
33.92857574855766,21.772530944146734,7.145243122995247,147.55706843741694,0.19340759590048034,0.0
32.493149546949866,2.8916294583693745,3.263614733536519,147.4625448515958,0.2733392929785018,0.0
117.81237749278574,38.431839950302944,17.539074659657075,58.20927521151714,0.9252002244443234,1.0
74.57179467630681,12.197533515957096,6.348198917702634,154.90526358408886,0.35759522830390583,0.0
128.13039693157248,24.408809920913654,15.501756752218563,44.47390333561344,0.8130957773828973,1.0
135.66746556000228,42.54012448634267,18.643096707257897,72.13480001559194,0.7305089597120735,1.0
62.118001830004545,12.218328554622788,7.6688397479172465,150.18941486087823,0.3867956235576549,0.0
53.129851850605036,11.157640576240015,6.218932072373856,175.30360452019926,0.24562482725179358,0.0
122.58302809285038,52.323499312520475,13.446316955372671,50.25299446361748,0.7819637929324016,1.0
111.66452947586374,39.90028685600477,20.8510356712715,65.32283677709977,0.8552716613460197,1.0
31.850228184826683,11.364048130282168,6.6026271502220295,105.78213259973725,0.47016431420818017,0.0
65.27054104978113,8.839550766122574,4.999492333674607,149.17721418161634,0.3143520167985099,0.0
62.047164474115526,10.693507977349372,6.380363319991206,142.7352555194124,0.36411181536311443,0.0
51.94705399107052,17.219766512392866,6.540988837015673,92.4069701576245,0.46106506432912925,0.0
120.87986388858758,53.25237785162528,17.311984064845845,89.7745369093438,0.9056887171387041,1.0
57.633385011821034,11.036734240014425,2.170979229166266,143.39113439675864,0.14405472889240561,0.0
49.212760483357656,20.817429913231123,5.47881588145345,151.70303590531407,0.4471246556149427,0.0
58.95893814641153,14.11480533797112,5.475079852920521,118.10296000378051,0.14939758557713315,0.0
69.06361065149207,17.817730973177248,5.165426355002943,113.77866094736513,0.3765869233544972,0.0
93.57027833509463,41.61893503603461,20.124990435547453,79.88018696868879,0.9184880902477054,1.0
54.07658470793678,11.802092384368342,4.919594101323008,149.41057391185805,0.14695828203754738,0.0
72.83069573961026,8.036770811336613,6.886397560994246,125.20653707808208,0.3617389297307926,0.0
37.61363870960087,15.084007593168845,7.061817774945645,173.71700791062617,0.2450829043181889,0.0
65.3212928376648,12.410167500693095,8.866386762584163,169.95412029574794,0.3343256821280341,0.0
128.52195395289897,35.49382356030305,9.416179180145846,71.89310969929278,0.6047749880951865,1.0
91.25605874508736,31.536321742789443,23.708070406686023,87.29665433182026,0.9383368924724214,1.0
96.68001209102096,30.34164387459517,8.619052302055294,51.09447595220401,0.888949743497434,1.0
62.16861645919468,11.061170476543158,3.705104940022947,119.841031344556,0.38314125146173406,0.0
28.57944049628667,13.814276704698386,7.5612845343652575,177.67858460285166,0.2313326013303179,0.0
95.07595918286366,55.45431986821157,13.748989409659085,70.36575613716053,0.7690311442087628,1.0
68.50213984175068,4.655305496005542,1.8788980983723773,150.87976777523673,0.2845281240498336,0.0
114.13790725423225,38.13810645735254,16.088541948514298,66.49686055535157,0.6836416655477374,1.0
121.25279579644479,50.424028424639474,22.52709904577126,88.33179039581132,0.5859885014578528,1.0
72.86983266465108,15.050329986703398,3.2572118633098572,173.1181165775967,0.2117559890112382,0.0
65.87205616942497,19.017257147892455,6.9868282542169755,131.0916330849745,0.19981594737017205,0.0
94.94649046683708,39.519752927901635,11.607596713824574,91.4209240755147,0.762300409352261,1.0
78.68095920149554,40.016333334511046,12.844062609072244,67.92244025539216,0.8975980545427574,1.0
133.55113789013083,30.551725033103068,16.05637891018635,73.98798659768705,0.8172585603789104,1.0
54.86394167994048,20.209552639586008,2.4161546881737572,156.84737607823013,0.19948229345854074,0.0
58.13220839975446,38.07111325286731,12.856722699410758,76.31093500860982,0.9207306352064912,1.0
99.25863341685707,38.72973765557798,3.4980452193599003,64.05474200449768,0.8911938616494586,1.0
124.5361806119329,39.71174213560808,14.88276169363896,63.49299500492546,0.814913811629302,1.0
93.94596827288456,27.902569338910325,14.056809947860602,88.05887135371528,0.7607543675401484,1.0
102.66599478295679,20.1399448917179,9.243137074162952,66.76343271926812,0.6980153477984078,1.0
43.90000492788052,11.014523505660677,5.358177456815586,149.58734655604223,0.35237404298727126,0.0
49.05355565526384,9.667210191952217,5.535708686643139,156.8933584302715,0.39008013039807377,0.0
45.96926313835232,6.38457095386759,5.2534969303828944,164.41949446308473,0.28517630236900215,0.0
54.443198943316304,4.879457367416098,4.344228661977464,152.3192148726441,0.20463632613007837,0.0
69.98623948686941,9.060670174387315,1.121149504588986,172.95363721092465,0.1833498526168042,0.0
99.34157132891791,49.89387640600297,10.471505910921596,62.26461403433719,0.7783723717435186,1.0
103.04075305369128,67.19956171238326,16.523564236536995,63.95934916785828,0.6918347425801089,1.0
99.58992314196274,35.787015552819234,16.039947502211227,78.41557694266857,0.7700280643069576,1.0
48.83645587308754,20.694486139789035,5.289660710354026,161.67482976541078,0.277699509693564,0.0
40.14709283077511,9.523510626904823,3.3560642954323434,128.86160903502864,0.2785083154542187,0.0
87.55613079223541,13.135519051005296,6.06165377612498,156.05827969853766,0.234350762010973,0.0
119.0211357883447,36.91169868507169,20.825336103184064,67.54369408276833,0.8061121334676893,1.0
69.07365584035703,14.162850709589783,6.4512757822327345,128.12523033325564,0.25015292420308777,0.0
73.62366173077051,9.001103027561124,6.503069662241439,127.71338497872149,0.06709535827628021,0.0
45.853284294915404,5.182098251204838,7.1355402223638595,194.4353606384493,0.29065333351007233,0.0
77.75662495567053,4.588374321267822,5.418360335679928,151.3350564338162,0.3278586568941265,0.0
64.37652002604001,13.230500024714202,2.582026591066828,146.81553627526648,0.28555102766043305,0.0
86.01120700275912,4.832213028197301,2.060107347774862,175.23706038737507,0.06786955167533934,0.0
97.12637508544864,30.068549685559944,21.19488506794432,86.67113483463744,0.7505675179643035,1.0
81.05509605795817,52.24789039654752,21.9442127083713,80.97997443654715,0.8655120145583042,1.0
102.85395743018248,28.813192271799743,9.94597384303482,81.14251105032562,0.8749614575217151,1.0
129.50526092604423,34.431186870866235,24.197647281019094,80.06228085917985,0.8045368558155365,1.0
129.02766115324602,55.07340803858223,20.984358748567256,63.44565039343433,0.9665368276123305,1.0
56.70806174816639,10.403379594233408,2.9213015305733028,154.07870148977108,0.25128209696058956,0.0
61.26955877647966,16.05545069518628,6.544151480104871,143.99233856788558,0.44472813381739396,0.0
79.24619016377105,3.043599518410476,5.3698452977023585,143.42401996210722,0.18569244607242696,0.0
55.13247653979213,9.95594884017074,4.101825474288746,153.02798876974114,0.27561242114507395,0.0
69.8513380825398,9.799139007020443,1.9768556958840588,170.71158626040025,0.29825942653300375,0.0
48.59907082593122,9.673038047362526,2.477760210795543,162.9187710134758,0.28722282281355027,0.0
45.392933142659174,12.36042740993655,4.778458407913522,182.36144144401587,0.22913041139982254,0.0
65.7653792466554,10.07318350175554,4.8005564070195454,149.27198953350555,0.2673160255516225,0.0
109.0766166394717,39.71725550248253,20.481113374988254,63.67325709692066,0.8498127750406413,1.0
64.2869588276611,16.42807377612875,5.017022582444565,163.57413489565272,0.17615573817772992,0.0
114.42291638769258,37.86042084427254,12.776559601311883,66.46767473712761,0.723504212287932,1.0
114.79528205198932,37.88641265753286,13.865040392644584,86.81189153124116,0.7463027427265126,1.0
82.92677612826273,16.086488846019268,5.302769591845382,170.4189100230821,0.42053801924808737,0.0
150.46220104488717,29.28038497725359,16.516386536860146,62.72433024628134,0.8905793974192139,1.0
69.50123218947365,14.246326668194262,3.941438989673662,165.10742106172512,0.32733220644573324,0.0
47.277096695174805,12.918754670469639,5.679907416388914,165.43411527856563,0.24673511067446843,0.0
98.06436190754381,38.50546305085876,23.653000572250697,82.35058974784364,0.8630069131163917,1.0
64.6669550054541,11.201995244965591,5.689905984794414,140.5316560398621,0.379651716437998,0.0
89.97447505021871,38.0907094434404,8.45509528078604,65.70829168566408,0.7841712063827259,1.0
125.45089803461343,32.46542619528583,10.480788766206729,67.32081967629246,0.7576696648458089,1.0
44.20674102270672,10.459953324399848,6.660373925325594,147.59118362404607,0.29607545070939867,0.0
137.57462901929642,36.23129193706076,15.49684470043762,67.84996213841968,0.72651033957541,1.0
72.93056114764495,22.340089969751933,5.177671964174461,149.90831534347456,0.3568633700568564,0.0
114.9292645953769,54.83722966618236,11.054924319191255,69.10337531631181,0.899095508035284,1.0
61.97989249827934,2.4524145078160764,3.5864818936497933,148.17868554071782,0.31193838018796705,0.0
153.71666296848113,33.45094992214375,15.404022191831391,64.99353935343248,0.7875623463378647,1.0
94.33650769315221,42.30971713771731,14.649450612463147,77.50993838971664,0.7502194584743155,1.0
71.98349716421836,5.7705581098082845,6.35097530722329,143.3109430500555,0.2994029941436765,0.0
116.36861070204264,58.39635545968907,24.06400583672555,68.94686803925568,0.7170447982715764,1.0
77.95754567438036,30.552201004155915,7.948704476149423,57.26962572442865,0.7310349108341153,1.0
144.52710216275136,33.442219918106495,11.210949949155852,80.6354355539172,0.8275400277675986,1.0
70.60900430278241,6.970554096250332,6.349029135021399,179.75839572815693,0.2929364377028679,0.0
66.305148182621,19.938319251530245,4.6445815632763265,140.06803914165403,0.48306905344653683,0.0
113.97362613496726,39.3617066713824,7.250763762256227,87.44179003578867,0.7950180204933653,1.0
70.75560934676523,28.72658203411421,13.645739223523503,90.53588601486368,0.87762901837271,1.0
49.70748413608826,10.433753038831027,4.408944811247274,168.0354644120003,0.4556397452640568,0.0
19.528514441448728,13.170574762757067,5.889092387894411,137.02831320101544,0.30110350614456105,0.0
61.662644172177245,9.929132169852958,3.073175640717813,129.19533452775661,0.3617066307679707,0.0
25.95941642710551,15.675603108836969,4.670648747594739,150.56930414161812,0.2806865877598112,0.0
73.3254291491383,11.738409540797953,7.786282022360027,107.57197311108789,0.5520013402519072,0.0
61.112809964262645,11.20997100001159,2.5759904850613227,143.44184713659521,0.24472166007160143,0.0
66.05588427745367,23.22345476027818,24.041927705424087,77.77787357380468,0.6864427019845677,1.0
110.17146249933771,33.654224525831545,17.91681151566838,80.5605769218589,0.874591462545865,1.0
90.69078365773679,-2.161754568633164,3.733988804794861,152.77342936572882,0.12221529224520897,0.0
107.1893833120237,41.76786033545221,14.407594616647254,66.32348534134641,0.7929883905608314,1.0
81.4806413833815,53.3290097572178,17.655294133190132,63.18655303242562,0.8485539831927191,1.0
96.24775430159646,38.99876483968751,10.902307459934026,69.59380054921802,0.9033757360601794,1.0
122.57673580439734,36.7720559608612,12.663034929143224,80.1300068315465,0.8024897763748362,1.0
68.23112381897221,13.494569443786599,3.1347751615162567,113.62252371584589,0.25456323322265423,0.0
86.67086073067811,40.25584128839487,15.505892211789687,66.37644527906497,0.8005476426750247,1.0
81.23667719340332,3.871222608641461,2.340431762105019,169.80330214586832,0.2348528140679505,0.0
48.08433101203666,10.641152230648345,6.538349114877345,140.9354958094942,0.3046610667732373,0.0
66.4280929643211,13.63619777691734,6.09184479887732,150.48316039331587,0.2896734699935342,0.0
120.69173994333998,28.597852905847247,18.27464401856061,82.26134021426326,0.9015889947942186,1.0
130.2685943183967,33.39352933082604,12.730635016078466,85.80866239318945,0.7409987312949593,1.0
73.85022113471841,43.42882426426346,12.224271482923202,65.24817435561302,0.7357215910218298,1.0
52.38740285740844,13.873406017529254,2.177040643107097,154.0522334779229,0.34797620676597174,0.0
103.5948813170216,33.41146864493695,7.846987497662941,75.1849220923967,0.8340816731341363,1.0
78.26102200551657,9.621717918119236,3.2931432561880163,156.5807071879884,0.18396462699910024,0.0
120.71642512780434,57.3425609386136,9.728857895781333,66.76204979763847,0.8496809921473539,1.0
99.94202858552649,45.114566912395105,7.088360836816475,80.26843265611168,0.7931330169041239,1.0
110.00023630337371,52.84430018871614,20.08590246047219,73.32270889307458,0.842969575870348,1.0
53.68411131492075,13.554492704486684,2.485779385315138,161.03844559217362,0.2666029041995297,0.0
33.848305267277965,13.277639822141015,9.323162858391246,161.79279785602333,0.2785389725362616,0.0
106.1390615508162,29.613345336410106,11.009973485686304,44.78703268871669,0.8282318552586297,1.0
53.49141932043624,7.528368579229492,4.476500571694856,154.14209232244752,0.19042791169648549,0.0
115.93412147857566,36.03342215106609,14.193067245545322,69.04415052678804,0.8016321296719614,1.0
55.66498060404198,13.567369076221237,3.4237224432195656,96.8999490597885,0.3444028134394319,0.0
62.52681051692197,8.102157388126386,1.0623657659361916,161.05885527285554,0.34546202327596964,0.0
87.60696553004428,9.597240757090582,6.825491894464212,160.43507029321736,0.21986503551888992,0.0
138.8084330135776,28.958625548385886,20.080642340540805,71.04501227188705,1.0648628506352036,1.0
107.24091316142157,49.79925597155972,23.84860420496918,82.32730236221336,0.9495333646592469,1.0
62.279211900183405,2.9165521098578786,3.615705941351613,146.2972433735349,0.23301028852860384,0.0
62.5323653414378,15.854767712637234,0.7121954077207961,156.9039874583559,0.3249348061883506,0.0
53.71140427014068,13.92772948409244,5.2058744107494155,167.75001926086568,0.3674368681271092,0.0
121.61357169708064,30.660950016953443,12.013616216289767,79.97102684637274,0.9703869371224974,1.0
51.993513448199124,8.128164881006608,6.962476463766834,171.23965803604708,0.41873093554116425,0.0
88.07519677890211,44.371202507954436,12.89537579547393,72.50078976787937,0.9045196343916156,1.0
42.213363468485426,12.733924735082486,5.128354344666085,150.68770492236234,0.27698504777121924,0.0
115.98219196349368,43.351867216124205,9.477413067954254,70.12621916438017,0.9279980011755631,1.0
110.9152229249292,7.320678852288161,15.470161606567078,83.16510231913253,0.614437751401423,1.0
46.0790992085461,12.301763771817598,4.314920653854421,172.11862896375962,0.33752013692962707,0.0
58.62979586973507,12.6620564208459,4.625480651351416,119.32529072884074,0.34686668496658823,0.0
82.86561533628962,42.72899317890919,14.318958204675026,76.03692264676124,0.9113343383411125,1.0
64.61756804881277,5.642604766027868,1.4385565239102887,144.04090135197023,0.3242367828099078,0.0
125.49748375375609,31.162694057381454,24.63877793085727,70.36071927167859,0.7667821835428432,1.0
21.970953823058174,6.4518214023329845,8.869094703398776,111.50737521697845,0.3878910733189823,0.0
48.316192993864,15.69727767722309,5.012031615110635,121.93805957563873,0.27229333906504827,0.0
95.88310396142808,33.0910306938433,23.969703298198294,66.40899658896764,0.5878876529190771,1.0
101.95938834700972,22.048944640276293,15.183053359766719,64.30607342168203,0.780926530136175,1.0
89.4177558471333,9.617543312561363,6.671847495582403,118.0036343324954,0.3765998308809957,0.0
54.46465577631248,8.829327824137621,6.245395891448764,137.59661753618656,0.501263623132035,0.0
103.08571680601636,43.54060159082694,17.05689312100515,78.35154551372975,0.8523905566907707,1.0
121.31976431570723,47.5062977836564,23.253147311715292,64.06561280345468,0.8676183866359588,1.0
56.834297681281285,11.890593656024091,5.9187922482664215,152.06410790470974,0.2514746415660566,0.0
33.81864964058124,15.052162407050226,4.394848019853891,152.3705108103967,0.28711198041635716,0.0
62.92058423350551,11.16256381993729,5.871660467596451,179.56161717795493,0.23713711947405897,0.0
33.96960699825483,9.797039486046677,7.258280686926144,144.34665983612018,0.3015348789725508,0.0
103.82577846593996,31.615085513208566,20.151061740216026,78.05044573601005,0.7486956725511851,1.0
107.34001070898762,39.38543088549659,19.47361346348642,81.42207937888486,0.8011607160868843,1.0
95.9644732718982,29.171759122862483,16.384806831107593,75.15284909546607,0.9372481835468666,1.0
108.56566861566596,37.21665890515803,15.773546275533866,78.59950951103752,0.5909077984770839,1.0
140.23880366363574,50.56446612307958,16.73935827078654,64.50209943119343,0.7556418084892697,1.0
82.48241497592859,10.416186215499234,5.097122110006067,141.85548910670627,0.13032859111812425,0.0
58.02482854380809,2.1911707083508336,7.820897716802929,152.0709916499203,0.26838837302452795,0.0
142.68536240684125,39.7827187270389,19.627374089644587,82.9588021883282,0.8487997952441428,1.0
36.0634198850607,8.408181734972906,5.995023095841494,156.39610878270875,0.3386450498411149,0.0
116.25035753043537,37.85267523536881,10.937636435428221,58.120717485872184,0.8958350273571661,1.0
108.53379992015489,26.171568535207903,17.567108921893237,70.45516645520303,0.7219170529006522,1.0
119.18773876585271,36.90301594266773,14.650943108852093,70.10996321467766,0.8776033938838944,1.0
53.19453116465597,18.066514163529224,4.64496693172457,163.65813260199388,0.399312529954403,0.0
45.26077561209305,5.616095367147662,5.036336463140321,167.94600012140705,0.2651416213492182,0.0
74.67519708154708,11.592766946227293,0.1209958922386889,142.52222736879338,0.40737898059563366,0.0
70.04474628582098,11.481403620660219,6.102839623555264,151.43727759361903,0.18585339465649814,0.0
55.98322567178595,16.316490303790633,3.3761406152149664,176.001528542327,0.327789300730701,0.0
59.96128707856273,3.7419936780414425,5.1298091251214,161.63942367644097,0.23175187922792317,0.0
107.5809348185175,20.33534597557325,13.47427706830572,73.55554610234799,0.8129549068220847,1.0
111.35492361519192,41.030327975827724,13.622746244933555,75.61247141208723,0.7700693681725624,1.0
114.14850485255764,61.307559052653744,18.520092169272797,76.14716125343074,0.9530110551445092,1.0
107.10688970919439,48.48608259511851,4.207036499436882,68.1021565116072,0.8829706547773958,1.0
42.7083993149397,15.426661935452007,4.145012564256427,130.55648927635877,0.12063872064422113,0.0
124.99038568055921,31.787723470138797,23.643120077084557,53.1145504891399,0.7787392810964309,1.0
97.99294520849146,32.19598679636604,19.319897335072316,62.25585009494284,0.8821532816602488,1.0
70.91532654695432,8.692962315163754,5.991892779996275,139.42111470541028,0.2671795759803327,0.0
61.67564772935892,3.3555549783591685,1.5470775217059551,155.9638422799831,0.29842100666423804,0.0
129.4777141596729,30.139636064799348,20.519853933795225,64.24902561679048,0.8478781903881422,1.0
95.17876063352101,35.406569796457816,20.337280863192085,80.32236607891262,0.770857340567293,1.0
59.646044789422355,11.398195692198014,4.200869363882143,137.45923508925952,0.3639737021745478,0.0
93.18982904251143,4.474844256543537,7.495039468490509,152.68667552107223,0.20602907280273575,0.0
54.44174224390001,12.334262134566229,2.183132140178247,176.48328437403026,0.17275809741168255,0.0
87.21404880721788,45.663948757197694,19.144411673153606,77.76242911620793,0.8769665526049472,1.0
78.54046641265225,7.763793359200356,9.52627059521715,149.8224857386363,0.32375249416791774,0.0
58.2634101184573,12.267253832037124,5.6765782707296175,171.04711046644726,0.5669253764432742,0.0
69.4277711664404,7.526973117844207,5.003259477949075,165.03059338434102,0.31000978161924825,0.0
113.86787943955072,44.491749078899865,16.800480344985534,65.98743429733653,0.7757640073034741,1.0
118.89913742849629,50.97131301142914,14.264852608230543,63.2762240537051,0.8953277131941696,1.0
50.04743989613177,10.402306857876717,7.033520965991951,166.04401136767743,0.2874500796694492,0.0
91.9891609753158,47.24918324486111,12.362568849524386,69.08099247231746,0.6475260240241081,1.0
60.031514909004144,8.561863381239062,4.941056807643621,140.9894775731029,0.23744519444802525,0.0
53.569088507869296,9.984537281453012,0.011145986394041074,144.24214097521147,0.3630579679516542,0.0
107.20440428903495,44.625655936424025,8.430374807561646,75.66275404663764,0.6587250155127168,1.0
103.17732069712655,58.96828145728183,20.881430950726795,58.63447102078109,0.8729753321262754,1.0
66.02067938915216,8.62582286324753,6.602435279700364,163.4634205329421,0.47232539882134245,0.0
63.02677053927065,13.282390884004808,7.1933798419394375,153.19711905758294,0.27222000703866156,0.0
50.20969685033773,4.202395123706242,2.809042449117601,159.89925328728336,0.32874707913196943,0.0
95.19034970049888,41.233449574499005,16.724223598073788,52.05200794626866,0.6914717484595305,1.0
108.61124958524152,52.859837268945455,13.36341845993497,51.34552635048529,0.8109391759191554,1.0
76.57837116881592,28.293730747662792,12.779064959579603,63.07673889444998,0.976483300328191,1.0
38.170620565574545,6.907899896180403,3.114517911709032,160.60621908377408,0.3342731591797675,0.0
54.503247249957504,8.648407215336253,4.40395137201924,121.47358707085695,0.500607513821762,0.0
124.11799125503028,37.1591506407955,21.90391044388721,62.42867858614295,0.9425031639475757,1.0
78.38769322342245,46.69411011391715,15.440200608942378,61.97282903808825,0.9107618089107977,1.0
99.05451556328785,36.44195952311467,8.500940520314984,76.44310679589256,0.7692588224704167,1.0
93.29123331791128,47.90483080792091,11.499742186223717,70.2926294783625,0.8007497541376163,1.0
132.71433346829303,43.18117011119696,13.513732823292989,71.41227224652195,0.6918810260750929,1.0
61.70369211603566,16.607654164901877,6.751116749405724,153.0672781179609,0.2508994503096192,0.0
92.82047730772554,50.45407796542649,13.172029445401783,69.23064653592638,0.6407073834576624,1.0
120.76878264788161,41.23939586111198,28.04785038856841,74.57804384838916,0.8231207271093134,1.0
118.42702719052708,37.872050133714694,21.62940106125604,81.105427769364,0.8623033235829033,1.0
59.80729066756759,1.4207352263004296,2.864711463841393,171.5581145651728,0.2031627593066018,0.0
86.10239727179646,42.98770549461065,10.914819811527845,67.84495021784205,0.8136353757263194,1.0
71.19002026961182,4.929839542514167,7.162220753699405,121.32039830139877,0.4053286850948191,0.0
39.30318293147836,7.393457978653229,9.71387055295408,148.34824241319106,0.21283352134057193,0.0
49.19624215318126,8.411405777929938,5.470445774457603,144.53863634516276,0.17618939761217206,0.0
58.73395214339453,6.154962111885233,5.269673742233446,146.06449775100864,0.2006231856838463,0.0
126.24086851892943,37.4129699578133,18.676035517488305,72.25158966052645,0.8293495850794965,1.0
61.17480726996938,10.280801808093237,3.9195299524106098,144.5563638098599,0.4642120417515456,0.0
99.700997755656,38.005782360414116,19.117093656946857,92.31093830951684,0.7214025769495457,1.0
111.31823190716948,40.302761385653874,17.277060041528753,63.57189664164428,0.7476570174999095,1.0
90.82591316175365,30.701729506701277,9.932777222994922,77.90135339938294,0.8094219893098212,1.0
45.82499221985614,10.90783010203756,5.825630518394162,147.35101220436357,0.21195077652576336,0.0
54.8241834914475,14.317053264028576,7.568726717412273,142.76339503904975,0.1378777966092923,0.0
115.13430237115462,48.205006498743856,22.360572750853375,61.716993673833606,0.6817673273031031,1.0
57.35300080135986,10.097637732418827,9.111725731083549,152.44281081063306,0.3358091847331842,0.0
125.0284021057624,35.52037717100145,11.24611020686286,65.04081576985473,0.7513277782645158,1.0
44.52633114209331,14.340874772189707,3.6055930763885615,169.17787094512786,0.1961165101392801,0.0
114.88960314697003,61.17740992755461,14.532163037478734,65.65271689745005,0.8219582464176612,1.0
125.98567872809222,33.68942989492044,13.771379367543917,56.09983289415023,0.7827223153972458,1.0
61.77603614624985,15.74507436242773,5.792779778081901,184.5499937251056,0.12416263404372668,0.0
72.93348538519058,41.573817511118854,7.036832318066775,80.32872585754997,0.7129155629480465,1.0
63.72839120921241,10.913705898984423,7.0211410511687555,141.04834307499462,0.17295264957603376,0.0
67.9355331191222,52.34963239573724,16.98635447781308,82.90947568869144,0.8463987278313908,1.0
120.59577289477532,46.98637052481546,13.01065734671997,78.86057484881115,0.853792675579045,1.0
95.94168092692104,10.83971058832948,7.549302177957791,166.29031564389868,0.3783547378197962,0.0
28.07614950601707,0.36773683413695046,5.152590045336223,167.57023451759696,0.13753037489282743,0.0
43.90639394996426,17.418278926487936,5.656016131171999,134.35283675470058,0.24365482051518905,0.0
73.481169083876,10.808528901515567,5.978734577707981,143.68318639066206,0.4616104590995084,0.0
77.72321449551,18.67781080341332,7.380987525292943,166.51322874365562,0.3038278513418525,0.0
76.02264513243462,3.428470175507428,6.55698318794046,167.01507711415096,0.5799245767882262,0.0
120.2145677549846,48.58324047766966,6.553751251638909,64.61525898892887,0.7706561243260255,1.0
77.69047997788644,4.20967247354013,6.4322889008129405,135.66733991716336,0.28787677526930466,0.0
106.37745686300178,27.88751300899989,23.70953569215675,71.22581568691582,0.9166374380588818,1.0
52.96531294802756,10.411241228363565,6.761733717856357,159.75748150512158,0.4487866185834338,0.0
39.219990079000624,15.270270289354007,4.200575178133425,123.3514828194487,0.2602520059083724,0.0
140.7457646539821,48.20006592301027,12.529522653204626,70.92318410759992,0.9498198109582306,1.0
60.85328946079183,15.978812450917594,4.705708711226253,142.67248753141772,0.08248492601762122,0.0
136.25170856469538,39.84609238410196,13.905297690648297,75.71606411294783,0.685981872699123,1.0
58.14254479613503,15.105261036895229,5.840035462700327,188.51404782199728,0.21133713249119168,0.0
116.44159018849315,34.50106003684128,10.482616374608,92.93981334218358,0.62189698730221,1.0
106.16731885750251,43.02163529429509,18.16085916683432,76.96849955621207,0.6028744566099085,1.0
80.6665054263097,7.489740925777868,4.51833916855768,127.67869022967878,0.34667840802882477,0.0
73.47146886694091,7.940991217479121,4.450385757591112,181.32318682121002,0.3215918814352624,0.0
114.17988400913391,35.4475720037701,12.701701991448772,71.07168240540105,0.7798082931914228,1.0
64.68716676385642,17.098895866181245,6.197880982582607,138.65346978926658,0.3639273999889068,0.0
39.78098381691318,11.384985301331447,1.9315139900688845,135.4806965106753,0.24870026445244603,0.0
91.30087363135297,57.5747650129131,16.996217471743556,73.0231948612309,0.7436077011129687,1.0
63.76208338660055,7.368867364907935,6.038527257768344,177.1744873170354,0.3440146663296285,0.0
46.95457641707863,12.416210516747663,4.875175331436837,170.74362374474535,0.41572166443202646,0.0
59.96842117545648,0.08575235342049936,6.426339756125204,129.35859689159602,0.2335627915915688,0.0
65.06052739308342,13.635464538073702,5.529251646994683,148.95474696751683,0.2944299308691015,0.0
128.40419447532017,30.290138341499016,16.325536753147826,66.44752363586824,0.9729025711207316,1.0
58.25783994922054,8.727735054940826,5.174709268695623,175.11492460199543,0.2116763212427114,0.0
40.453942646691104,7.163279353529075,7.479245303076478,164.61414045990512,0.20430559254961528,0.0
72.08336619378957,9.947796594024279,5.037962242548747,120.89469197251928,0.37713314245435253,0.0
74.45548149928267,14.736748874605862,0.5994165846754926,161.23667351230415,0.34734287561336447,0.0
96.7057648183303,39.23899894266813,16.639115991043493,73.05910612603603,0.9344201250540198,1.0
95.64939568836576,50.758206867857446,18.67401637084528,78.87235114490784,0.8567595371122545,1.0
124.96764881128405,50.18824411566544,21.069424057073086,61.746756328982535,0.9004128627148862,1.0
127.41045274274333,53.551317631178364,13.090401308014723,85.23895088298579,0.7564870465550428,1.0
61.69078840544699,1.6308922030957085,6.685038509800188,157.78897381063354,0.2963486220738463,0.0
54.55311380714444,14.685612016265164,7.663012147293399,188.83673241700524,0.31088730664669223,0.0
75.62264087022982,14.717124213566214,7.185019598321409,152.82038355467583,0.4321345286869468,0.0
95.72753492966494,28.296948649906984,11.603079406258956,70.26696495623202,0.7201569151479164,1.0
90.50726551958697,2.6842845761056546,2.413881285614206,138.88671085865423,0.1234803254880564,0.0
136.3879560287097,57.50887320630353,17.00160677971839,66.35345021833415,0.7903809242841772,1.0
40.748447051630095,15.376368791132194,5.503048223426379,126.47161361125663,0.30215584620688063,0.0
87.4828347269845,11.379560808563852,6.553577579774231,169.9081027663061,0.05996420692072352,0.0
121.70511570228345,46.243338308389674,12.958335664513623,55.02132795533121,0.9114020350432173,1.0
143.80035087536595,42.89164851654478,9.536731526426905,55.363000937396876,0.841654044991679,1.0
104.88527495649308,44.15405456905851,11.70266524814441,49.289692855235124,0.848593839341189,1.0
137.26262863892208,20.63742190374888,13.748072438579097,56.79171799885616,0.8348692672846049,1.0
102.10778325896156,13.106365853599048,10.544889101519672,56.363475143482376,0.9015532449834532,1.0
155.82193032590334,36.8530745437305,15.407602577808387,73.07059723294147,1.024244922971059,1.0
43.35833989908326,12.72056654034266,4.644101141714674,166.00999680059851,0.34638623843241717,0.0
59.34309469870991,15.034297123924109,4.385823945360095,143.0388016850292,0.38304660259001616,0.0
90.9557513465165,37.71996645676155,8.947409956600998,66.04529265056448,0.7499029912292869,1.0
58.34039358576515,9.412544453438812,6.659178716156648,178.63622908697656,0.32193745823147807,0.0
68.99569167817032,9.970077559676268,4.856307988088524,176.8180816032998,0.2548472365969213,0.0
105.34275038064438,35.814952624477094,18.6540244119293,62.237981086978664,0.5716420488510028,1.0
91.48336907918882,24.710100746131474,15.68872106375258,88.23392583197044,0.7939320136952634,1.0
59.14452381820574,17.995363907257982,6.25887746865625,117.24988688383078,0.30043085494762445,0.0
61.79847014448602,12.382884031103227,-0.08005111864488956,162.10283468025867,0.5239915940606457,0.0
45.3086658980398,10.613164274063037,4.973921594368895,155.2899108029833,0.4781537836786106,0.0
93.73814297264842,39.79874282000448,19.47742459831419,60.18950524476256,0.7896112701267908,1.0
100.05045744644852,37.389743595081804,13.664638661434907,46.65502208026187,0.8391709808010316,1.0
59.25249205082353,14.38300991294225,6.825115976827201,132.10064857286667,0.15403366424142637,0.0
62.56417908164529,42.16957493530429,7.534211122350564,56.13041714139479,0.7637383020255898,1.0
163.2469628173601,34.911322043388665,11.755425159714004,94.44819526057434,0.6620212855937246,1.0
51.684330066901396,14.119740931596548,5.824054141216575,148.83791996324618,0.23478721304322087,0.0
37.40919445326516,8.144298105495421,6.658598156583624,142.15318881188995,0.3547187271713829,0.0
86.12579669526369,41.21772883527075,9.39451778656121,66.6851177608213,0.9426531273432148,1.0
57.37817395473872,4.916357956209661,4.312635942079657,177.8220393065285,0.16297265567161673,0.0
46.33359879468502,7.033565250474027,7.365832918366193,147.85448410552783,0.28476292603880843,0.0
135.31851776829382,50.03294355306224,10.253021085074558,49.30317120865368,0.7231717488542945,1.0
95.13716977892193,33.218478349104416,18.75673514343846,48.17769048268264,0.8032068783139362,1.0
98.70004066403402,26.17717527365947,18.039573534841665,70.21542847662137,0.9508305901076176,1.0
113.0962990999731,34.467882845969385,14.355096321733814,81.25838337374196,0.6855290755510214,1.0
86.50624239510253,25.52505093056814,14.442048737523798,73.07334889381613,0.7467769270934183,1.0
117.35381154666504,21.317436708662857,13.626234034596964,74.90689717980197,0.7912188490274302,1.0
62.338812721343125,8.575056702598683,9.429134864402219,116.34323669914502,0.39825438201733904,0.0
61.144360357971394,1.140683257698612,7.128385711048055,169.4451122818676,0.029649573693829312,0.0
78.0579057316326,13.926430252849602,5.775129920992978,123.57469145598964,0.1860368022346589,0.0
88.78373230903041,43.365054048965064,15.979580968539434,68.09039034860076,0.8309231906880558,1.0
78.623880510399,10.136096466362687,5.073205767729732,136.57803921694077,0.2963229540783647,0.0
61.76654322413233,5.492059491262349,4.4779188327540425,206.74007984283796,0.2870652327625297,0.0
101.46827390272445,56.60168303858443,9.567659600447714,72.42965656331762,0.8574082772565427,1.0
57.96801788831268,11.560196163441917,5.606830841297702,171.66333618998317,0.13526356730244873,0.0
65.33176441230536,5.856080615063332,5.988368627457377,164.91370174688205,0.15148225183040934,0.0
152.669930728946,38.12440851122962,16.331283907316177,66.783251912188,0.8136430462386367,1.0
124.53732056107737,29.43709856677608,16.96555227099696,68.8510419166555,0.7622636942495854,1.0
100.73388185958116,71.29870745456583,17.340668441067514,70.40529701287194,0.9513793284980412,1.0
73.89452033354367,15.21217664515306,5.385751817622044,121.17787553009967,0.3344148544393926,0.0
70.62825105715511,5.224635221418238,7.967869948393851,137.61142226490455,0.14261352036063646,0.0
134.33081876087994,43.588650840615536,16.92105234464545,52.089508771240624,0.8273635142715604,1.0
57.55943127022563,10.57618422494358,3.4942142477359637,150.83422408767575,0.20139115470360064,0.0
57.188993372506914,8.932996994260966,7.052994188147654,206.53194126899635,0.3558045171888653,0.0
94.45512401043828,43.51611882499338,15.699083256024515,80.38913375045698,0.7191689062500545,1.0
73.32849426479882,5.150075514586546,4.117949485709224,191.83792283136205,0.3781090776451445,0.0
91.05907465092669,52.68080256418693,12.56646624559109,81.07636069601563,0.9087933876561838,1.0
32.0158676308957,9.870879117798012,6.347190031812717,125.18380250062279,0.1924064564165581,0.0
111.40312702174324,34.00714985633349,14.292707678278168,58.48418036204181,0.7587133143670918,1.0
76.93721536533141,44.95117226854083,19.297285795796377,79.1833761887481,0.8770365216003686,1.0
61.19406288337552,17.619150245516842,5.956358379797116,154.07181368182503,0.4010761955173623,0.0
126.30293033635306,44.21149211501199,11.491742983774403,56.629903242740255,0.9820850716185796,1.0
141.3399279429816,32.8895249680116,17.475023157249506,74.10264047044537,0.6805671822423226,1.0
79.01566015790857,7.53741268448834,4.954913049337891,158.64154751951622,0.49451332207712373,0.0
53.242713553997845,8.600239798126346,5.732132155315689,134.39056456694155,0.4720733001246594,0.0
35.72691913986526,3.302572469777722,8.216752811234716,157.61691605567168,0.29042532652661285,0.0
86.87110525341969,12.924847258762888,2.443930159262494,153.65558825170618,0.12531398993734838,0.0
129.38441127852522,48.271062092986384,3.178948127150276,61.4795665199584,0.7781800281362227,1.0
60.527202613896804,3.4979485171475675,7.389073068298613,111.53138298806445,0.20431936181091265,0.0
93.47134640131596,39.24113929473549,13.206462076471212,68.55341486224732,0.9301508026213333,1.0
108.15965589037071,58.47325995266082,18.97839097265966,80.06853155022189,0.888169941801466,1.0
62.820830247275524,10.059300716464522,7.589024871209974,137.4699771070425,0.4251395802179607,0.0
116.29082362554867,29.813101004608214,8.21222270187707,86.84300851501817,0.666213924965934,1.0
117.08790755822889,38.346920654088585,22.03888411090224,62.6047336474966,0.9351612555341858,1.0
69.55757341566995,15.39473682608416,3.9299012801982647,167.74868740664917,0.11936002068474741,0.0
42.94814844508913,14.850506346610885,4.14618170778155,114.42312536622303,0.2571501857226828,0.0
54.58305948532542,8.955876723655285,3.6068934029478785,138.03358776287456,0.24045210043326437,0.0
33.177427211447934,7.033729294513467,5.593389574636686,142.7968045697277,0.25654894560265784,0.0
123.91819643151963,39.94063955035287,13.45202404922693,71.57427283357714,0.7875769588257165,1.0
71.05347885509636,43.69655049274101,15.81268037609358,66.81995993501053,0.7759061475287137,1.0
82.42336768776973,-4.022880893000572,2.340141462148985,135.96974999806625,0.2266623657272488,0.0
51.664291649911064,3.320209273294016,0.35585025392855574,149.51105537929806,0.327613712443576,0.0
88.05299206593399,51.07674066799547,8.245537858743175,69.30552348612022,0.9538169892029993,1.0
43.19784714158893,13.862565499166303,4.100429550898434,137.8301148734718,0.27169853978716724,0.0
49.053419936066575,8.060793650808495,6.917946292461679,160.74991133479375,0.22774809453008094,0.0
114.76255140447697,12.330223819986578,20.01247761413667,76.34560723014374,0.8802638189888232,1.0
57.83788490222967,12.511953581770968,7.686940556615127,169.30802573597464,0.17454631431000753,0.0
73.95731678015109,18.697607092365914,7.531633553814432,92.626228335901,0.551756661541244,0.0
105.34071888904502,48.238229559607134,14.922881624779933,71.15810171618584,1.022703384995863,1.0
40.92538581280735,10.130042413382075,8.021363057469575,168.50672661523907,0.31872529635441593,0.0
46.97818462860026,6.7236814987450755,4.432125075202616,129.84866285317847,0.3810163556325224,0.0
84.2234567264463,33.47670105708752,11.146105561194346,61.962333177962705,0.8085519669806601,1.0
64.65429450060147,14.367581546028914,2.6909519022400596,124.40084585237818,0.36618368536240536,0.0
104.60145003963949,41.6033734520881,24.588934083607406,55.001234148008194,0.6678329118347441,1.0
88.73997931271492,6.8576593590210155,3.3081487351468306,146.6257863296005,0.22757414859767033,0.0
65.22472771657186,10.178283605729051,3.103943638305496,159.3223308366541,0.1460996719302426,0.0
121.56715636498481,35.77976973477944,13.740348787811996,92.2732395350919,0.8923558661480323,1.0
29.14083440660815,1.1484335518334365,6.053226515605678,174.15234930314375,0.47354208673552983,0.0
162.38647400795145,35.42349808442638,19.887969811589926,69.54387029978378,0.8996254106547543,1.0
142.0267882682488,38.07728022750499,7.072153666010869,76.85250852952854,0.7772821754799036,1.0
133.44696056363415,42.46837081715368,17.82102457670083,74.62395743565435,0.8026571855956498,1.0
105.53683766801703,48.440341955725614,10.59032948813055,60.11059110781572,0.7800787545725055,1.0
61.325519752624785,17.243100885201557,4.119247681040002,111.61583973336691,0.2309011906913852,0.0
43.30127418443646,12.8562476364846,3.4907556250566945,140.158628717308,0.23197420764101306,0.0
116.52873328211871,57.85648928567191,12.95013526274472,76.63288600063885,0.8199424301943171,1.0
70.74057337225938,4.0402931907849995,2.377273173205902,126.92799823753276,0.318246851795498,0.0
124.54049628102945,78.3661313747146,20.535453565606648,60.48334091397551,0.6114886319857533,1.0
101.98368239327445,40.0301592178903,11.670739547782096,80.10004899333815,0.7627587291349195,1.0
69.64313288168655,10.420657971171385,4.700997739755472,159.13931247755335,0.20659352778153756,0.0
102.29292424798399,30.442866219647293,9.384358430349474,52.158171538102565,0.8123994086338217,1.0
108.90611676863318,37.44529122944252,13.929665625348925,67.87147899762758,0.867490585397585,1.0
65.93058976764294,13.545222309190947,2.6343585276350097,154.83909175219827,0.27256729744374614,0.0
63.73414365141085,3.0839149554824816,6.306059098395385,110.24979973214374,0.2007446129874107,0.0
105.01628011818124,25.588498470854972,11.036390469789708,60.461283821366976,0.8296277468839531,1.0
100.68648101523598,45.46639931180372,14.872727265119282,77.06794954106364,0.8990946612060484,1.0
104.73981545524313,39.16534142326559,17.389365861135072,67.24820531689865,0.6835300431934841,1.0
5.052558210767856,10.11217142138611,8.538750370681743,152.06486093794177,0.32258365211226553,0.0
122.39538400833054,29.830599450744806,12.539251928707163,69.24802755876316,0.7197804209150516,1.0
52.06579482389854,13.848227942691324,6.440692427910038,126.25636616962919,0.3170515343613739,0.0
114.88069741580122,39.4766810999083,17.356759664758425,73.90432212213281,0.7090402848267352,1.0
121.54716752849197,35.391610796772795,28.329203628839203,51.52197102100716,0.8241590883623735,1.0
49.02426147320415,9.998749083483562,3.754321778183832,173.89292598458414,0.42683932294079574,0.0
62.34775838988373,5.229100657747575,2.45172633902866,132.47621883908374,0.17858758934768498,0.0
71.53461028773391,14.416477612401167,5.985668992163729,168.7381762700987,0.5515137114596164,0.0
89.22736094579528,14.989959968994704,6.5978775045715485,142.82050114125641,0.2357835451621247,0.0
58.010963659184796,2.9208464597288684,6.121401550869688,136.7258044653359,0.18967821464496454,0.0
106.52231701754506,51.04601992006556,12.020090214791205,69.80152256408158,0.9614695506233274,1.0
68.87195507034528,13.702453982867905,3.5288575644723856,160.90870381340358,0.2057388032215905,0.0
100.65354895445019,41.6884594524466,15.949666890063948,69.6396081979312,0.7542933607822173,1.0
33.651664247120394,14.614319034349492,6.899226863589986,175.80246675103822,0.1475807309554194,0.0
141.2423975841171,41.36438113738097,20.501691486730707,95.80280950172698,0.6379928175188523,1.0
127.22040735906904,42.92571336366108,13.52830351904754,57.61401766018985,0.8666331340348007,1.0
54.28149205510043,9.286568439068093,4.309085945616748,166.8999524712539,0.3588164161720396,0.0
50.08504323929991,13.933434833156348,5.64128998718357,127.79506962170213,0.23196656780014674,0.0
56.28800654096216,5.074424696777194,4.155543839831075,104.76130072200813,0.45415035485789634,0.0
62.508513877572724,0.7307852253094023,3.0417317056741853,161.05080679135045,0.3838384846792528,0.0
97.16158206962776,16.400674647276606,17.984878088427628,64.68619721749477,0.858924826915816,1.0
72.74785557265469,11.496331345187428,5.433263065794314,169.03129457101878,0.5490136696848052,0.0
70.24616662218762,10.964057020004912,3.268672043278195,163.62874033516476,0.31576090556648767,0.0
126.76695106157416,46.20451144857255,7.354546954557939,72.57305723668077,0.8226367450747759,1.0
115.06210424979577,31.687279943491447,18.55504906773409,67.66282972781543,0.7386074926609754,1.0
49.501830171359444,12.450208884712797,4.998620199898492,167.88689486687753,0.30397241671344943,0.0
57.69549923667529,10.646357645230042,4.560071370441098,141.29484750440832,0.40268088995182205,0.0
105.35574722082758,45.31356114120611,19.595929275941398,76.60812872900313,0.7497699723801107,1.0
130.35096263960284,31.502509680089027,17.59248452587639,66.70434533486389,0.8920795669758869,1.0
69.7851176592896,6.026629473321176,2.8007989053172935,148.97028330702622,0.34282445889071633,0.0
80.84044988122673,30.301643954779554,6.856674327084161,57.34764225446091,0.78131168956344,1.0
103.74051057268252,33.701185538668874,16.04535039450122,62.172508545645826,0.7840967754284739,1.0
131.30604052889936,58.496054473723454,11.852694825295039,45.41030998299153,0.7702537978195367,1.0
115.26908683724177,42.51681217802552,13.560622272518783,70.48380674952118,0.7444571002300739,1.0
48.2103882908753,8.985083546404221,5.383189601236025,131.23559013774576,0.4160447053992478,0.0
29.070085462898355,10.654940565811916,4.214562462754707,148.399711572657,0.21140108501422689,0.0
53.12080688120577,10.341669231771085,2.379923927291588,151.53232129531264,0.2111325670964363,0.0
116.428063070347,25.875808082427227,8.163314302045297,62.114352317664576,0.6396735493630373,1.0
69.6616797280997,66.39138658646482,12.092928147235153,83.62188382923763,0.9322557282097627,1.0
89.96943831204923,35.7643454769387,13.748504264919536,92.8486268916744,0.6817950083376974,1.0
91.47992092833766,29.79265428138489,8.37645469644674,54.107308897069075,0.7759196861818265,1.0
93.0697696692059,54.28827539001417,24.61583712849447,46.94620859434167,0.8496883337937868,1.0
73.4878821590532,14.927092723333045,4.980800647284883,121.51756655021885,0.2670473343957628,0.0
73.99351368937053,10.76536779310651,4.25425531600227,167.09465881658105,0.36076088170361953,0.0
84.23421173282217,17.511562957213386,3.579935605879459,149.3392934443901,0.3938245265120232,0.0
76.52553178471597,7.62381114940593,4.59420930226029,144.04762077284286,0.19702740630768883,0.0
71.17754548358303,10.791437299686747,4.689044825024321,165.8558579376732,0.32106981405816465,0.0
125.65829436413799,56.96735579657066,15.310046386837817,70.94957800203005,0.9324868794600506,1.0
63.21819535820221,14.50286640146998,3.821257697703051,155.66804209920488,0.32147050421469864,0.0
52.70210909032756,9.117767498294937,2.8306951955359803,145.78783853716362,0.2629598103727494,0.0
77.82092136168382,46.70087758036824,10.956124724981507,65.8257265569524,0.8158950741989273,1.0
129.29938440518652,26.424730177375036,19.75058381112082,49.25610614408531,0.7742386213629043,1.0
83.11459412533884,8.356609237853553,6.956076457371303,176.25407465081784,0.39996225838478816,0.0
138.2053400235484,40.57023683332684,14.635606312264795,63.951930756053756,0.7146334506878377,1.0
55.10141116422557,10.88830759201587,4.095147032843016,163.86711573390252,0.3615473094101344,0.0
57.2829481433928,11.777798762305146,7.3916700650842255,120.92717158419231,0.2406488339724603,0.0
69.94025364058626,16.240369694717995,5.772658791842294,193.70526704758208,0.3569101382820712,0.0
156.24107513989077,35.36955803879342,9.696084515302815,68.01873339361147,0.7611896064115442,1.0
70.09106336117337,9.079425354695099,4.6626327164998695,164.2710578299763,0.12315239480450163,0.0
111.94651149407768,22.163978370071412,14.649011861666992,74.40068156045433,0.8920831742376276,1.0
135.14653995187055,47.22085061553214,17.862044055615556,89.30515815979727,0.8259425017117248,1.0
60.55202199409664,6.5631207663387965,6.093911445732077,158.05173007214495,0.36512717954651425,0.0
56.793751715116954,10.641752953380328,5.88630276465434,177.92908196481147,0.29032499790997957,0.0
47.14167852019168,3.642711850639624,3.737921234043801,171.58732733060458,0.383357321484931,0.0
59.87229846277084,7.085105057279154,4.43197203666311,138.21081951065716,0.39712361379521754,0.0
62.304842856975206,9.402265668545216,6.652495472570517,125.77233975214229,0.1413885474447223,0.0
61.69551126168456,11.750785053251233,5.309148309324302,188.29654469034807,0.4287117144181817,0.0
85.13096001332138,31.566568435298347,17.585327221040437,80.6169745111277,0.6606221049763863,1.0
85.15690972992323,47.39750966864342,11.789480596834954,72.94303715218376,0.7073822154603184,1.0
108.57133111198986,27.503719256747353,11.682106314767818,45.84231501390989,0.6635584463718119,1.0
96.4468295772057,10.081904630310362,5.435541109358795,164.70161885580222,0.48763942645217273,0.0
87.31054045737653,46.71618330974975,13.164215737961818,53.25744188172852,0.6705854107457684,1.0
97.29656021692189,40.59611104471587,0.34377128368038257,56.75699448705063,0.7782342957922797,1.0
124.05031007328886,32.57020674515742,19.787980507927326,64.06437200068648,0.7498307596261389,1.0
77.31521684885134,8.752387836654643,7.319412203807621,129.79159979510666,0.40615843339485086,0.0
91.37883688961162,41.171800989859115,15.006101699438146,66.32698768809698,1.1882101315144704,1.0
119.30067365189986,27.796655125704724,17.52530053925198,94.63754569645835,0.6860189300777984,1.0
123.24640139046785,45.4672462240451,5.169175213574903,71.82189215904438,0.8396123654469613,1.0
52.84251101906902,15.091910698903012,4.696501940376037,166.82461386986682,0.19624040622643515,0.0
127.96621441059273,38.01961268570442,20.196633340276584,65.91840833696577,0.8922068633164337,1.0
63.96832102669143,20.269231644184003,4.020526168981594,131.485019531792,0.24614719855519634,0.0
57.9651170632901,10.150454324492594,6.308688107841576,141.25040436683935,0.3084090771121428,0.0
107.79420418147346,41.84820600747919,7.441376362424032,58.656745113149384,0.8509152274473541,1.0
52.755612289749166,8.21302804989563,5.941836995734899,149.2709982364779,0.3228284094355116,0.0
145.68997570776372,55.783462445768926,12.602868281287833,69.62163641628432,0.747226475480531,1.0
114.59726523214876,33.2816674988871,14.018828103712734,63.9725035620839,1.0313208868144133,1.0
32.17525046865603,12.384234638716023,7.4418994402629846,150.4709610094339,0.180043238858832,0.0
70.94720247234952,6.430115761432882,4.88236741988856,142.3972362236892,0.5867532475365455,0.0
125.2179105494417,39.50730326681179,9.9166742868983,73.1933785053346,0.7918422749421014,1.0
117.33845738606716,28.285161196854176,23.741602694481653,67.19332254934183,0.8695850660418599,1.0
99.8403596195388,43.1918401187242,8.400133491265148,56.29763640388266,0.7732585345222006,1.0
74.6744900182159,24.721334071979854,5.3260788346852435,187.05417408813804,0.35903411157782106,0.0
80.50711337517433,10.700997187156961,6.8917521820952885,146.4524375128355,0.17982598571740932,0.0
101.81885758536316,37.581642484570104,17.220681458330183,51.675925166049446,0.7286419552297826,1.0
58.332194629264635,1.6903114924359013,3.2823187447685105,192.94661325732366,0.278699517123045,0.0
95.36392319405391,25.832986879602544,15.890122383860223,74.00637904647098,0.7072942660571305,1.0
76.89744963489969,46.7939527560048,20.381151267525897,94.27795341582353,0.6987416288387323,1.0
89.18582001082072,38.47456662758552,17.355193667252518,65.63964849494636,0.7931883203712105,1.0
68.24044285631591,12.301283145504485,3.297906764196235,122.6471534811028,0.24659854025058991,0.0
104.22420803760384,41.8721425287257,9.559195959723645,79.93702055630341,0.7357082822317557,1.0
115.8279646920008,32.19500797160739,18.65001411753343,69.14731014981028,0.8837168322515632,1.0
96.20352861078737,46.608137804011776,18.52610785924186,57.1857548465432,0.7001726471164025,1.0
117.33247344486813,46.03119119263764,13.6158392044431,74.2622824215352,0.7108323260985632,1.0
41.30489368962183,8.056366122629296,6.197536347588979,171.51004747875137,0.19753084113794117,0.0
49.02769334253131,12.037075287698599,6.916424912766015,145.7291255153532,0.2483868024470619,0.0
65.87938499947995,14.940010755589356,5.36293884688059,145.96539990038443,0.1998358813637084,0.0
87.40574153868624,11.320442271689538,7.3422919919884375,160.40328235943852,0.38255570913012427,0.0
131.44186025971592,34.183429047929096,26.58896465856806,79.03960732224326,0.8098022775005245,1.0
55.23022173857567,13.109966837280963,5.0831382995064365,157.90586644618435,0.24399534789958693,0.0
48.05547497920681,3.037040457760341,6.639744739710647,149.27014227131897,0.47462966258732875,0.0
46.20378854987568,9.119907260412846,5.540576378025046,162.95681525829573,0.2633552905562354,0.0
60.669664071360266,8.043501554576988,4.166360697665551,147.50447148214727,0.3938550130191914,0.0
47.07731778297972,19.311729547201296,3.6389892714404537,156.2305798270912,0.20164796356057701,0.0
53.78769559996355,11.574305143246379,2.1317777087243432,134.16916837974588,0.3133635295555814,0.0
155.41210807399432,54.706327604223276,12.842852781344396,85.58940357417728,0.7775219295349993,1.0
136.1898394833394,31.686221160512623,10.285119170528219,84.84325426039545,0.7740688503565609,1.0
95.52935456730404,37.16381650647044,17.470153416173876,83.27305188038798,0.7776705646180545,1.0
48.04077905908544,11.949619005885925,5.747243132434356,136.0140520544613,0.2488327358153507,0.0
58.0474802472613,5.616139932909914,5.9204692313015865,119.38273179361185,0.3384242452915877,0.0
114.88255787928946,44.0492519258,16.31843967173139,46.76466157271214,0.6979705031215317,1.0
143.22199822828412,37.64266308742383,17.054735309031045,73.55161107483156,0.8173982072929314,1.0
52.73541833385847,7.833581577982209,4.005295447534838,142.29329264741094,0.35582017389025555,0.0
85.705893984092,48.02282886538572,10.913761769971668,68.7598198331952,0.7074837074050081,1.0
106.95788211252915,32.44202303082868,12.194176161278484,67.89796243217731,0.7024106893931574,1.0
60.702487403024726,11.734884555031497,7.913974315788255,173.0413108938121,0.24603538200963984,0.0
86.57819183723737,9.556375726541763,3.299872482287152,131.67880825513336,0.1015227337087932,0.0
37.422840511874476,15.647341470077215,5.498395995341708,173.16691560665993,0.3455904798396541,0.0
154.3072066007049,41.31475820324764,12.056000113215585,84.7101479899239,0.8598871927615284,1.0
68.15361310941523,43.847389826616975,9.08347710301436,67.62326703549385,0.72742810090153,1.0
130.509603710016,22.78847194839579,17.78689085806178,67.35222229089304,0.8932196822068246,1.0
41.72324637731407,10.611017554292465,5.418124356032243,178.61965022253034,0.1972331175676223,0.0
67.17587828321531,5.391725380364782,6.170220471684332,180.80357143248156,0.46926847966167695,0.0
111.66480815049907,34.41800484384164,18.55731710920217,74.98796620803958,0.5329857771530503,1.0
102.70845198296367,36.94617950785024,13.509324734951392,80.02865382124274,0.9022671574891092,1.0
55.858965815852336,10.969236253827003,4.452864402266128,159.23482456217914,0.2751117312526342,0.0
147.77180511351511,55.91731738621641,13.721440233078074,66.02756398846581,0.8367007990772567,1.0
84.75837141814156,0.13395634357896213,3.2103073258075243,124.54884548965536,0.34866147549777393,0.0
53.250944796413535,-0.43932501444677463,5.312817392564782,140.3015374224034,0.2041108026069427,0.0
67.40912387944498,16.199376004508654,2.3352511104796934,172.22607053274314,0.34292140107073105,0.0
130.2595747023489,31.7756385293619,14.819848291041733,61.18125673658241,0.7106770313076992,1.0
110.44390657833966,45.14663032429452,15.618133324224429,74.42981821357621,0.6862271662258302,1.0
132.2219283954272,56.66394925647582,19.425128827787447,74.00071932542052,0.7805754534321634,1.0
113.44093460355805,44.520866337065925,15.307360473458628,87.18151553910012,0.7287238756362544,1.0
79.34197968381933,53.22336512712827,20.932119512258396,70.81138099218799,0.8241111494987016,1.0
114.73824210805034,45.58884853794923,15.280173707013848,78.01073775635126,0.79117234473659,1.0
115.0504538032716,53.03163352920823,15.737801323633926,77.85051428646877,0.934230185338346,1.0
42.30841049712359,11.306971141853401,5.058615074499151,154.25547834374365,0.2025772747369043,0.0
109.29669968455504,42.441279847454844,17.55979311452511,69.73096589472055,0.742503526891382,1.0
59.17117764501656,2.560955309129006,3.5491894671964275,154.89969200340354,0.2869162913315884,0.0
129.93495273230573,50.95369826537327,9.121223462670903,72.98318951693312,0.7282267992409075,1.0
61.88736823853561,12.301598615514642,6.512217503156904,175.51781756349183,0.5127047626193733,0.0
72.77463835780921,9.66502950729867,4.902360243295396,169.32017722774196,0.2817978798086883,0.0
108.81343826210667,45.90080132010547,6.737887979741714,68.7329716926608,0.8930878489756201,1.0
63.42634367287135,6.8163090074778205,2.691159497789771,178.16666446630697,0.35062584787128215,0.0
45.93806352994939,14.965232549274354,5.375920882971077,160.67584556325835,0.3374964901386298,0.0
128.2968433880135,62.12039887222659,15.384976982299984,73.59781580070084,0.8471848291342513,1.0
101.95337354551351,43.32220422360518,5.632100549301617,67.11166337546781,0.7503109687441625,1.0
130.91363404944335,36.80364793898986,7.852293846003386,58.61401534752245,0.8439011929553571,1.0
123.38262418500264,55.02425857059185,20.285434761974635,72.3524547708785,0.8029636685120171,1.0
48.33802686010046,3.4946481854707523,6.593186353385942,185.73239277595292,0.3305947890655526,0.0
61.662873163107214,18.631459608236508,4.385644705569543,173.01554936534447,0.309659895908169,0.0
83.65228507033075,27.544944058582175,18.70845952338982,49.75308898774847,0.6469505049161889,1.0
102.06101144190451,56.48183860903367,11.369489681842307,80.86607053382943,0.7628082429836819,1.0
67.28896542347539,12.929754875825383,5.872234302653444,137.76264626018326,0.3219099375524789,0.0
93.08959955138438,49.40200332124972,17.246377168404653,76.83757583811565,0.9012567773971906,1.0
66.97179750966876,7.150144807127321,3.260240569293111,149.8733434685152,0.1565442237363592,0.0
64.89618343362801,8.322012198643167,5.317427433091464,129.51331732458354,0.40016898691245006,0.0
49.26344509154619,11.401385717433174,1.2648355353664513,169.7238800395357,0.20013822141730023,0.0
133.72302623086105,27.937888358973293,23.706374523443202,88.13178440274922,0.7610528511888583,1.0
76.28780374581788,50.67545337815601,15.591913359930059,87.88520377665012,0.6563745145872719,1.0
46.039230286115526,13.300066411532443,4.904687906732048,134.50216366062105,0.17104945568818672,0.0
35.467393705876574,5.208549199863102,3.5113264862244993,169.66559700782545,0.30315845314991297,0.0
69.11487877712108,12.267305588718095,2.962512638023953,155.81856245033774,0.1459517513451348,0.0
56.82974349613017,17.81821108314282,4.625156020829385,159.95297033967967,0.34628249231817343,0.0
107.60326032708429,26.531602063138415,14.530194674719151,88.91647576167142,0.6855379073835235,1.0
109.39933086102918,48.68771490611267,20.997827397884087,77.21358756923652,0.705255188199329,1.0
114.4905221959687,43.13604259066051,18.526454885754,64.34319305362982,0.8691973878819954,1.0
28.768995298177103,10.002366326934448,2.83642850609426,182.65184055856847,0.3867940418343657,0.0
74.63958743082598,13.599244845445256,2.1369713449439085,164.17932718546018,0.2537732089421357,0.0
68.09679674715636,46.423168921733215,10.340493006959685,63.04552161750532,0.7792523466216632,1.0
137.5968369389104,37.962217963056816,18.50212861094613,69.04216792172102,0.7030660049776961,1.0
51.74708656444176,11.065799538833902,4.450266323468044,145.16230970874204,0.29811702717924293,0.0
114.92432490245294,31.018222968884075,14.759624004414468,72.56908127913266,0.8189867079287203,1.0
91.63795226810953,38.456779614286425,7.60524885567197,79.71240464364953,0.8502529712430446,1.0
87.87422879596662,52.20100353675243,21.20961806655214,68.2942391036208,0.6435243777354384,1.0
56.00436406777081,8.91566674275076,6.3790634588760975,145.9480186081316,0.10755778085818765,0.0
101.3919406213931,30.259089656421416,14.460546543438705,73.03716101618106,0.8224557141072871,1.0
62.43560884730451,6.62075620862011,7.965387474538744,171.54572797903188,0.29414132201569765,0.0
46.13527999756211,16.31138903696052,0.7035047987058114,159.46279951946462,0.29243067978856035,0.0
60.901555841341015,15.652993159314203,7.817754082892968,182.48710263188806,0.10641393216821535,0.0
137.98399681009707,70.82915716348847,15.65983779089726,85.8040368773133,0.8457374990864429,1.0
79.06460427560572,21.884192503177303,9.225138386734308,59.50172465423053,0.7203895559182292,1.0
90.83579198874621,46.55643483717472,15.417901378538149,71.12295847810654,0.7986440318243122,1.0
129.96452194575508,42.94451908128225,16.1863970250476,76.42979778119495,0.9355057509604509,1.0
92.26075542997302,13.84539859859756,6.129874935142236,148.80961844820024,0.1564854783039108,0.0
37.73226080886592,3.730044789009069,5.511347602585975,168.60963897316665,0.1806096864000441,0.0
51.312971141964056,5.661294928814479,7.52916378825096,145.39297316131126,0.3034444122305922,0.0
148.95451580241752,49.92870288936444,7.481216559153764,80.66733990915709,0.7772858614800603,1.0
61.22477710086756,12.42929553730788,5.423644705627518,169.95588946518882,0.26786777668228473,0.0
107.1595821398622,40.724169767293375,10.043382929359737,79.59166664861782,0.7097355010185489,1.0
64.48055002633109,13.581092404426444,-0.36675350257083483,154.97939528332486,0.0614803898019696,0.0
108.7952338695349,34.287482471016034,6.298342620117527,73.03889128638382,0.8505488860029982,1.0
67.6815324122388,6.1396228911564075,3.770671947937423,186.38260823715964,0.34826884175745265,0.0
95.7310490225914,48.46134026451844,13.91957633463696,56.33112942073724,0.9564921709677884,1.0
144.15226575512472,44.19681387340713,10.36063904279537,62.462292378530705,0.7571634583761035,1.0
76.71163589172406,13.6084294027204,5.837492706217736,148.33624223292892,0.1958443729121369,0.0
130.71548482729327,55.92334320568184,11.354744476925877,45.703869163251674,0.7131107248241592,1.0
109.04343812825924,21.32229193511689,9.072391007915462,78.912398012867,0.9520962455986921,1.0
109.3828184730979,52.687432270066424,13.969247636397123,60.71512914362286,0.7551860216966333,1.0
137.2677019048218,54.91119305431208,13.081711654236445,72.39162128366854,0.9681630013409623,1.0
40.836669080082714,5.777550716209447,2.5267720519178503,165.70942334746115,0.2750299649598213,0.0
81.95376495202291,1.3726556403748464,7.721245282213378,186.30512146390356,0.39730793427289135,0.0
77.35175756800757,41.77231061660642,18.794471628661835,68.90821661724272,0.7121058476383191,1.0
64.99264277829734,6.990137487605041,1.2721575940873344,166.73470308503775,0.2966923938362342,0.0
44.943214961973595,10.241274797219434,3.859520864445067,159.81658728587735,0.28535382099205264,0.0
84.531503522777,4.444263121940426,5.583058608182345,176.50205858258397,0.2626311404944264,0.0
98.52651077248566,13.864482509614989,5.928654463027284,127.1712472656099,0.4344591703360331,0.0
81.77689177565672,11.360114273833306,2.550253079101388,163.123140585395,0.19100552391117326,0.0
93.39634805583123,14.710828035965967,5.505981551971769,147.40733870716116,0.3060595265026273,0.0
146.9549348058292,46.33678983707114,17.27940713592208,61.417997689543824,0.8500465745164992,1.0
89.62072873240781,32.96594124933537,9.487421479459409,60.47509303781729,0.8354755883098172,1.0
109.10943493978546,30.421211317851146,17.134097351760655,59.54599040582983,0.8317613832718069,1.0
107.08478483421513,37.25205418575503,18.40333015244791,58.25040061976712,0.8386493696249983,1.0
112.79143243802797,43.90777463784708,12.461167907138286,81.18388449383349,0.5898435252289669,1.0
87.98395287001685,11.687218351230312,1.4373324974431405,147.88307296352775,0.22521309956601127,0.0
48.427916638777745,2.068306204159719,4.762387750447259,145.96588337713123,0.1356538831674844,0.0
93.82159254180235,32.19694051043696,26.79297140164877,62.12872276573153,0.8173950885823756,1.0
97.72530164299039,24.70371193349723,19.670193641043348,67.19648826926206,0.8486321372587787,1.0
60.0850672551067,2.5740225340153504,2.858483648013579,152.47922715392852,0.2369052461962966,0.0
113.19023203387364,46.30463416887869,19.920634217708994,87.21729420725138,0.5728294044559541,1.0
54.039228349562535,14.55908472486278,8.761479041451063,176.05442978473346,0.31299643571539576,0.0
115.19728071362567,36.90607809435513,14.788822707414738,70.02588301463207,0.8440797042756155,1.0
123.53183868740294,44.20941752013055,10.156831466395566,72.02563612670679,0.743914888421965,1.0
111.21498887569028,63.807389101945354,11.630095546227118,80.19708704716128,0.6971226372774777,1.0
60.43851284111545,0.2735183645870869,5.779458866878781,138.36465323814036,0.29357811224960684,0.0
117.88576161189387,27.746294481065185,19.60488781225255,65.82900981891927,0.8779641692828992,1.0
105.27837135981557,55.43513718290586,15.730222832384689,80.21982652185244,0.6894517584166946,1.0
102.7810167750391,38.904187625316894,18.78125236108135,49.60062688703321,0.7190283003857589,1.0
100.43105276836208,36.50200188037682,15.781688348785627,84.9318854869673,0.7693745657103562,1.0
67.03124886522032,16.469869573284907,5.987601865490249,122.65078207180102,0.30763309922196863,0.0
47.4573442943767,4.562199711593102,4.546962976855536,150.9040615135564,0.06333889185839431,0.0
44.20726918709171,8.6762928101207,6.89553975762841,153.5573121386875,0.29299928485644994,0.0
70.37792488712795,4.263490930502638,3.4220819074189763,154.6856660405705,0.4433851127865917,0.0
62.25827240058073,17.675116988346247,2.926074783009438,147.20217519687165,0.31346433955142344,0.0
57.04950211523282,13.15714271425858,5.735525246319451,162.01170686600747,0.18526132362248854,0.0
64.47300211748183,5.678732389884354,4.290708945693269,161.39634914467928,0.30418005148513394,0.0
110.97315363280062,44.922863696446626,14.248969233233245,78.59310612068994,0.9507334475544873,1.0
52.455621663033924,13.843712191743599,6.247497484957026,199.6311161968182,0.2719336624996814,0.0
71.63113861333713,11.714352621013106,9.697502739146202,154.121187079921,0.44573051613675807,0.0
57.1441988588009,4.539456872627242,7.8504454742052445,138.57032087419324,0.12578028208298178,0.0
84.86744574647953,40.32400684844705,11.514517389534337,72.59791780485446,0.789687660773447,1.0
53.25543774932687,16.939679580493866,6.009997823446636,155.71349571701523,0.306489749651922,0.0
64.93470482534983,6.318697003039634,1.0276329676758036,180.841957555106,0.3901586000153643,0.0
97.00533616276952,39.02073766138708,12.66451696609642,89.39539121889263,0.736687920014439,1.0
80.30499368398306,47.42918986335964,24.18047944494824,80.01297880282715,0.9456815187092912,1.0
71.54842264074124,11.285106134688487,2.5174491593626516,200.4674237940703,0.1635870851282711,0.0
63.85799693231472,14.266544535839971,3.5108495722210744,158.01516420431892,0.4125263125326251,0.0
92.12440996625597,34.34510251601216,13.640186277002107,57.50814773305485,0.7881970213812279,1.0
25.148310190888658,-0.5588678080838054,5.067794126867663,124.23569636195222,0.2659627163296101,0.0
51.07302620321154,5.183617645201752,8.42227850719645,164.99264410514456,0.3078792177900092,0.0
128.27499504301088,30.387842757819964,19.07694391432845,88.82321587551806,0.6963430801702326,1.0
129.06517399896208,54.35863225710624,21.663320530660574,76.03571596574918,0.8629097936346866,1.0
92.74813455281488,37.643648748093796,17.655593755805466,72.6751623489212,0.831875118100985,1.0
63.775650959769486,53.97112127830042,8.893239555547174,86.10710427919697,0.8607118225078322,1.0
54.02726066710738,13.856987320523835,5.492217973742887,181.08114895112155,0.2094234393896845,0.0
63.075397753231734,15.961571432363115,5.593609664492472,107.64943602582353,0.19975951389388305,0.0
66.7056939624996,9.961721416242671,5.581324100088602,140.9813945005784,0.2751762101230577,0.0
102.56731840275918,51.45861245123534,12.300636405401766,77.09605339603596,1.0158152444485649,1.0
78.61288508677994,11.612883177874593,4.071117951617644,149.3762193132499,0.24908730850644317,0.0
76.0521345972776,21.408962359177284,5.701743018523826,129.82314174302203,0.3396522345076921,0.0
46.270759426914296,8.715559436890834,7.001031710986494,128.55620096151063,0.3510353040554356,0.0
34.211206045856926,14.581303822378437,6.620286291749633,117.72132740969334,0.29601405724369617,0.0
77.82111163798979,33.35734059007441,7.968489901439164,73.56055883858585,0.8616443781660121,1.0
94.83739811699898,35.99413664288044,21.227796997712986,73.85343289759514,0.7477194188128191,1.0
44.18588531621923,6.7072143017274,5.629357848688729,161.97140230734846,0.387696346591457,0.0
102.53953483530626,52.798619163955166,10.713456181856412,64.55278863025745,0.782911423549395,1.0
70.64492496478982,14.933497430560681,3.2246360870078314,136.35431786542708,0.18616418601447518,0.0
45.26703104474619,8.624362440804545,5.00080430347508,142.10357606892262,0.33998724542582875,0.0
46.61512716967528,10.178754418677462,3.742567956007333,120.72780571910397,0.38845154372611,0.0
74.47985533962974,9.88834283133071,7.916279299212681,167.51604752548656,0.2798729939303726,0.0
104.00928471008878,41.19140322201897,9.641513128980154,68.74694359410121,0.8217979592480803,1.0
112.15426592840525,69.64353915386567,7.311280313422223,75.30496631430314,0.8048723666236332,1.0
52.27534112145313,13.58562112327236,6.518534963528236,195.19988505795405,0.5036843149125243,0.0
51.1944840245781,11.83023112976703,4.867438597282728,154.35551330394975,0.2635535418289204,0.0
56.28650802044432,13.854110681036023,4.84299126910606,145.86983913223986,0.3040768804615902,0.0
128.6843176445022,49.63982204532758,2.474701503027486,61.484152863741684,0.7203255582245073,1.0
74.8289229495289,9.688642299871006,6.5391976355138555,119.76714472064727,0.1314888568720112,0.0
137.3859929683182,47.853858045646994,22.362979448396274,59.59959772931087,0.8723141205749849,1.0
105.03760093608611,27.84348491070551,11.939617322047058,51.817247023061036,0.8536220447314724,1.0
31.76928005532006,2.5982125479839935,3.6771934367909793,167.24477580973402,0.29253458128209536,0.0
56.13008523318087,7.789443794945253,9.46758549410179,170.9952408579724,0.3761879952313173,0.0
85.59854555859509,6.471795300502755,6.926315242770738,161.06688458594934,0.27455531532528166,0.0
62.56593868572469,9.698819491033394,2.8632982518658987,169.66060891859027,0.3605291010197714,0.0
151.0113621469523,51.214095189791536,19.15455685676715,70.45413190256298,0.6618809898450158,1.0
72.07185319604014,7.455075239289573,10.09306679890172,164.6403983486743,0.40457866293579725,0.0
126.65938920553394,38.817438726207094,6.526634026550237,76.17333502442564,0.8256769858162882,1.0
26.03238069426095,13.202374944098795,4.180734755509729,175.72014355474025,0.4089971845173096,0.0
90.24734168124857,34.45448849828083,6.856677545308157,82.56303127280077,0.7456555968820135,1.0
67.19087064226363,6.838485983863343,6.0747954003104425,146.58601625319855,0.27878259485833823,0.0
64.8512853008536,8.899417947780215,2.2297668726009756,141.15157138518924,0.3938656480051994,0.0
128.77574732957117,40.36590816749134,8.174521845898552,70.83711812484749,0.9165461303564382,1.0
81.46835439060669,-0.4107662319888341,3.7780744260555625,160.48724563896462,0.2917305266497248,0.0
87.21206038113,20.730541966857203,16.4974345490729,67.28174703158562,0.9148264634373836,1.0
76.32729681977852,9.324807291097564,5.728461287577137,141.50990896092463,0.2608701029845884,0.0
145.63181103602136,32.23772837022571,17.31884060682202,67.56284249410346,0.732625147926318,1.0
61.33207022854792,8.552186661451072,6.011176382870898,165.95363203298697,0.43307206389825154,0.0
58.099919133745814,9.655180529446385,7.903084260189676,126.74408898640061,0.2951463340056217,0.0
76.12954417828053,14.851226126918863,3.1573673840228986,157.80486615198492,0.23677537623221961,0.0
62.255809868320476,1.5980117570136496,8.57348166532808,176.69721860714156,0.3666888834165384,0.0
96.22790744973544,34.05584476119882,18.121480696232904,71.91134878517194,0.9869791595895827,1.0
106.27204390363806,25.84009447147462,27.107624184846443,58.76722225629344,0.8792368898307764,1.0
51.14188831857017,2.404196031657114,6.49465066461466,162.0939418440458,0.194469220818491,0.0
104.82175109175284,49.10403845049245,16.74267229989309,72.62468034715968,0.7612298576417933,1.0
75.04808940889168,7.364162768848228,6.284488156550564,141.83948969477893,0.2941218941579392,0.0
141.7361979589519,33.447328743923165,18.93119815834168,82.63299244036347,0.9554269211518369,1.0
68.31303507823975,36.616729926843156,12.687235525170697,57.5810557956286,0.8915085019371253,1.0
56.47420702214364,11.318203824280387,2.881888210850821,140.87050535751933,0.2806438625293857,0.0
44.366695852815035,2.117606845889534,5.770178932846044,127.51237989575522,0.3701299255302187,0.0
58.17508160337465,20.3370240663714,4.736995466040513,151.26374656555038,0.4242570936856565,0.0
42.5381261037315,4.490686004098151,4.4848988554879785,128.39048839732683,0.3097897156865016,0.0
44.70207018022592,13.11409980412576,2.6685971432938165,172.53790093876552,0.258538817940843,0.0
104.62369981120403,56.41782167461875,10.052230040388107,69.029776151863,0.6664450465468635,1.0
110.19843618881137,46.113906726516014,9.811421886659314,68.334626437311,0.8664975361055239,1.0
40.91687641336829,14.06430224336071,8.125591681562494,119.64431622465119,0.44209412030492856,0.0
98.23106354476266,33.935443716622316,18.621489083069182,66.7100338571837,0.8167609248681387,1.0
31.936801097812584,15.924236420194411,6.20452281927461,142.59072837891682,0.27025114010227885,0.0
36.769458068523434,7.612650134109628,3.0187151913212587,121.6910334894472,0.2318519702546532,0.0
83.0306878744781,3.08614481548425,4.411087978028699,127.57137852354788,0.4105443949011799,0.0
57.21701266869459,11.683687696170367,3.3485942479655817,132.28315655185196,0.4956656661809443,0.0
66.85100928020316,14.767953164305128,5.085392982617567,84.91458203655324,0.3775806266995015,0.0
45.3433614486056,15.778990656887677,5.023168597564274,128.843466289067,0.2811063245960343,0.0
84.81968132119415,32.36570562584452,7.886796952637537,84.11736373638436,1.0004359871282997,1.0
74.20229009592464,5.350399881409681,3.116277532234916,170.41823135012444,0.27575787354650666,0.0
63.80981637734437,4.303664048240296,3.9028742564202856,156.92430942478842,0.254441438132136,0.0
106.76442313165977,41.74116280393511,17.790587941718805,50.70655217106497,0.9090964657545345,1.0
125.58960378714008,47.05738839578499,25.686226771371874,69.72780463148536,0.7939246494179812,1.0
127.22402265374431,46.35355668812868,11.425128526941926,63.010712461610574,0.8583133910003363,1.0
89.56923891849769,7.789047626402417,1.9765728352743595,145.676046180051,0.4239174591393726,0.0
62.536004979089014,11.987009914179131,7.207209868783017,166.63365882376303,0.26663387106709885,0.0
66.67460543286073,10.72202937391994,5.392301172963162,142.27627047325268,0.1891707188618697,0.0
61.39785156058609,17.578470672658842,1.7006504484551952,148.39853955707804,0.15197101870370455,0.0
116.2657638622493,36.56691255306419,16.257532633229307,77.36008035897102,0.9194284244292431,1.0
171.67806106115287,26.59638294059098,19.08720439165567,63.48909899811781,0.6054237837015943,1.0
99.68364362806946,43.39988225482765,10.74732244031494,75.64463447519863,0.7226729346306308,1.0
39.03638395509887,12.314149611682733,4.802200213620036,146.29628715047258,0.3412919721925914,0.0
79.68698969445204,41.74444146453651,13.968612878022153,78.00874685130555,1.0199025278626797,1.0
78.92991343602255,48.66945214171279,19.671458504765027,77.18186977215048,0.8049732908644622,1.0
94.8174668736967,45.76229580044939,14.82663330462341,67.7797025335916,0.5814077761795924,1.0
27.38659648774845,10.967862679849809,4.261514399257251,183.0372389879253,0.2433228476832025,0.0
106.91922528047142,46.29912560442121,15.959804055970697,58.911861684461314,0.8904434324940422,1.0
47.434882257087594,14.415347070093055,5.582571663504872,115.74558253956664,0.27500374654587384,0.0
39.51739732727751,12.50469687933758,6.082904139291878,114.02124977525466,0.49569579520030504,0.0
43.24384942648986,7.181550259653545,3.3064742757829064,142.88393600777462,0.35419765569238915,0.0
71.22211138153986,8.337681083414763,6.214344770172335,162.50019093796521,0.42603933363787116,0.0
61.0043324529123,13.489493434619678,4.584051300551828,110.58530183176819,0.25615315331985805,0.0
67.7150318393063,7.477385822823868,3.574513818498766,131.7620032638753,0.18833900195329228,0.0
124.19123572957865,45.930474412072996,20.17732324767912,69.01707583248162,0.8557819596493845,1.0
57.9068754765747,7.492742000494132,3.121079453260733,122.57151182663924,0.25812930083740565,0.0
63.469461996447244,15.595590774329699,9.446140111152458,125.90687217883064,0.12720772857504675,0.0
58.72263094391812,3.0549063311914537,6.5471237309116415,117.23359954525253,0.39359631171454734,0.0
46.196209642829785,-0.963152233007353,4.573770465833647,128.43793086549823,0.3804731478990207,0.0
70.66620199730718,12.473011009740228,4.642375508569606,126.24258279243492,0.3622412454897142,0.0
75.87250130879647,47.881447617385206,22.599267442266125,79.77265692349583,0.6482344531971509,1.0
124.93604243383851,39.496946530422825,16.805205601914807,75.60458777253552,0.7844045662164809,1.0
94.4595528844388,33.13088488935386,9.08462399445485,70.09493347353829,0.7715834366926185,1.0
114.81196659180567,48.5509195280918,12.302533446223581,79.89276855725893,0.6730619616681489,1.0
56.0590237801892,14.928825481771339,6.564794643589912,156.98185944208603,0.25202453041826195,0.0
111.36418909744008,22.469284675834313,13.345007309119785,66.78977049585762,0.8298725551910856,1.0
122.49400138050412,53.73821852073572,18.599753948899927,72.0295128742931,0.7791835053164282,1.0
109.04544576827787,46.21440744077822,10.476230663887236,72.2057236942986,0.7433091768826122,1.0
137.69366000978434,43.78040227399148,8.713610551663002,71.92601127100612,0.7380527879426461,1.0
107.48413758615415,17.992323051584364,15.329171749284049,71.05773070316003,0.6582580009393079,1.0
55.53695077652149,4.29594262209391,5.701237744325586,147.15824003143234,0.08977343738606142,0.0
51.4098120019074,8.498756482851961,4.4393927942468885,168.88581424516659,0.4036652953763261,0.0
95.93554220871854,47.090865430896315,16.328042026023713,78.45302511974964,0.9480857846607117,1.0
118.20054322006945,24.14176099574807,9.168288244850626,70.45282719051283,0.850523174397018,1.0
67.30723234586091,4.670625062758215,5.64769083809226,161.44033161256957,0.15796058122057033,0.0
105.02874753162997,36.16997829838072,18.29186253528294,63.887578177175556,0.7212083406477083,1.0
38.1946250015403,10.286432981049066,4.955597280632903,183.79383037983706,0.22153270320371068,0.0
71.28214479463978,15.478997028771325,8.205347220380915,181.22982118238366,0.18518270252516278,0.0
74.31559851277004,12.663943621191505,4.893808356269326,158.57371342167036,0.3739963211867572,0.0
143.27937464715217,29.326501627548005,18.826929019693853,73.71567798183942,0.8875144076081359,1.0
112.59787170620316,36.26603546538375,19.709176740709086,54.7951699234766,0.8120650343728542,1.0
136.95703465354543,51.938294176817735,18.30461562520967,73.240853687162,0.9416014486802361,1.0
36.287482221900966,12.008170525148847,5.280267862856988,117.23152584256042,0.3540088293748805,0.0
69.87847853154265,10.640976370732673,7.635517321484776,137.56117734170624,0.22066864556914573,0.0
75.76144860399639,24.752879446680158,5.364940595521023,136.01343669007102,0.209307627756864,0.0
99.2557151246578,46.87116780938479,18.04059359245655,84.85517697596087,0.8531235280563175,1.0
30.16022536607103,6.074564412075139,4.783733673647554,170.48895950969413,0.3968138543638589,0.0
122.00802818618581,32.60665363757066,17.769551270452073,63.44397648239173,0.8311656346360564,1.0
118.62397315703856,27.553829955448332,17.18897689424294,73.26329125416525,0.8994392520087158,1.0
40.70096695681765,11.85135105800802,10.004963721566018,138.25076062028268,0.13608993680082815,0.0
43.03895879426756,9.780089741319317,3.1253486407713478,161.74711297339135,0.34205240462125414,0.0
105.50773631889052,33.76548324128406,16.41506269040676,78.41603627903787,0.7908240934185493,1.0
84.80785535261253,38.58994008911126,14.804108364896091,69.89777933713076,0.799517962030556,1.0
53.1595945467655,5.016879555070923,4.344821332672598,173.22099835659407,0.3555391120023228,0.0
100.01472772128017,18.845653268739024,6.237410463496557,158.54969122527953,0.4028227960321592,0.0
55.05140299849787,9.922447241051204,3.952585874433934,139.15635755508217,0.3166807698348785,0.0
31.089330384166182,15.823846891827401,2.5878980903178843,125.36834386519399,0.3429817901501974,0.0
128.0914013924266,41.72849334921876,21.024180126260134,75.4190116269244,0.8726433836952,1.0
66.92504337576423,8.892141876741189,11.226275138413762,147.59769315886857,0.25016646123474345,0.0
